:0200000480007A
:200020004E414E006E616E00494E4600696E6600000600F000AE03F00100000000000000F4
:20004000000600F000AF03F00300000001000000000600F000AE03F00000000090000000DD
:20006000000600F000AE03F00100000090000000000600F000AF03F002000000900000002E
:20008000000600F000AF03F00300000090000000000A2CF000A003F0040000000000000078
:2000A000000A2CF000A003F00800000001000000000A2CF000AD03F00000000002000000B6
:2000C000000A2CF000AD03F00100000003000000000A2CF000A003F00800000098000000FD
:2000E000000A2CF000AD03F00000000090000000000B2CF000B503F00200000004000000D5
:200100000000000000000000000000000000000000000000000000000000000000000000DF
:200120000000000000000000000000000000000000000000000000000000000000000000BF
:2001400000000000000000000000000000000000000000000000000000000000000000009F
:2001600000000000000000000000000000000000000000000000000000000000000000007F
:2001800000000000000000000000000000000000000000000000000000000000000000005F
:2001A00000000000000000000000000000000000000000000000000000000000000000003F
:2001C00000000000000000000000000000000000000000000000000000000000000000001F
:2001E0000000000000000000000000000000000000000000000000000000000000000000FF
:20020000000B2CF000B503F00500000098000000000700F000AF03F00100000000000000D8
:20022000000700F000AF03F00500000001000000000700F000B403F0090000000200000076
:20024000000700F000AB03F00A00000004000000000700F000C103F00D000000050000003E
:20026000000700F000A203F00300000006000000000700F000A203F00200000090000000CB
:20028000000700F000AB03F00C00000090000000000700F000AF03F0000000009000000004
:2002A000000700F000AF03F00100000090000000000700F000AF03F00400000090000000E7
:2002C000000700F000AF03F00500000090000000000700F000B403F00A00000090000000B8
:2002E000000700F000C103F00C00000090000000000700F000C103F00D000000900000006F
:20030000000800F000AE03F00300000000000000000800F000A203F00100000001000000B2
:20032000000800F000AA03F00600000003000000000800F000C103F0080000000400000067
:20034000000800F000A203F00000000006000000000800F000A203F00000000090000000ED
:20036000000800F000AA03F00500000090000000000800F000AE03F0020000009000000028
:20038000000800F000AE03F00300000090000000000800F000C103F00800000090000000ED
:2003A000000800F000C103F00900000090000000000900F000AF03F0070000000000000056
:2003C000000900F000B403F00300000002000000000900F000A003F00100000004000000E7
:2003E000000900F000B503F00600000005000000000900F000A003F000000000980000002D
:20040000000900F000A003F00100000090000000000900F000AF03F006000000900000008E
:20042000000900F000AF03F00700000090000000000900F000B403F000000000900000005A
:20044000000900F000B403F00300000090000000000900F000B503F0070000009000000031
:20046000000A00F000A003F00C00000000000000000A00F000A003F009000000A8000000A5
:20048000000B00F000A003F00600000000000000000B00F000C103F0040000000100000014
:2004A000000B00F000B603F00300000002000000000B00F000A003F007000000900000006E
:2004C000000B00F000B603F00200000090000000000C00F000B603F000000000040000003D
:2004E000000C00F000B703F00100000005000000000C00F000B603F000000000B8000000F3
:20050000000E00F000C103F00600000003000000000E00F000C103F007000000A0000000C7
:20052000000F00F000B403F00600000004000000000F00F000B403F00700000090000000CE
:20054000000600F000000000000700F001000000000800F002000000000900F003000000B7
:20056000000A00F004000000000B00F005000000000C00F006000000000D00F00700000077
:20058000000E00F008000000000F00F009000000000A2CF00A000000000B2CF00B000000EB
:2005A0000050C348640000000050C3486400000014000000000000000000000001000000A8
:2005C000000000000000000000000000000000000000000000000000000001010700000012
:2005E00000000901000000000602000000000A0300000000000000000000000001010000DA
:2006000000000000002A00F000000000002B00F001000000000000000000000000000000A4
:2006200000000000000000000000000000000000000000000000010000010F00010F000099
:20064000000000000000000000000000000000AFFF0F00AF001000AFFF1F00AF002000AFD3
:20066000FF2F00AF003000AFFF3F00AF004000AFFF4F00AF005000AFFF5F00AF006000AFCA
:20068000FF6F00AF007000AFFF7F00AF008000AFFF8F00AF009000AFFF9F00AF00A000AFAA
:2006A000FFAF00AF00B000AFFFBF00AF00C000AFFFCF00AF00D000AFFFDF00AF00E000AF8A
:2006C000FFEF00AF00F000AFFFFF00AF000001AFFF0F01AF001001AFFF1F01AF002001AF65
:2006E000FF2F01AF003001AFFF3F01AF004001AFFF4F01AF005001AFFF5F01AF006001AF42
:20070000FF6F01AF007001AFFF7F01AF008001AFFF8F01AF009001AFFF9F01AF00A001AF21
:20072000FFAF01AF00B001AFFFBF01AF00C001AFFFCF01AF00D001AFFFDF01AF00E001AF01
:20074000FFEF01AF00F001AFFFFF01AF000002AFFF0F02AF001002AFFF1F02AF002002AFDC
:20076000FF2F02AF003002AFFF3F02AF004002AFFF4F02AF005002AFFF5F02AF006002AFB9
:20078000FF6F02AF007002AFFF7F02AF008002AFFF8F02AF009002AFFF9F02AF00A002AF99
:2007A000FFAF02AF00B002AFFFBF02AF00C002AFFFCF02AF00D002AFFFDF02AF00E002AF79
:2007C000FFEF02AF00F002AFFFFF02AF000003AFFF0F03AF001003AFFF1F03AF002003AF54
:2007E000FF2F03AF003003AFFF3F03AF004003AFFF4F03AF005003AFFF5F03AF006003AF31
:20080000FF6F03AF007003AFFF7F03AF008003AFFF8F03AF009003AFFF9F03AF00A003AF10
:20082000FFAF03AF00B003AFFFBF03AF00C003AFFFCF03AF00D003AFFFDF03AF00E003AFF0
:20084000FFEF03AF00F003AFFFFF03AF001800F00200000000A003F0080000000000000001
:20086000001800F00200000000C103F00600000001000000001800F00200000000A003F016
:200880000700000000000000001800F00200000000C103F00700000001000000001800F083
:2008A0000300000000A203F00700000000000000001800F00300000000A203F006000000F3
:2008C00000000000001800F00400000000A003F00900000000000000001800F00400000064
:2008E00000C103F00500000001000000001800F00400000000A203F0080000000000000095
:20090000001800F00500000000B503F00600000000000000001800F00500000000AA03F072
:200920000100000001000000001800F00500000000B503F00700000000000000001800F0F1
:200940000500000000AA03F00300000001000000001800F00600000000B403F0000000003C
:2009600000000000001800F00600000000B403F00300000000000000001800F006000000B1
:2009800000AA03F00200000001000000000002000000000000A203F0000000008800000098
:2009A000000002003000000000B603F00100000088000000000002003500000000B503F0F4
:2009C0000200000088000000000002005500000000AE03F005000000880000000000020006
:2009E0000800000000A203F00800000088000000000002000900000000A003F0000000002C
:200A000088000000000102000A00000000A003F00100000088000000000102000B00000017
:200A200000A003F00200000088000000000102000100000000A203F0010000008800000077
:200A4000000102001F00000000C103F00900000088000000000102002F00000000B603F054
:200A60000000000088000000000102003600000000B503F00300000088000000000102007F
:200A80005400000000AE03F00400000088000000000202000C00000000A003F0030000002F
:200AA00088000000000202000200000000A203F00200000088000000000202002100000064
:200AC00000C103F00B00000088000000000202003700000000B503F0040000008800000060
:200AE000000202005300000000AE03F00300000088000000000302000D00000000A003F0CE
:200B00000400000088000000000302000300000000A203F00300000088000000000302001C
:200B20003100000000B603F00200000088000000000302003800000000B503F00500000067
:200B400088000000000302005200000000AE03F00200000088000000000402000E00000077
:200B600000A003F00500000088000000000402000400000000A203F004000000880000002A
:200B8000000402003200000000B603F00300000088000000000402003900000000B503F002
:200BA0000600000088000000000402003D00000000B403F00300000088000000000402002C
:200BC0005100000000AE03F00100000088000000000502000F00000000A003F006000000EB
:200BE00088000000000502002800000000C003F00400000088000000000502003A000000BE
:200C000000B503F00700000088000000000502000500000000A203F005000000880000006F
:200C2000000602001000000000A003F00700000088000000000602002A00000000B703F09E
:200C40000100000088000000000602003B00000000B403F000000000880000000006020091
:200C60000600000000A203F00600000088000000000702001100000000A003F00800000096
:200C800088000000000702004000000000B403F0080000008800000000070200070000003C
:200CA00000A203F00700000088000000010003000000000000A203F00000000088000000EF
:200CC000010002004400000000B403F00C00000088000000010002004C00000000AF03F0A1
:200CE0000500000088000000010002004D00000000AF03F0060000008800000001000300E3
:200D00000800000000A203F00800000088000000010003000900000000A003F00000000006
:200D200088000000010102006700000000AA03F00100000088000000010103000A0000008B
:200D400000A003F00100000088000000010103000B00000000A003F002000000880000004A
:200D6000010103000100000000A203F00100000088000000010103001F00000000C103F077
:200D80000900000088000000010102004500000000B403F00D000000880000000101020039
:200DA0004E00000000AF03F00700000088000000010102004F00000000AF03F008000000B7
:200DC00088000000010102005600000000AE03F00600000088000000010202006800000095
:200DE00000AA03F00200000088000000010202006B00000000AA03F0050000008800000032
:200E0000010203000C00000000A003F00300000088000000010203000200000000A203F005
:200E20000200000088000000010203002100000000C103F00B0000008800000001020200B5
:200E40004600000000B403F00E00000088000000010202005000000000AE03F00000000019
:200E600088000000010302006900000000AA03F00300000088000000010302006C000000E1
:200E800000AA03F00600000088000000010303000D00000000A003F00400000088000000F4
:200EA000010303000300000000A203F00300000088000000010302004700000000AF03F019
:200EC0000000000088000000010403000E00000000A003F00500000088000000010403004C
:200EE0000400000000A203F00400000088000000010403003D00000000B403F003000000DE
:200F000088000000010402004800000000AF03F00100000088000000010503000F000000B7
:200F200000A003F00600000088000000010503002800000000C003F0040000008800000020
:200F4000010503000500000000A203F00500000088000000010502004100000000B403F071
:200F60000900000088000000010502004900000000AF03F002000000880000000106030059
:200F80001000000000A003F00700000088000000010603002A00000000B703F00100000040
:200FA00088000000010602004200000000B403F00A00000088000000010603000600000015
:200FC00000A203F00600000088000000010602004A00000000AF03F003000000880000006E
:200FE000010703001100000000A003F00800000088000000010702004300000000B403F0BE
:201000000B00000088000000010702004B00000000AF03F0040000008800000001070300AF
:201020000700000000A203F00700000088000000020002001200000000A003F009000000D3
:2010400088000000020002001A00000000C103F00400000088000000020002002000000086
:2010600000C103F00A00000088000000020002005E00000000AD03F003000000880000009D
:20108000020102001B00000000C103F00500000088000000020102005F00000000AB03F0ED
:2010A0000200000088000000020202001C00000000C103F00600000088000000020202003C
:2010C0006000000000AB03F00300000088000000020302001500000000A003F00C000000CC
:2010E00088000000020302001D00000000C103F00700000088000000020302006100000099
:2011000000AB03F00600000088000000020402001E00000000C103F0080000008800000039
:20112000020402002200000000C103F00C00000088000000020402006200000000AB03F035
:201140000900000088000000020502002300000000C103F00D000000880000000205090079
:201160004100000000B403F00900000088000000020502005B00000000AD03F000000000F2
:2011800088000000020502006300000000AB03F00A000000880000000206020064000000BD
:2011A00000AB03F00B00000088000000020602002400000000C003F0000000008800000095
:2011C000020602003E00000000B403F00600000088000000020602005C00000000AD03F08C
:2011E0000100000088000000020702006500000000AB03F00C0000008800000002070200B9
:201200003F00000000B403F00700000088000000020702005D00000000AD03F0020000004F
:2012200088000000030003001200000000A003F00900000088000000030003001A000000CA
:2012400000C103F00400000088000000030003002000000000C103F00A00000088000000E2
:20126000030003005E00000000AD03F00300000088000000030103001B00000000C103F009
:201280000500000088000000030103005F00000000AB03F00200000088000000030203002B
:2012A0001C00000000C103F00600000088000000030203006000000000AB03F003000000C7
:2012C00088000000030303001500000000A003F00C00000088000000030303001D0000001B
:2012E00000C103F00700000088000000030303006100000000AB03F0060000008800000015
:20130000030403001E00000000C103F00800000088000000030403002200000000C103F081
:201320000C00000088000000030403006200000000AB03F009000000880000000305030073
:201340002300000000C103F00D00000088000000030503005B00000000AD03F0000000001B
:2013600088000000030503006300000000AB03F00A000000880000000306030064000000D7
:2013800000AB03F00B00000088000000030603002400000000C003F00000000088000000B1
:2013A000030603003E00000000B403F00600000088000000030603005C00000000AD03F0A6
:2013C0000100000088000000030703006500000000AB03F00C0000008800000003070300D3
:2013E0003F00000000B403F00700000088000000030703005D00000000AD03F0020000006C
:2014000088000000608124F002388700FFFFFFFF648124F066D00000FFFFFFFF688124F06A
:2014200002380700FFFFFFFF6C8124F026980000FFFFFFFF248124F0C9000000FFFFFFFF36
:20144000088124F001003630FFFFFFFF0C8124F00807690BFFFFFFFF288124F08E042101FB
:20146000FFFFFFFF488124F0B6730835FFFFFFFF4C8124F0466C9402FFFFFFFF088124F06F
:2014800002003630FFFFFFFF108124F03B033600FFFFFFFF148124F01008690BFFFFFFFFA2
:2014A000508124F00E710834FFFFFFFF548124F0446C9402FFFFFFFF188124F00900360079
:2014C000FFFFFFFF1C8124F00808690BFFFFFFFF208124F0941C2300FFFFFFFF588124F06E
:2014E000B622081BFFFFFFFF5C8124F0466C9402FFFFFFFF2C8124F034040000FFFFFFFFCB
:20150000308124F0825A0000FFFFFFFF348124F009090712FFFFFFFF08000000041400809E
:20152000ACC5A7370200000064140080ACC5A7370D0000007C140080ACC5A73703000000A4
:2015400018150080160000004C150080608124F002388700FFFFFFFF648124F066D0000006
:20156000FFFFFFFF688124F002380700FFFFFFFF6C8124F026980000FFFFFFFF248124F0C1
:20158000C9000000FFFFFFFF0C8124F00807690BFFFFFFFF288124F08E042101FFFFFFFFF9
:2015A000488124F0B6730835FFFFFFFF4C8124F0466C9402FFFFFFFF088124F002003630C2
:2015C000FFFFFFFF108124F03B033600FFFFFFFF148124F01008690BFFFFFFFF508124F0E4
:2015E0000E710834FFFFFFFF548124F0446C9402FFFFFFFF188124F009003600FFFFFFFF21
:201600001C8124F00808690BFFFFFFFF208124F0941C2300FFFFFFFF588124F0B622081B2D
:20162000FFFFFFFF5C8124F0466C9402FFFFFFFF2C8124F034040000FFFFFFFF308124F0BF
:20164000825A0000FFFFFFFF348124F009090712FFFFFFFF00A003F00000000000A103F09B
:201660000100000000A203F00200000000AA03F00A00000000AB03F00B00000000AC03F0E3
:201680000C00000000AD03F00D00000000AE03F00E00000000AF03F00F00000000B403F08A
:2016A0001400000000B503F01500000000B603F01600000000B703F01700000000C003F026
:2016C0002000000000C103F02100000000C203F02200000000C803F028000000001C00F04F
:2016E00000B403F00C00000000000000001C00F000B403F00C000000A0000000001C00F0CC
:2017000000B403F00E00000098000000001C00F000B403F00B00000098000000001C00F01A
:2017200000B403F00D000000A8000000001C00F00000000000B403F00800000098000000FA
:20174000001C00F00D00000000AF03F00000000098000000001C00F00100000000B403F082
:201760000900000098000000001C00F00200000000B403F00D00000098000000001C00F062
:201780000300000000AB03F00A00000098000000001C00F00400000000AB03F00B0000004D
:2017A00098000000001C00F00500000000AB03F00200000098000000001C00F00600000036
:2017C00000B403F00A00000098000000001C00F00700000000C103F0050000009000000064
:2017E000001C00F00800000000B403F00600000098000000001C00F00900000000B403F0D4
:201800000300000098000000001D00F000AA03F00100000000000000001D00F000AB03F0D7
:201820000300000001000000001D00F000AA03F00100000090000000001D00F000AA03F0BF
:201840000300000098000000001D00F000AB03F00900000098000000001D00F000AA03F0F7
:201860000200000098000000001D00F000AB03F00600000098000000001D00F00000000078
:2018800000B403F008000000A0000000001D00F00A00000000AA03F00000000098000000AD
:2018A000001D00F00100000000B403F009000000A0000000001D00F00200000000B403F014
:2018C0000D000000A0000000001D00F00300000000AB03F00A000000A0000000001D00F0F6
:2018E0000400000000AB03F00B000000A0000000001D00F00500000000AB03F002000000E9
:20190000A0000000001D00F00600000000C103F00A00000090000000001D00F007000000B2
:2019200000C103F00500000098000000001D00F00800000000AA03F0040000009800000008
:20194000001D00F00900000000AA03F005000000A0000000001E00F000AF03F0040000007B
:2019600000000000001E00F000AF03F00700000001000000001E00F000B503F002000000F7
:2019800002000000001E00F000B503F00300000002000000001E00F000AF03F002000000D8
:2019A00004000000001E00F000AD03F00300000098000000001E00F000AF03F00500000025
:2019C00098000000001E00F000AF03F00600000098000000001E00F000AD03F00000000073
:2019E00098000000001E00F000AD03F00100000098000000001E00F000AF03F00300000055
:201A000098000000001E00F000AF03F006000000A8000000001E00F000AF03F00800000018
:201A200098000000001E00F00000000000AF03F00200000098000000001E00F001000000B5
:201A400000AE03F00200000098000000001E00F00200000000AE03F00600000098000000FC
:201A6000001E00F00300000000AE03F00300000098000000001E00F00500000000AF03F064
:201A80000100000098000000001E00F00600000000C103F00D000000A0000000001E00F02A
:201AA0000700000000B403F00A000000A0000000001E00F00800000000B403F0060000000B
:201AC000A0000000001E00F00900000000B403F003000000A0000000001F00F000A203F061
:201AE0000500000000000000001F00F000A103F00500000002000000001F00F000A103F094
:201B000006000000A0000000001F00F000A203F00600000098000000001F00F000AA03F031
:201B20000600000098000000001F00F000A103F007000000A0000000001F00F000A203F019
:201B40000700000098000000001F00F00000000000A203F00400000098000000001F00F097
:201B60000100000000A203F00000000098000000001F00F00200000000A203F00100000090
:201B800098000000001F00F00300000000A003F00500000098000000001F00F00300000059
:201BA00000A203F00200000098000000001F00F00400000000A003F002000000B00000009E
:201BC000001F00F00400000000A203F00300000098000000001F00F00500000000A203F019
:201BE0000800000090000000001F00F00600000000A003F00800000090000000001F00F0FE
:201C00000700000000A003F00900000090000000001F00F00800000000AA03F005000000D8
:201C200098000000002000F000C103F00D00000000000000002000F000B603F00100000081
:201C400001000000002000F000B503F00200000002000000002000F000B503F0030000000C
:201C600002000000002000F000B603F003000000A0000000002000F000B603F0000000004D
:201C800098000000002000F000C103F00C00000098000000002000F000B603F0000000008B
:201CA000A0000000002000F000B603F001000000A0000000002000F000B603F0030000006E
:201CC00098000000002000F000C103F00B00000098000000002000F00000000000C103F041
:201CE0000A00000098000000002000F00100000000C103F00900000098000000002000F0CC
:201D00000200000000C103F00800000098000000002000F00300000000B603F002000000AF
:201D200098000000002000F00700000000A203F00100000090000000002000F007000000B7
:201D400000C103F00700000098000000001C00F000000000001D00F001000000001E00F008
:201D600002000000001F00F003000000002000F004000000010102030405060608080A0AFB
:201D80000C0C0C0F0000003F0000803F0000A03F0000C03F0000004000002040002D310135
:201DA0000100001D0500001F0101000017B7513903000000041E008013012307FF0FFF0F88
:201DC00012021121BF0F3F3F011200000F3F000032000000FF000000000000003F000000A0
:201DE000000000003F000000000000003F000000F81D0080001E0080000000000000000032
:021E00000000E0
:121E0400030017B7D138020017B7D138010017B7D13841
:201E1800001000F000000000001100F001000000001200F0020000005345545F54454C452F
:0B1E38004D455452595F524154450083
:1A1E440053544152545F535445505F544553540053544F505F5445535400D7
:0D1E6000454E41424C455F4C4F4F505300E2
:201E70004552523A556E6B6E6F776E20636F6D6D616E642E2053656E642048454C50206699
:091E90006F72206C6973742E005E
:191E9C003D3D3D2050494420436F6D6D616E642048656C70203D3D3D001A
:201EB8005345545F53504545445F504152414D206B70206B69206B6420695F6C696D697499
:011ED8000009
:201EDC005345545F504F534954494F4E5F504152414D206B70206B69206B6420695F6C69BB
:201EFC006D6974005345545F5941575F504152414D206B70206B69206B6420695F6C696D68
:031F1C00697400E5
:201F20005345545F53504545445F544152474554206C6566745F6D70732072696768745FA8
:071F40006D7073000D0A0033
:171F48005345545F5941575F544152474554207961775F72707300FB
:1E1F60005345545F54454C454D455452595F52415445206D732028303D6F66662900B9
:201F800053544152545F535445505F544553542073706565645F6D707320647572617469F0
:061FA0006F6E5F6D73001F
:1D1FA800454E41424C455F4C4F4F5053206F75742073706420706F732079617700C7
:131FC8003D3D3D2050494420537461747573203D3D3D00D7
:201FDC0053504545445F504152414D5F4C3A204B703D252E3266204B693D252E3266204B55
:201FFC00643D252E326620495F6C696D69743D252E32660053504545445F504152414D5F8A
:20201C00523A204B703D252E3266204B693D252E3266204B643D252E326620495F6C696D18
:20203C0069743D252E326600504F534954494F4E5F504152414D3A204B703D252E326620DD
:1D205C004B693D252E3266204B643D252E326620495F6C696D69743D252E32660085
:20207C005941575F504152414D3A204B703D252E3266204B693D252E3266204B643D252EEB
:20209C00326620495F6C696D69743D252E326600454E41424C453A206F75743D25642073CB
:1620BC00706565643D256420706F733D2564207961773D2564003B
:0520D40048454C5000DE
:2020DC005441524745543A2073706565645F4C3D252E32662073706565645F523D252E323B
:0B20FC0066207961773D252E326600DA
:2021080054454C454D455452593A20726174653D25646D7320656E61626C65643D2564009F
:0E212800544553545F4D4F44453A2025640002
:202138004552523A55736167653A205345545F53504545445F504152414D206B70206B699A
:20215800206B6420695F6C696D6974004F4B3A53504545445F504152414D206B703D252ED1
:202178003266206B693D252E3266206B643D252E326620695F6C696D69743D252E3266004D
:202198004552523A55736167653A205345545F504F534954494F4E5F504152414D206B702A
:0F21B800206B69206B6420695F6C696D6974002E
:2021C8004F4B3A504F534954494F4E5F504152414D206B703D252E3266206B693D252E3205
:1721E80066206B643D252E326620695F6C696D69743D252E32660034
:202200004552523A55736167653A205345545F5941575F504152414D206B70206B69206BC6
:0A2220006420695F6C696D69740049
:20222C004F4B3A5941575F504152414D206B703D252E3266206B693D252E3266206B643D92
:12224C00252E326620695F6C696D69743D252E32660066
:202260004552523A55736167653A205345545F53504545445F544152474554206C6566743F
:0F2280005F6D70732072696768745F6D707300B3
:0B2290004745545F5354415455530020
:1E229C004F4B3A53504545445F544152474554204C3D252E326620523D252E3266008B
:2022BC004552523A55736167653A205345545F5941575F544152474554207961775F72707C
:0222DC0073008D
:1922E0004F4B3A5941575F54415247455420252E3266207261642F7300F6
:2022FC004552523A55736167653A205345545F54454C454D455452595F52415445206D73BF
:09231C002028303D6F666629009F
:112328004F4B3A54454C454D45545259204F4646001A
:17233C004F4B3A54454C454D455452595F524154452025646D7300E7
:202354004552523A55736167653A2053544152545F535445505F54455354207370656564FE
:112374005F6D7073206475726174696F6E5F6D7300E4
:202388004F4B3A535445505F544553542073706565643D252E3266206475726174696F6EA7
:0623A8003D25646D730089
:2023B0004F4B3A544553545F53544F50504544004552523A55736167653A20454E41424CA7
:2023D000455F4C4F4F5053206F75742073706420706F7320796177005345545F5350454582
:2023F000445F504152414D004F4B3A454E41424C45206F75743D2564207370643D256420B3
:0E241000706F733D2564207961773D2564006F
:2024200054454C454D455452592C256C752C252E33662C252E33662C252E33662C252E33B5
:20244000662C252E33662C252E33662C252E31662C252E31662C252E31662C252E34662C5F
:20246000252E34662C252E34662C252E34662C252E346600544553545F535445505F535443
:1224800041525400544553545F535445505F454E440052
:132494005345545F504F534954494F4E5F504152414D00A5
:0E24A8005345545F5941575F504152414D001A
:1124B8005345545F53504545445F5441524745540031
:0F24CC005345545F5941575F544152474554009F
:2024DC000000807F00020202020202020202030101010102020202020202020202020202AE
:2024FC00020202020204404040404040404040404040404040202020202020202020204072
:20251C0040404040404088888888888808080808080808080808080808080808080808084F
:20253C0040404040404090909090909010101010101010101010101010101010101010105F
:20255C0040404040020000000000000000000000000000000000000000000000000000005D
:20257C0000000000000000000000000000000000000000000000000000000000000000003F
:20259C0000000000000000000000000000000000000000000000000000000000000000001F
:2025BC000000000000000000000000000000000000000000000000000000000000000000FF
:0525DC000000000000FA
:0E25E400464F4C4C4F5720004779726F3A001B
:0725F4004D5F5261773A00D0
:0725FC004D5F52656C3A00CF
:0926040046696E205961773A0025
:0B2610006465670043757220583A00B3
:03261C00593A0028
:0D262000506F696E74733A005370643A0095
:1B26300043616C6962204F4B21205361766564006D2F730054677420583A00D6
:05264C004469733A002F
:022654006D0017
:12265800547261636B20526561647921202020202000A5
:15266C004B313A53746F70204B333A456E64204B343A45780078
:202684004B313A52756E204B323A4D2F43204B343A4578004B313A53746F70204B323A2DBF
:0926A4002D20204B343A4578004A
:1126B00043414C004D61672053616D706C65733A0005
:0D26C40043616C6962204661696C656400C9
:0526D4002F353030003D
:0E26DC0043616C69622053746172746564001E
:1326EC00494E5320436F6E74726F6C004750533A4F4B0032
:072700004750533A4E4F0011
:062708004D6F64653A000C
:202710005341564520202000696D755F6174743A252E33662C252E33662C252E33662C2580
:202730002E33662C252E33662C252E33660D0A00696D755F6D6167333A252E33662C252EC4
:0A27500033662C252E33660D0A00B7
:09275C0066696C653A20257300E2
:0D27680066696C653A206D646B2F25730067
:092778006C696E653A20256400CD
:192784000D0A66696C65202573206C696E652025643A2025732E0D0A0025
:1527A0000D0A66696C65202573206C696E652025642E0D0A00FF
:0D27B800417373657274206572726F720058
:2027C8002E2E2F6C69627261726965732F7A665F636F6D6D6F6E2F7A665F636F6D6D6F6EBB
:2027E8005F6669666F2E63000000000000000000002F000000000700070000147F147F14C6
:2028080000242A7F2A1200626408132300364955225000000503000000001C2241000000D6
:2028280041221C000014083E08140008083E0808000000A060000008080808080000606055
:202848000000402010080402003E5149453E0000427F4000004261514946002141454B31F0
:20286800001814127F10002745454539003C4A49493000017109050300364949493600063C
:202888004949291E0000363600000000563600000008142241000014141414140000412219
:2028A800140800020151090600324959513E007C1211127C007F49494936003E414141224E
:2028C800007F4141221C007F49494941007F09090901003E4149497A007F0808087F0000DA
:2028E800417F4100002040413F01007F08142241007F40404040007F020C027F007F0408D8
:20290800107F003E4141413E007F09090906003E4151215E007F0919294600464949493190
:202928000001017F0101003F4040403F001F2040201F003F4038403F0063140814630007DD
:202948000870080700615149454300007F414100020408102040000041417F0000040201DE
:202968000204004040404040000001020400002054545478007F48444438003844444420C3
:2029880000384444487F00385454541800087E0901020018A4A4A47C007F08040478000043
:2029A800447D4000004080847D00007F102844000000417F4000007C04180478007C0804B6
:2029C800047800384444443800FC242424180018242418FC007C080404080048545454204B
:2029E80000043F444020003C4040207C001C2040201C003C4030403C004428102844001CAC
:202A0800A0A0A07C004464544C44141414141414000000000000000000000000000000004E
:202A2800000000F800000000000000333000000000100C06100C06000000000000000000EF
:202A480040C07840C0784000043F04043F040400007088FC08300000001820FF211E00000A
:202A6800F008F000E018000000211C031E211E0000F00888700000001E21232419272110EA
:202A880010160E00000000000000000000000000000000E01804020000000007182040007D
:202AA80000020418E00000000040201807000000404080F0804040000202010F0102020088
:202AC800000000F0000000000101011F01010100000000000000000080B070000000000039
:202AE800000000000000000000010101010101010000000000000000003030000000000067
:202B08000000000080601804006018060100000000E010080810E000000F102020100F00C4
:202B2800001010F8000000000020203F202000000070080808887000003028242221300047
:202B480000300888884830000018202020110E000000C02010F8000000070424243F240078
:202B680000F80888880808000019212020110E0000E0108888180000000F112020110E00FD
:202B880000380808C83808000000003F000000000070880808887000001C222121221C00E0
:202BA80000E010080810E0000000312222110F00000000C0C00000000000003030000000A8
:202BC800000000800000000000008060000000000000804020100800000102040810200056
:202BE8004040404040404000040404040404040000081020408000000020100804020100BA
:202C0800007048080808F0000000003036010000C030C828E810E0000718272423140B0021
:202C28000000C038E0000000203C23020227382008F8888888700000203F202020110E00CC
:202C4800C030080808083800071820202010080008F808080810E000203F202020100F00A7
:202C680008F88888E8081000203F20202320180008F88888E8081000203F200003000000B0
:202C8800C03008080838000007182020221E020008F808000008F808203F210101213F2039
:202CA800000808F8080800000020203F2020000000000808F8080800C08080807F0000005E
:202CC80008F888C028180800203F20012638200008F8080000000000203F20202020300047
:202CE80008F8F800F8F80800203F003F003F200008F830C00008F808203F200007183F000A
:202D0800E01008080810E0000F10202020100F0008F808080808F000203F21010101000082
:202D2800E01008080810E0000F18242438504F0008F8888888887000203F2000030C3020DF
:202D480000708808080838000038202121221C00180808F8080818000000203F2000000084
:202D680008F808000008F808001F202020201F000878880000C83808000007380E0100001F
:202D8800F80800F80008F800033C0700073C0300081868808068180820302C03032C302099
:202DA8000838C800C83808000000203F2000000010080808C8380800203826212020180055
:202DC800000000FE020202000000007F40404000000C30C000000000000000010638C000AD
:202DE80000020202FE000000004040407F000000000004020202040000000000000000007A
:202E08000000000000000000808080808080808000020204000000000000000000000000A2
:202E280000008080808000000019242222223F2008F8008080000000003F112020110E00D9
:202E48000000008080800000000E112020201100000000808088F800000E112020103F200C
:202E68000000808080800000001F222222221300008080F0888888180020203F2020000031
:202E88000000808080808000006B94949493600008F8008080800000203F210000203F2011
:202EA80000809898000000000020203F20200000000000809898000000C08080807F00002C
:202EC80008F8000080808000203F24022D302000000808F8000000000020203F20200000A1
:202EE8008080808080808000203F20003F20003F8080008080800000203F210000203F20AE
:202F08000000808080800000001F202020201F00808000808000000080FFA12020110E006C
:202F28000000008080808000000E112020A0FF80808080008080800020203F21200001004A
:202F480000008080808080000033242424241900008080E0808000000000001F20200000CE
:202F68008080000000808000001F202020103F20808080000080808000010E30080601000D
:202F880080800080008080800F300C030C300F0000808000808080000020312E0E31200032
:202FA800808080000080808080818E701806010000808080808080000021302C22213000FB
:202FC80000000000807C020200000000003F404000000000FF00000000000000FF0000002C
:202FE8000002027C800000000040403F0000000000060101020204040000000000000000F6
:203008002E2E2F6C69627261726965732F7A665F636F6D6D6F6E2F7A665F636F6D6D6F6E72
:203028005F66756E6374696F6E2E6300524D430047474100544853002E2E2F6C69627261FD
:20304800726965732F7A665F6465766963652F7A665F6465766963655F6970733230302E8E
:02306800630003
:20306C0086028702620163012E2E2F6C69627261726965732F7A665F6465766963652F7A9D
:19308C00665F6465766963655F776972656C6573735F756172742E63007D
:2030A8002E2E2F6C69627261726965732F7A665F6472697665722F7A665F647269766572CC
:0B30C8005F656E636F6465722E63002D
:2030D4002E2E2F6C69627261726965732F7A665F6472697665722F7A665F647269766572A0
:0930F4005F666C6173682E6300D5
:203100002E2E2F6C69627261726965732F7A665F6472697665722F7A665F64726976657273
:073120005F70776D2E630064
:203128005C2601806826018074260180802601808C26018098260180A4260180B02601801F
:20314800BC260180C8260180D4260180E0260180EC260180F82601800427018010270180FD
:203168001C2701802827018034270180402701804C270180582701806427018070270180D7
:203188007C2701808827018094270180A0270180AC270180B8270180C4270180D0270180B7
:2031A800DC270180E8270180F4270180002801800C28018018280180242801803028018092
:2031C8003C2801804828018054280180602801806C2801807828018084280180902801806F
:2031E8009C280180A8280180B4280180C0280180CC280180D8280180E4280180F02801804F
:20320800FC2801800829018014290180202901802C29018038290180442901805029018027
:203228005C2901806829018074290180802901808C29018098290180A4290180B029018006
:20324800BC290180C8290180D4290180E0290180EC290180F8290180042A0180102A0180E4
:203268001C2A0180282A0180342A0180402A01804C2A0180582A0180642A0180702A0180BE
:203288007C2A0180882A0180942A0180A02A0180AC2A0180B82A0180C42A0180D02A01809E
:2032A800DC2A0180E82A0180F42A0180002B01800C2B0180182B0180242B0180302B018079
:2032C8003C2B0180482B0180542B0180602B01806C2B0180782B0180842B01808E2B018058
:2032E800982B0180A22B0180AC2B0180B62B0180C02B0180CA2B0180D42B0180DE2B01808E
:20330800E82B0180F22B0180FC2B0180062C0180102C01801A2C0180242C01802E2C0180E8
:20332800382C0180422C01804C2C0180562C0180602C01806A2C01802E2E2F6C69627261FC
:1F334800726965732F7A665F6472697665722F7A665F6472697665725F7370692E630083
:203368002E2E2F6C69627261726965732F7A665F6472697665722F7A665F64726976657209
:0C3388005F756172742E630000A03CFFB2
:1233980073646820737468A0036568CA0BC300300090AD
:2033B0000F05D011174580010B00D0010F00B02142218B0101110F2010006B05002000900F
:2033D0003256FF0626003B00FEFF3FF617000F6510308B0602601745802600903256FF06E0
:2033F00018003B00FEFF3FF60F000F6500308B060260174580260090A2F63705C13F0F65B8
:2034100010200090A2F682030F6500200090DA207FF60700174580360F6400200090A2F658
:2034300082020F6400300090820C822D3C130757FFCF8755BFDFCE57460546048B1480407A
:203450008B05A050CE77460746068B1680608B07A07082028203820082013A260B2700F249
:203470006E023C4F0B6430F10B7500F20B75A0F26E04024002513C453A640B7500F26E0324
:2034900082123C3F3B0004E00B6030F10B7100F20B71A0F2DE1087559FFF06116701801F60
:2034B0008B1FE0060248025906156745805F0614C2FE3CEB0284029506F067101F0006F180
:2034D000C21E82087AE86E1D87559FFF06116701801F8B1FE0060B60C0A00B71D0B007BBD4
:2034F0009FFF06156745805F061406136723803F8B1FE0266E0302A002B1C2183FE8E67F20
:2035100076C7460346028B1280208B03A030DF2D0B00071DE0FF76F7460146008B10800003
:203530008B01A01000903B00034040F440C50070910000F7DA1759FFC08000702E148F1B1B
:2035500000F1AA10020F007074DF3B00034040C4007061000E00370A6800DA0A4BF01102A0
:203570000070610006003BE0024040C4007054DFC21F74DF0070DA0C7FF40B00538420F071
:20359000910000F8D9FF405010FFD4F23C02A0023C0100902010094F4C18161F3C018200C8
:2035B0003E0782203E0782405F0F28003C2982023C298202910000F8D9FFF45149FF000AAD
:2035D00049A2000AA0F404FF242FFC4E913000FF39FF0016160F6E0F82246D00BA1D913057
:2035F00000FF39FF0016160F10AF14FF4B0F61F14BF251203C013C066D00391C3C03820219
:203610003C013C01009082F282003C17538020F0910000F8D9FF405010FFD4FF7D4F0D8038
:20363000538020F0910000F8D9FF405010FF481F370F48203C04C210BFC0EAFF3C0100903B
:20365000404F40F46DFFA8FF09FFD408370F6CF0C21F4B0F41F14BF251203C0100906DFFAA
:20367000D4FF53C220F060FF9140003F30F3D93F101849F2080A3C0100906DFFC6FF53C210
:2036900020F060FF9140003F30F3D9321018B0423C0100906DFFB9FF53C220F060FF91400D
:2036B000003F30F3D93210183C010090494F081A3C0554FF345FB015C2F4FF14FCFF0242EA
:2036D0003C0100902010404F0B541088026A89A7080909FF4C18161F78033C0140F46DFFB1
:2036F000B1FFC2188B4860F3370F68F074AF8B1A60F3370F68F0780154AF4B0F61F14BF947
:2037100041503BF026F19B3FA8F34BF5413082044B5251004B00716182108F461FF06E0D1E
:203730007B0018144B1941104B1251104B0171118F411FF06E023C010269821882074B002C
:2037500061014B0241F04B0661014B0F51006B0031F582014B1F01F0AE046B0031B53C0568
:203770006B0031F567FFBFBF4B3B01F016038B0F20F26E028214822D3C39DF2D058082103B
:20379000821E3C0773D70A004B8011028B1000E03C234B0D61A14BA241A0036D0AC04B0C71
:2037B00061F14BFA51C06B0C31F5820A4BAF01F0AE046B0C31A53C056B0C31F567FFBFAF8C
:2037D0004BAB01F0370F61F16E0602AB02D8036D0A900207C2107F0EDEFF4B3B01F0160380
:2037F0008B0F20F26E023C09C21DF647736D0AF03BF0FF007FF0C3FF820440F46D003600AA
:2038100009FFE00837097000370F0CF089FFA00809FFE20837087000370F0CF089FFA20871
:2038300009F0560854AFC2FF370F68F037F004F089FF160809F05708580137F004F089FFAA
:20385000170858026E03DA013C02DA0009F0570837F081F389FF170840F409A40C096D007E
:20387000050082123C010090094F4C18374F05F0894F0C18F6493C01094F4F18370FE1F34A
:203890003C01EEFB3C093C01094F4F18370FE1F33C01DF1FFBFF0090494F041A3C0A145F63
:2038B00074FFB015C2F43C010C4E161FFF1FFE7FFF14F7FF02423C0100902008F4A4405D2C
:2038D000D4DFF44F40F46D00BE07820440F46DFFCDFFDA0009F05A0837F002F089FF1A0892
:2038F00009DFC80809F0D408C2FF370F70F037F00CF0ACFA09D46C0840F46DFFB7FF09D477
:20391000040909D54A0809D64D0809D74C0840F46DFFDAFE0228820440F46DFFA7FF09DF9C
:203930007C086E0382103C028200087F370F01F22CF709DF56086E03DA013C02DA0009F0AA
:203950005B0837F001F389FF1B0809DF540809F05B0837F081F389FF1B0809DF510809F00E
:20397000590837F083F089FF190809DF530809F05B0837F001F289FF1B0809DF550809F0F1
:203990005C0837F004F089FF1C0809D0580808CF370F02F32CFC09DF590809F0500837F0B8
:2039B00002F389FF100809DF500809F0D80837F003F3ACFC09D05A0808DF8BF0200337008D
:2039D0006800370F04F02CFD09DF5B0809F051088BFF20F3370F68F037F004F089FF110878
:2039F00009D05D0808CF370F02F22CFC09DF5E0809F0500837F002F289FF100809DF5208A4
:203A100009F05A0837F002F089FF1A0809DCA809BD0C7900D4CEBD0E280009C0040809C964
:203A30005D084CE16E2109E4840909E44808370068506D00400A09E4840909E448080295AA
:203A50006D006B0AD4E2DA016E0382103C0282000C27370F81F22C27D4E20CEC09204608BC
:203A700037F002F02C2609CE8809BD0E1E0009C00C0809C95D084CE16E1709E4840909E44D
:203A90004808370068506D00160A09E4840909E4480802956D00410AD4E20CEC0920440821
:203AB00037F003F02C2409CE9009BD0E150009C5540809C95D0809E4840909E448080CEC2C
:203AD000A6F56D00F80909E4840909E4480802956D00230A09CE9809BD0E150009C55C085B
:203AF00009C95D0809E4840909E448080CECA6F56D00E10909E4840909E4480802956D0023
:203B10000C0A09D46C0840F46DFFB0FEDA0089FF001982FF6CFFDA00D4A22C2E09DF6D0872
:203B30002E0CDA016E03DA013C02DA0009F0421837F001F089FF021809DF6D082E1CDA016D
:203B50006E03DA013C02DA0009F0421837F001F189FF021809DF6D082E2CDA016E03DA0105
:203B70003C02DA0009F0431837F001F189FF031809DF6D082E3CDA016E03DA013C02DA0007
:203B900009F0431837F081F189FF031809DF6D082E4CDA016E03DA013C02DA0009F043181B
:203BB00037F001F389FF0318DA002C2DDA002C2C09DF7D082C2FD20089205409DA006C24C8
:203BD0000C2F82003E0482103E043C0682193C063BC000903C0382093C014CDC6E0C09D4D2
:203BF000B00909D4AE0802956D005923D4A4894284093C0909D4AE0802956D003C23D4A466
:203C1000894284094CDE6E0C09D4B80909D4B40802956D004423D4A4894288093C0909D400
:203C3000B40802956D002723D4A48942880909D9660809DFE208EE03DF19228040F46DFF49
:203C50001EFD09DFE2081420370F68F037F008F0342F0C21379F83F12C210C2396022C2339
:203C7000DA016E03DA013C02DA0009F0431837F001F289FF03180C2196042C2109DFE00800
:203C9000EE03DF19228040F46DFF06FD09DFE0081420370F68F037F008F0342F0C21379FBF
:203CB00083F12C210C2396022C23DA016E03DA013C02DA0009F0431837F081F389FF03184C
:203CD0000C2196042C2109DFE4086E2140F46DFFC8FC09DFE4081420370F68F037F008F034
:203CF000342F0C21379F83F12C210C2396022C23DA016E03DA013C02DA0009F0421837F0BE
:203D100001F089FF02180C2196042C21DA016E03DA013C02DA0009F0500837F081F089FF3C
:203D30001008DA016E0382103C02820008CF370F81F02CFC09FF5008960189FF100808CF99
:203D500096012CFC02823C010090F445DA00894F3C08DA02894F2C08DA01AC447B107EF464
:203D70006C41DA032C4ADA002C4CDA032C4DDA00894F1008DA01894F1108DA01894F120828
:203D9000DA00894F1308DA00894F1608DA00894F1408DA07894F1508DA01894F1808DA0124
:203DB000894F1908DA00894F1A08DA00894F1B08DA00894F1C08DA00894F1D08DA00894FF2
:203DD0001E08DA00894FA208DA00894FA008DA00894FA408DA00894F2608DAFF894F2D08D3
:203DF000A00FEC4AA00FEC4EA00FEC4CDA00894FAE08DA00894FB408DA00894F3D080090A1
:203E1000D44F09FF760816013C016E0909FF7E08960189FF3E080C4E96012C4E09FF76083A
:203E3000370F61F13C016E0909FF7E08960489FF3E080C4E96022C4E09FF7708370F61F1A5
:203E50003C016E0909FF7F08960489FF3F080C4E96042C4E09FF7708370FE1F13C016E09E5
:203E700009FF7F08960889FF3F080C4E96082C4E09FF7708370F61F33C016E0909FF7F0860
:203E9000964089FF3F080C4E96102C4E0090404F6D00F81F022F02F46D00F41E821074F0B4
:203EB00002F46D000F203C0114FF370FE1F0BA0F3C01DF1FFB7F0090404F6D00E31F022FBC
:203ED00002F46D00DF1E14F0B700010034F002F46D00F81F3C0114FF370FE1F0BA0F3C01AB
:203EF0006EFB0090FF240B00538420F0910000F8D9FF448010FFD4F23C02A0023C010090FD
:203F100082F282003C17538020F0910000F8D9FF448010FFD4FF7D4F0D80538020F0910091
:203F300000F8D9FF448010FF481F370F48203C04C210BF20EAFF3C01009002486DFFE2FF7B
:203F5000914000FFD9FF00B8530221F010FF534820F010F23C0100907643DF140980094F75
:203F70006C28375F02F0894F2C283C42DF240400DF340980094F6C28375F02F1894F2C2827
:203F90003C37DF440400DF540980094F6C28375F02F2894F2C283C2CDA0C7E48094F6C2819
:203FB000375F02F3894F2C283C23DA0A3E43DA0D7E48094F6D28375F02F0894F2D283C18D3
:203FD000DF640400DF740980094F6D28375F02F1894F2D283C0DDA083E43DA097E48094F5E
:203FF0006D28375F02F2894F2D283C0200A00090404F0B451088026A6D00DC18022B4B8BB0
:2040100051406D00F933022082033C0782224B200102F6023C05C213DA103FF3F9FFDA105E
:204030007FF34B8076A682204B0911029AF03C029AF9370F700009F1E4083701100089F056
:20405000A408DA018200820137F101133701011789F138198F7300F1820053802010827003
:204070000F10000009F2301982F4C64026020F1F00F0A6F289F230198F8300F18B0F20F200
:204090006E0DDA00538F20F0C23F82100FF0000009FF3019A60F89FF301909FF701837AFEA
:2040B00081F389FF3018DA010F3F00F04B0F61F14BFB51203C0282023C01009009405408FC
:2040D0000C5C8B4FA0F237F001F3894F1408094051080C5C37F002F3894F11080090404FB7
:2040F000024F02586D00661802294BF951406D008333022082033C0782224B200102F60203
:204110003C05C213DA103FF3F9FFDA107FF33F80C2F83708700009F1D4183701100089F03A
:204130009418820082118202370201233712012789F238198F7300F1821053802010827016
:204150000F10000009F2301982F4C64026020F1F00F0A6F289F230198F8300F18B0F20F21F
:204170006E0DDA01538F20F0C23F82100FF0000009FF3019A60F89FF3019DA010F3F00F065
:204190004B0F61F14BF951203C0282023C010090094054080C5C8B4FA0F237F081F3894F33
:2041B0001408094054080C5C37F002F0894F14080090404D405FC86C89DC900914CF370FA2
:2041D000E1F0BA0F3C01EE0440C46DFF77FE09FF5C081E1409FF5D086E5CDA0182100FF0E0
:2041F00000004CC1260F6E03DA013C02DA003C01EE08DA0182100FF000004CC1A60F6CC17B
:2042100009FF69086E2248BF6E05C864C8B56DFFC1FFDA0109F07008532F2010C2218232A1
:204230000F1200204CC582F3C632262F0F100000A60F6CC5483F370F70F009C0D41837F04C
:2042500010F089CF94183C064824483540C46DFF48FF09FFF80809C0D01837F010F089CF30
:20427000901809FF5D186E1409FF5D08EE1109FF7A0809C0741837F003F189CF341809FF75
:204290007B0809C0741837F082F289CF34183C0109FF5C086E0709FF5D18EE0409FF5D08FD
:2042B0006E644818820182100F1000004CC126F07603DA013C02DA003C01EE0882008211B1
:2042D0000F0100104CC1A61F6CC109FF5D186E0B09FF5D08EE08484F6E0609FF7A085E5211
:2042F00048483C0109FF60086E31489F6E05C864C8956DFFE5FEDA0009F06808532F20F0CB
:204310009221DA030F1F00204CC582F3C632262F0F100000A60F6CC509FF740809C0701802
:2043300037F081F389CF301809FF74085E16DA024BF811028BF01F80370870F009C0E4089A
:2043500037F010F089CFA4083C0854F409F6740840C402856DFF4EFE09FFF60809C0E00821
:2043700037F010F089CFA00809FEA019BD0E2300D4ECBCCF09EF080809C4840909C448088E
:20439000370F68506D009705D4C440C56DFF98FE09EC8409BCCF09EF080809C4840909C42B
:2043B0004808370F68506D008605D4C440C56DFFF1FE09FFFE086E2CC86209F07C08DA0185
:2043D0000F0F00F009203029A6F089203029C86409F47C0809F57D086DFFC0FDC86409F423
:2043F0007D086DFFACFD09F0401809FFFE081421370F68F037F108F0342F0C21370F83F177
:204410002C210C2396022C230C2196042C2109FFC4186E2CC86209F04218DA010F0F00F031
:2044300009203029A6F089203029C86409F4421809F543186DFF92FDC86409F443186DFF8B
:204450007EFD09F0461809FFC4181421370F68F037F108F0342F0C21370F83F12C210C23DD
:2044700096022C230C2196042C2109FFCA186E2CC86209F04818DA010F0F00F009203029BF
:20449000A6F089203029C86409F4481809F549186DFF64FDC86409F449186DFF50FD09F083
:2044B0004C1809FFCA181421370F68F037F108F0342F0C21370F83F12C210C2396022C23FE
:2044D0000C2196042C2109FFD0186E2CC86209F04E18DA010F0F00F009203029A6F08920FB
:2044F0003029C86409F44E1809F54F186DFF36FDC86409F44F186DFF22FD09F0521809FF3A
:20451000D0181421370F68F037F108F0342F0C21370F83F12C210C2396022C230C2196043C
:204530002C2109FF5C0889DF140849FF141A49D2180AA02444FF642FFC4E009020689100EE
:2045500000F8D9FF606049FF000A49A2000AC506180044FF642FFC6E49AF000A4942000ABA
:20457000C506180044FF642FFC6E894598090090404F09FF5408DF1F3780C842DA008210EB
:20459000820137F10113370101178921381909FF6108EE28487F6E1BC842821009FF60081E
:2045B000532020008B80001082300F1000000922341982F3C63026020F1F00F0A6F2892200
:2045D0003419C844C8756DFFE5FD3C0BC842DA008210820137F18110370181148921381926
:2045F0003C013C0109FF54086E0409FF61086E32C842DA018200820137F1011337010117D4
:2046100089213819486F6E1BC842820009FF6008532020008B80001082300F1000000922A9
:20463000341982F3C63026020F1F00F0A6F289223419C844C8656DFF43FD3C0BC84FDA01BE
:204650008200820137F181103701811489F138193C010090DA000950DA08370F0EF0095075
:204670005C08370F03F809505D08370F81F909505E08370F01FA09505F08370F83FA09502B
:204690006108370F01FE09506008370F03FC6C458201095064083701031009506508370114
:2046B0008111095066083701041409506B083701011A09506708370103120950680837010C
:2046D0008113095069083701041609506C083701811A09506A083701041809506D08370155
:2046F000011B09506E083701011C09506F083701811C095F70086E0382203C028200095FAA
:2047100071086E03DA013C02DA00A6F03701021D095F720837F1041E89411009095F04083C
:20473000534F20F0D45FD4FF10FF19F0C081095F730837F00102095F0408534F20F0D45FF2
:20475000D4FF10FF59F0C081095F06096C42095F0A096C43095F16096C41095F1209744F14
:20477000095F6A086E0A095F6A081E17095F6A081E24095F0E096C460090F4450090404F93
:20479000405CD4C2D42DF4FD09CF04082CF409CF0408530F22F010D2D9220002E822C824B4
:2047B00040C56DFF59FF820009CF63086E05DA0137F001083C04DA0137F0810809FF0408FE
:2047D000534F20F010D25920C08109CFF4086E22D4F209FF0408BC21534F20F060FF91407E
:2047F000003F30F3D93F30D83C0109C0760809CFF40814F1370F68F037F108F034FF081FB2
:20481000370F83F12CF1083F96022CF3081F96042CF100902038910000F8D9FF548049FF70
:20483000000A49A2000AA0D644FF642FFC6E49AF000A4942000AA0D644FF642FFC6EF4452D
:204850000090404F6D001E1B022F02F46D001A1A14F0B700010034F002F46D00331B00909A
:20487000404C025809C488090CCC3704685002F46D00210309C4880909C44C0802856D001F
:204890004C030CC482203E0B8230BE018240BE078250BE0D82605F0F23003C29D4CF09C025
:2048B0005008084F370F81F02CF43C22D4CF09C05008084F370F02F22CF43C1AD4CF09C0CD
:2048D0005008085F370F02F02CF53C12D4CF09C05008085F370F81F12CF53C0AD4CF09C0AC
:2048F0005008085F370F81F22CF53C023C010090404C025809C488090CCC3704685002F4FF
:204910006D00D90209C4880909C44C0802856D0004030CC482203E0B8230BE018240BE0712
:204930008250BE0D82605F0F23003C29D4CF09C05008084F370F01F02CF43C22D4CF09C0B6
:204950005008084F370F02F12CF43C1AD4CF09C05008084F370F02F32CF43C12D4CF09C0B9
:204970005008085F370F01F12CF53C0AD4CF09C05008085F370F01F22CF53C023C01009039
:20499000404F6D007F1A022F02F46D007B1991A0003030F3D933C04F1430B700010091A07E
:2049B000003030F3D933C04F343002F46D008A1A0090094F302953242000570F62F0EE038D
:2049D00082023C076D0008004B0F61F14BF251203C010090913000FF39FF3006370F64F29A
:2049F000EE0382023C105E186D00E4137B0000F44BF241203C0882046D00AB134B0F61F15E
:204A10004BF251203C013C01009037046800DA084BF00102DA0203F10AF6370F68F0DF15A9
:204A3000068082220FF210203C0482120FF210203C010090404F026F82066DFFE8FF6E04EC
:204A5000681268223C0268120090404F026F82066DFFDDFF6E04684268523C0268420090DC
:204A7000404F3B0001606DFFD2FF74F20090404F024F0269820602F46DFFC9FF02283B0066
:204A900001600BF910486DFFC2FF8F0201F0A6F868680090DA01744F0090804F5304280020
:204AB000420F60FF3C0148423C010090BC41DA024BF50102534020F053042100600F91402B
:204AD000003F30F3D93FF0B810F23C010090804F53042800420F60FF3C0168550090804F7E
:204AF00053042800420F60FF3C0168350090804F53042800420F60FF3C0168450090804FC6
:204B100053042800420F60FF3C0168250090804F53042800420F60FF3C01481F375F02F0D2
:204B30006CF10090804F53042800420F60FF3C014890DA006CF948BF375F02F06CFB689038
:204B50007663DA013C02DA0037F001F0767382103C028200370F81F06CF90090804F530454
:204B70002800420F60FF3C01DF15048082103C028200481F370F81F56CF10090404C405F0B
:204B90008218D4F2F4C2084F2CC4084F3B008000E20FD4F2102291F000303023D93D00088B
:204BB00089CD880909FF05082CC549DE001A89CE8C0909FF53085E1709F40508821540E42E
:204BD0006DFF50FF09F405088215821640E46DFF50FF09F4050809F5500840D46DFFC0FF53
:204BF00009F40508086540D46DFF93FF487F6E08C87409F4600809F561086D00310109FF30
:204C100056081E1509FF5708DF1F278009F4050809F5580809F6560809F7570840D46DFF43
:204C300083FFD4F4084409F505086DFF41FF09F0590809FFDA081421370F68F037F108F0E0
:204C5000342F0C21370F83F12C210C2396022C230C2196042C2109FF53085E1E09F405089A
:204C7000482540D46DFF4DFF09F40508483540D46DFF37FF3C0D09F40508482540D46DFF6E
:204C900038FF09F40508483540D46DFF22FF09F405088215820640E46DFFCEFE09F4050816
:204CB0008215820640E46DFFD2FE09FF54085E1509C48C096DFFF0FE02823C010090F44548
:204CD000DA002C44DA002C45DA146C42DA0A6C43DA01894F1008DA022C46DA00894F11081C
:204CF000DA00894F1308DA01894F1408DA00894F1608DA00894F1708DA02894F1808DA00B9
:204D1000894F1908DA00AC4DA00FEC47DA80894F2008DA00894F21080090404F024FC83434
:204D300009F40508821502F66DFF86FEC83409F40508821502F66DFF8AFEC8346DFFACFE3F
:204D50000090404F024FC83409F40508820502F66DFF72FEC83409F40508820502F66DFF81
:204D700076FEC8346DFF98FE0090594400C00090194F08C0370F78F04B0F41F1194004C0AD
:204D9000370078004B0041014B0F51F06D0006004BF241203C01009082046DFF0CFE3C0115
:204DB0000090404F0B54108840F46DFFE3FF4B8251007B00F8136B0131004B0071814B087A
:204DD00061116B0131007B00F0134B1001F0370F61F16E02C2186D005518022A02A46D00EF
:204DF0005117DA00BE90DA013E9EDA023E9CDA033E9ADA043E98DA053E96DA06BE91DA077A
:204E1000BE9C3C28534920F010F2534920F010FF19FF0CC0378F18F0592F0CC03C1C534961
:204E300020F010F2534920F010FF19FF0CC0378F18F0592F0CC03C0F534920F010F25349FA
:204E500020F010FF19FF0CC0378F18F0592F0CC03C023C0102A46D0035180090404F0258C9
:204E7000481F8FDF1F00481F1607534F2020082F0F2F0010DA0F0F2F002091A0012FD922A0
:204E9000E05F534020F01022542F82F0C620260F2621A61F742FC82408CF09F55008A6452B
:204EB00002F46D000800C82408C402856D0035000090404F0B4510A849FC100A82404B0AF9
:204ED00001828F3A00F1538F20C09140002FD922800C7D2F15806D00D517022F02F46D000E
:204EF000D11609F0201982110FA1101082F2C621261089F0201902F46D00E417534820F0DA
:204F100010CFDAFF0FCF00F00FCB10B002F302B249F240080090404F0B4510886D00B217F8
:204F3000022A02A46D00AE1649FF001ADA084BF801028F7800F1534F2040534020F010FF28
:204F5000DA0F0F4F00F00F49109002F3029249F2400802A46D00B61700902020404CDA08E8
:204F70004BF401826D00CD10534920F010A2534920F010CF488F742F09CF500816FFC21F8C
:204F90004B0F41F14BF25100534920F010AF14FF163FC21F4B0F41F14BF05100534920F06F
:204FB00010AF14FF370F62F39211534920F010AF081F160342F1534920F010AF081F370F1B
:204FD00062F142F14B0141F14BF051203C01009020080248405F3705E8FB8B0F20F26E01F9
:204FF000820949A6000A028440F56D003900DA0037F9019014AF37F983900CA137F90392A9
:205010000CA237F983930CA337F903950CA437F983960CA537F90398081FAE63DA003C0250
:20503000DA0137F98199DA0037F9019A14FFAE53DA003C02DA0137F9819ADA0037F9019B9E
:2050500009FFC008370F66F3C2FF370F70F037F9859B3789049E02923C010090406C820821
:205070008209DA084BF40122094F500816FF9210534320F0104F09FF6008163FC21FE2F06D
:20509000534320F0104F09FF6008370F62F39211534320F0104F09FF6108160342F15343F5
:2050B00020F0104F09FF6108370F62F142F173100AA0B025405D820B3C4E534B20F010DFE1
:2050D00054FFE2AF4B0F61F17B0000044B0F51C0820D820E3C328210532E20F00FF0100087
:2050F0004B0041F14BFC51F07B00F0036B00214F6D00542BFF922180532E20F00FF210F0A2
:205110004B0F41F14BCF01F016068B0F20F26E09C2F28B0240F3370F689002E8821D3C0F23
:20513000FF820B809A12C2FF8B0F40F3370F689002E8821D3C04C21EBF8ECFFFF6D3827953
:205150008278532B20F010CF2819532B20F010CF34F8C21BBF3BB3FF0090404C405F764103
:20517000820854CF6E016D00CC0F3C0109CF500816FFC21F4B0F41F14BF251F03C017B0096
:20519000F8034BF0513048103B800040821502463700E81BBA016E037B00F8037B00F813B4
:2051B0004B0151703B0040929B499794024A3C4D4B0A41014B0341004B0751107B00F0237A
:2051D0006B0221114B0131B1DA407FBF05003B0004B03C0973AB0A10FF410400822B3C03F9
:2051F0004EB2821B4B0B41114B1041006B07311082024B2101F0AE046B0731003C056B0722
:2052100031F067FFBF0F4B9001F06F2F1E804B9001F0AE264B9001F0AE036F0605800209FF
:2052300002A602B56F061180DA004BF001F0AE27DA004BF001F0370F61F06E03DA003C02F8
:20525000DA016E023C04C2FAFF2AB47F3F5409006F0607006F050580025F026502F6DA02EE
:205270004BF601229AD2370F4800C2F5370568F037F80680DA024BF601421A52C2FF370FED
:2052900068F037F802838E03020F3C02DA0037F802858E0382323C01370268F037F80284BA
:2052B000088FAE43DA013C02DA0037F80186088FAE33DA003C02DA0137F88186089F370F1F
:2052D000E1F237F8018702823C0100907B0000F44BF45180544F6E016D00130F3C01BB00CB
:2052F00068099B80B104820182033C1DDA01534320400F4F00F04B0F61F14BF251406B08F0
:2053100031F482054B5F01F0AE046B0831443C056B0831F467FFBF4F4B0401F0AE230B43F0
:205330001008C213BF83E4FF02123C0100900248BC416D00E60EDA004BF801F0AE217B006A
:2053500008F44BF841F04BF251004B0031F14B0F41F16B0F31F07B00F0134B1F01F0AE2400
:205370004B0031F13C044B0031F1C21F8B1F40134B0161F14BF251F06B0F31F882004B0F8A
:2053900001F0AE084B0161F14BF251F06B0F31583C094B0161F14BF251F06B0F31F867FFCD
:2053B000BF5F82463C2C4B0661F14BF841F04BF251F07B00F0036B0021FF4B0F7101736062
:2053D0000AF04B0F61F14BF251306B0331F882044B4F01F0AE046B0331383C056B0331F850
:2053F00067FFBF3F4B5301F0AE247603023502013705E8FB6E02F6023C06C2163B801FF0BA
:205410007F6FD3FFC2F18B0140233C010090FF540B00538420F0910000F8D9FFCC5110FF7B
:20543000D4F23C02A0023C01009082F282003C17538020F0910000F8D9FFCC5110FFD4FF5D
:205450007D4F0D80538020F0910000F8D9FFCC5110FF481F370F48203C04C210BF50EAFF54
:205470003C010090494F102A3C0554FFB45FB025C2F4FF14FC7F0090494F102A3C0554FFC7
:20549000745FB045C2F4FF14FC7F0090494F102A3C0554FF345FB015C2F4FF14FC7F0090CE
:2054B000DA010F4F10F0370F70F009410819765737017008A6F0370110183C08370170082B
:2054D00082F2C6F2262037011018766737017000A6F0370110103C083701700082F2C62F22
:2054F00026F037011010894108190090DA084BF40102534120F0104F49FF241A3C06095F5C
:20551000C00874FFB025C2F5FF15FB7F0090DA084BF40102534120F0104F49FF241A3C05A8
:20553000545F74FFB045C2F5FF15FC7F0090DA084BF40102534120F0104F49FF241A3C057C
:20555000145F74FFB015C2F5FF15FC7F0090094F5418EE047B1000F03C02DA01CC4D09400E
:2055700078080F0F10F06CF10090094288093C010090094F5418EE03DA013C037B1000F09D
:20559000CC4D094078080F0F10F06CF10090404F405C406D0248D4FE40E46D00A4050229B5
:2055B000DF093680ECE2084F96012CF4E84CA8A8821089F01618E86DA8E848FF6E05C8F24B
:2055D00040F42D02000009FF58181E1409FF58185E3540F46D008E093C1A09FF5818DE427D
:2055F00009E2A80909E4A809094FD818C2F837087000370F10F0892F981840F46D007A09DE
:205610003C06C8AF09E488092D0F000002923C01009082020C44AE04D44F481F6E02821292
:205630003C0100902010404C405DD4D2D42FF802C8AFF4AFD4DFF4CF0CC4B70F01F02CC48A
:2056500009DF640889CF171809DF650889CF181809DF260989CF1A1909DF2A0989CF1E1936
:205670000CD8370F61F1D4AF09F0510837F0010389F0110849DF1C0AF8015E1754FFEE050A
:20569000DA0089CF04183C07CCD7481F370F68F089CF041809C04418DA084BF001825349EC
:2056B00020F0D4A4104F029440D56DFF58FD022F6CF809C4441849D5080A4CD1D4A402F50D
:2056D0006DFF88FC022F6CCC09CF5018DE1309D40409D4A46DFFFCFDD4A4094F68283702D0
:2056F0006800370F03F0894F282849C5081A6D000305821009CF44180FF000008F000110C7
:205710000CD9AE43DA003C02DA0109C444180F4F10F0D4A4494F081A8F000140A640A6F1AA
:205730000203021249F2400809CF7308370F64F28F7F00416DFF13FC4B0231F189CF0A092A
:20575000D80154FFEE07A00FECCFA00F89CF80193C47D4FF09F2C80989C2F4090CD9370F79
:2057700061F289CF14180CD86F1F2280910000F8D9FF5E55ECCF910000F8D9FF426589CFFF
:20579000801940C46DFFF7FED801D4FF09D5600809DA6108DA80C82408C4A6F56DFF8BFB1E
:2057B000C82408C402A56DFFB8FB3C1AA00FECCFA00F89CF801909A28409D42F09D560087A
:2057D00009DA6108D422092F5008C82408C4A6F56DFF71FBC82408C402A56DFF9EFB09DF70
:2057F000C808370F66F389CF1518910000F8D9FF1A86ECCA910000F8D9FF2856ECCBD8027E
:2058100009FF46186E119110002F09F00518534920F0D4AF10FF49FF241A530022F0102252
:2058300080FF592F0C0282023C010090404C40C46D006425A00FECC7DA8089CF2008DA0056
:2058500089CF2108A00FECC7DA0089CF2008DA0089CF2408DA0289CF250882FF89CF260934
:20587000DA0089CF2A0900902040404C405DCCD5F80F6D000713022802846D00031214FF26
:20589000B70F01F034FF09DF58086E03DA003C02DA0114F037F081F134FF02846D0012137A
:2058B000820809D4100909A4BC096DFF42FD370268F037F80880DA0F37F80485DA0037F849
:2058D000828C09DF59086E03DA013C02DA0037F8818DDA0137F8028FDA0137F8818E68485C
:2058F0004CD489CF0819820009DFC6086E043BF01FF03C02DA0037F00900820109DFC4089C
:20591000EE0409DF66086E02821137108104820109DFC208EE0409DF66086E028211371099
:20593000010509DF5B0837F0020809DF5C0837F0020909DF680837F0020D09DF690837F049
:20595000020E685009DEA009BD0E3B00D4EFBCFF0CE409E85508C814088408C5A6F56DFFE1
:20597000AAFAC814088402856DFFD7FACCE2BCFF0CEC09E85508C814088408C5A6F56DFF5C
:205990009AFAC814088402856DFFC7FACCE4BD0F180009EF140809E85508C8140884370FA3
:2059B00068506DFF88FAC814088402856DFFB5FAD4F2D4F40C4408C0370F03F02C24D80F11
:2059D000ECCAF4CCDA006CC1A00FECC2910000F8D9FF5E65ECC5910000F8D9FF6285ECC60E
:2059F00009DF66086E0C910000F8D9FFEE65ECC7910000F8D9FFE245ECC83C0B910000F854
:205A1000D9FF1836ECC7910000F8D9FF3E26ECC8910000F8D9FFE0E5ECC909DF6608DF0F05
:205A30008C00DA0189CF061849A4000A9110005F6DFFA5F649A4040A49A5000A6DFFECF63A
:205A500009DF250889CF051809CF05182CA8DA0089AF2708DA0189AF3408DA0089AF0A092E
:205A7000DA0089AF2A08DA0089AF2F08DA00ACAFDA0089AF2308D80F49FF241A80FF89AFF3
:205A90000E09DA0089AF2D08DA0189AF3008DA0089AF2108DA0089AF2208DA0089AF20089C
:205AB0000CD889AF3A0809DFC40889AFB80849C4380A49A5040A6DFF64F609DF240889CF4F
:205AD000041809CF04182CA8DA0089AF2708DA0189AF3408D80F49FF102A80FF89AF0A090F
:205AF000DA0089AF2A08DA0189AF2F08DA0089AF0E09DA0089AF2D08DA0089AF3008DA0074
:205B1000ACAFDA0089AF2108DA0089AF2208DA0089AF2308DA0089AF20080CD889AF3A08CE
:205B300009DFC20889AFB80849C42C0A49A5040A6DFF27F63C04DA0089CF0618BBF0FFFFAA
:205B5000D80F89FF141909CF46186E4509A4BC096DFF6DFC914000FFD9FF3038534221F0B3
:205B700010FF3C01821009DF2508370F70F014F1370F68F037F108F034FF081F370F83F1A5
:205B90002CF1083F96022CF3081F96042CF109A4BC096DFF4CFC914000FFD9FF3038534231
:205BB00021F010FFB04F3C01821009DF2408370F70F014F1370F68F037F108F034FF081F10
:205BD000370F83F12CF1083F96022CF3081F96042CF13C6D09DFC4086E2109A4BC096DFF38
:205BF00026FC914000FFD9FF3038534221F010FF3C0109D0480809DFC40814F1370F68F0F1
:205C100037F108F034FF081F370F83F12CF1083F96022CF3081F96042CF109DFC2086E2205
:205C300009A4BC096DFF03FC914000FFD9FF3038534221F010FFB04F3C0109D0480809DF65
:205C5000C20814F1370F68F037F108F034FF081F370F83F12CF1083F96022CF3081F9604B7
:205C70002CF109DFC6086E2309A4BC096DFFDFFB914000FFD9FF3038534221F010FF49FFEB
:205C9000080A3C0109D0480809DFC60814F1370F68F037F108F034FF081F370F83F12CF1D2
:205CB000083F96022CF3081F96042CF1D80F09FF5308960189FF13080090404F405C40F485
:205CD0006D006823E85CDA0089FF1808DA0089FF1908DA0089FF1A08DA0089FF1B08DA0090
:205CF00089FF1C08DA0089FF2808DA0089FF2908A002E88282FF89FF240882FF89FF25084C
:205D1000DA0089FF2608BB00C2FB9BEFC3F46CF40090911000CF094804186DFF28FC402F5E
:205D3000530822F010C2392F1E02370F61F18B0F2002DF100D80530822F010C2530822F010
:205D500010C4394F1F029604E92F1F023C01DF00110009FF00196E0609F2801940F42D022A
:205D70000000084FB70F01F02CF4D4F46D004C02530822F010CF39FF1E02370FE1F18B0F0C
:205D900020F25E1C530822F010CF530822F010C2392F1F029604E9FF1F023C010090404C57
:205DB00040C46DFFE4FB402F9110005F09C1051809C6A80949F7100A530122F01052392F24
:205DD0001E02370FE1F18B0F2002DF100D80530122F01052530122F01054394F1F0296046E
:205DF000E92F1F023C01DF001A00530122F0105F39FF1E02370F61F18B0F20F25E1C5301E5
:205E100022F0105F530122F01052392F1F029604E9FF1F023C011D00BC0009FF58181E153C
:205E300009FF5818DF3F2580530122F0105F39FF1E02370F61F18B0F20F25E1C530122F0C6
:205E5000105F530122F01052392F1F029604E9FF1F023C01534120F0105F534120F0105279
:205E7000392FC2819602E9FFC2811D00920009FF5818DF4F2480530122F0105F39FF1E027E
:205E9000370F61F18B0F20F25E1C530122F0105F530122F01052392F1F029604E9FF1F026B
:205EB0003C01534120F0105F534120F01052392FC2819602E9FFC2813C6B530122F010529F
:205ED000392F1E02370F61F18B0F2002DF100D80530122F01052530122F01054394F1F021F
:205EF0009604E92F1F023C01DF00530088AFBF2F5000530122F01052530122F01054394FC1
:205F10001F029604E92F1F02534120F01052534120F01054394FC2819602E92FC281547FDE
:205F3000EE0C48CF8210370F01F0896F201909FF1A19896F24193C2C48CF8210370F01F08E
:205F5000896F201909FF5518FF9F0A80D47288AF102F09FF7FF8896F24193C1A09F0551837
:205F7000DA103F0F0D8088AFC2FF532F20F0D47F10FF09FFC008896F24193C0A88AFC2FF1D
:205F9000534F20F0D47F10FF54FF896F24190090404C09C2A809092FC0188FFF1F813C0142
:205FB000BBF0FF0F8920141940C46DFFE0FA402F911000DF6F08070009FF5918960189FFF3
:205FD00019186F18070009FF5918960289FF19186F28070009FF5918960489FF19186F78D7
:205FF000070009FF5918968089FF19186F38070009FF5918960889FF19186F48070009FFFE
:206010005918961089FF19186F58070009FF5918962089FF19186F68070009FF59189640BD
:2060300089FF1918DF08110009FF00196E0609F2801940F42D020000084FB70F01F02CF4E5
:20605000D4F46D00E10009CF46186E3109C00418530022F010DF39FF1E02370F61F18B0F82
:2060700020F25E1C530022F010DF530022F010D2392F1F029604E9FF1F023C0109C005189A
:20609000530022F010DF39FF1E02370F61F18B0F20F25E1C530022F010DF530022F010D2EB
:2060B000392F1F029604E9FF1F023C010090404F40F46DFF5CFA0925AC0940242D050000D9
:2060D000484FC21F6CF40090404F40F46DFF4FFA0925A80940242D050000483FC21F6CF394
:2060F0000090DA01494F0408EE0382023C0282123C0100900C5109406A2837F001F0894F45
:206110002A280C5209406A2837F001F1894F2A280C5309406A2837F081F1894F2A280C5444
:2061300009406A2837F001F2894F2A280C5509406A2837F001F3894F2A280C5609406A2872
:2061500037F081F3894F2A280C5709406B2837F001F3894F2B280090404FD4F2D4220924DD
:20617000A80949FC180A094F4218370FE3013C0188EF0B0F80F1370F508054CFEE0A820029
:206190003C05094110293C01C2103F80FC7F3C2609F05518FF900B80D4C502846DFF78F904
:2061B000D4C201280026F4C23C1909F05518DA103F0F0C80D4C502846DFF56F9532820F050
:2061D000D4C21022F4C23C0AD4C502846DFF56F9534820F0D4C21022F4C288EFA28FACFE96
:2061F00088EFEE1009FF00196E0609F2801940F42D020000084FB70F01F02CF4D4F46D002B
:2062100003000090DA006C4100902008404F49FD100AD4F2D42C09CF4618DF0F7E029110A2
:2062300000EF09C4A809F4A46DFF01F9534221F03C0109C8051809C904184DC0E2FF370FF0
:20625000E1F78B0F20A23C010D00400300003C0188AFBF2FE50088AF92F0530822F010E20E
:20627000530822F010E4B94F140237007000370F0EF0F92F140209FF5518FF9F1080820041
:20629000530822F010E2530822F010E4394F1602370F83F2E92F16023C2109F05518DA10F6
:2062B0003F0F10808210530822F010E2530822F010E4394F1602370F83F2E92F16023C0EC9
:2062D0008220530822F010E2530822F010E4394F1602370F83F2E92F160254DFEE4049F225
:2062F0001A1A802FB70F1C007B0000FDFE014DC0E1FF16073C0149F21A1A8020B7000C0A2F
:20631000B770030E7B000011E21FA2F03C0449F21A1A8020530822F010E259200802820063
:2063300082118222530822F010E219231002370303303713813137230434530822F010E20F
:2063500059231002530822F010E2530822F010E4394F12029610E92F12023C3A54DFB70F02
:206370001C007B0000FD7E0F4DC0E1FF16073C0154D0B7000C0AB770030E7B000011E21FEF
:20639000A2F03C0254D0530822F010E259200802820082118202530822F010E219231002D1
:2063B000370303303713813137230434530822F010E259231002530822F010E2530822F019
:2063D00010E4394F1202B70F01F2E92F1202D4A24922241A530822F010E4802F594F0C0253
:2063F000820082118202530822F010E219231002370303323713813337230436530822F0D9
:2064100010E259231002530822F010E2530822F010E4394F1F029604E92F1F0288A053092C
:2064300022F010E2530922F010E4B94F140237007000370F0EF0F92F140209FF5518FF9F8C
:2064500010808200530922F010E2530922F010E4394F1602370F83F2E92F16023C2109F077
:206470005518DA103F0F10808210530922F010E2530922F010E4394F1602370F83F2E92F10
:2064900016023C0E8220530922F010E2530922F010E4394F1602370F83F2E92F1602486FE4
:2064B000EE4049F21E1A802FB70F1C007B0000FDFE014DC0E1FF16073C0149F21E1A8020C9
:2064D000B7000C0AB770030E7B000011E21FA2F03C0449F21E1A8020530922F010E259205C
:2064F0000C02820082118222530922F010E2192310023703033237138133372304365309BA
:2065100022F010E259231002530922F010E2530922F010E4394F12029620E92F12023C3B22
:20653000486FB70F1C007B0000FDFE004DC0E1FF8F7F00013C01486FB70F0CFAB77F031E29
:206550007B0000F1E2F0A2013C024861530922F010E259210C02820082118202530922F074
:2065700010E219231002370303323713813337230436530922F010E259231002530922F06E
:2065900010E2530922F010E4394F1202B70F81F2E92F1202530922F010E2530922F010E4D4
:2065B000394F1F029604E92F1F02BBF0FFFFD4A4894F14196DFF3BF79140002FD922303828
:2065D000534221F010223C010C2396022C23D4A46DFF2DF79140002FD9223038534221F06F
:2065F0001022B0423C010C2396022C23D4A46DFF1EF79140002FD9223038534221F01022E0
:206610004922080A3C010C2396022C23530922F010E2530922F010E4394F1F029604E92F7D
:206630001F02534920F010E2534920F010E4394FC2819601E92FC28188AFBF2F2B00530883
:2066500022F010E2530822F010E4394F1F029604E92F1F02534820F010E2534820F010E40D
:20667000394FC2819601E92FC28109FF5718EE0948CF8200370F01F0D4AF89FF20193C0887
:2066900048CF8210370F01F0D4AF89FF20193C3F54DFEE0E48CF8210370F01F0D4A2892F0E
:2066B000201909FF1A19D4AF89FF24193C3048CF8210370F01F0D4A2892F201909FF5518E6
:2066D000FF9F0B80D4D288AF102F09FF7FF8D4AF89FF24193C1C09F05518DA103F0F0E801A
:2066F00088AFC2FF532F20F0D4DF10FF09FFC008D4AF89FF24193C0B88AFC2FF534F20F035
:20671000D4DF10FF54FFD4AF89FF241976A30D0000031D00EE0088AFBF1FEB00D4F2D4221C
:20673000092CA80909FF7308370F644209CF421816073C018B4F000109FF56185E12C2F0F5
:2067500088AF7E02C2F088AF0B0F80F1370F5080BF18CF0088AF5280A8A088AFEE03821136
:206770003C02820109FF5618DE11BF28100088AF6E0D4DC0E20F3700E1078B0020923C01A3
:206790000D00400300003C013C084DC0E20F3700E1078B0020923C0109FF5618DE14820097
:2067B00089F0161809FF5718EE0848CF8200370F01F089CF20193C0748CF8210370F01F031
:2067D00089CF201954DFEE1E09F01A19DF01130082013C0489C02419C2119AF83FF1FC7F61
:2067F00048CF8211371F01F089CF201989C024193C08DA003C0489C02419C21F3F8FFD7F72
:206810003C7409FF5518FF9F2480DF011800BF280800D4D59AF840C402F56DFF8AF648CFE1
:206830008210370F01F089CF2019D4DF01F800F609FF7FF889CF24193C06D4D540C40285C2
:206850006DFF77F6D4DF01F800F6F4DF3C4E09F05518DA103F0F2780DF011A00BF28080022
:20687000D4D59AF840C402F56DFF42F648CF8210370F01F089CF2019C2F8532820F0D4DFC5
:2068900010FF09FFC00889CF24193C0BD4D540C402856DFF2DF6532820F0D4DF10FFF4DF4A
:2068B0003C24DF011900BF280800D4D59AF840C402F56DFF2EF648CF8210370F01F089CF82
:2068D0002019C2F8534820F0D4DF10FF54FF89CF24193C0BD4D540C402856DFF1AF65348CE
:2068F00020F0D4DF10FFF4DF76930D00000300902008404D49DF100AD4D2D42C8CDA824075
:206910004B0F0102F6188CDA82404B0F0102370068F03C088CDA82404B0F0102370068F090
:20693000C21F370F688009DF58189E4B8CDA3B0001004B0F0102F6198CDA3B0001004B0FED
:206950000102370068F03C098CDA3B0001004B0F0102370068F0C21F42F8C2F837086880C6
:2069700009CF4618DF0F2102911000EF09C4A809F4A46DFF5CF5534221F03C0109C905188B
:2069900009CA04184DC0E2FF370FE1F78B0F20B23C010D00400300003C01530922F010E256
:2069B000530922F010E4B940140237800E00F92014028220530922F010E2530922F010E4FE
:2069D000394F1602370F83F2E92F160254FFB70F1C007B0000FD7E0F4DC0E1FF16073C019B
:2069F00054F0B7000C0AB770030E7B000011E21FA2F03C0254F0530922F010EF59F00802DD
:206A1000820082118202530922F010EF19F31002370303303713813137230434530922F0D9
:206A300010EF59F31002530922F010EF530922F010E2392F1202B70F01F2E9FF120209DF03
:206A500058189E4DD4AF49FF1C1A530922F010E280FF592F0C02820082118202530922F04E
:206A700010EF19F31002370303323713813337230436530922F010EF59F31002530922F0AF
:206A900010EF530922F010E2392F1F029604E9FF1F028CDA82404B0F0102F6188CDA8240A0
:206AB0004B0F0102370068003C088CDA82404B0F010237006800C210530A22F010EF530AC5
:206AD00022F010E2B92F140237007000370F0EF0F9FF14028220530A22F010EF530A22F02C
:206AF00010E2392F1602370F83F2E9FF16024CD6EE4049DF1E1A80FFB70F1C007B0000FDD0
:206B1000FE014DC0E1FF16073C0149DF1E1A80F0B7000C0AB770030E7B000011E21FA2F02B
:206B30003C0449DF1E1A80F0530A22F010EF59F00C02820082118222530A22F010EF19F33D
:206B50001002370303323713813337230436530A22F010EF59F31002530A22F010EF530A7B
:206B700022F010E2392F12029620E9FF12023C3C4CD6B70F1C007B0000FDFE004DC0E1FFF4
:206B90008F7F00013C014CD6B70F0CFAB77F031E7B0000F1E2F0A2013C0309D11809530ADC
:206BB00022F010EF59F10C02820082118202530A22F010EF19F310023703033237138133CA
:206BD00037230436530A22F010EF59F31002530A22F010EF530A22F010E2392F1202B70F34
:206BF00081F2E9FF1202530A22F010EF530A22F010E2392F1F029604E9FF1F02BBF0FFFF72
:206C1000D4A4894F14196DFF12F4914000FFD9FF3038534221F010FF3C01083F96022CF375
:206C3000D4A46DFF04F4914000FFD9FF3038534221F010FFB04F3C01083F96022CF3D4A4F1
:206C50006DFFF5F3914000FFD9FF3038534221F010FF49FF080A3C01083F96022CF3530A19
:206C700022F010EF530A22F010E2392F1F029604E9FF1F02534A20F010EF534A20F010E21B
:206C9000392FC2819601E9FFC28109DF5818DF3F308009D09408DA103FF00A0009D0F208E6
:206CB000DA0F37F085F389DFB2083C0B09D0F2088CDAC2FF370F70F037F085F389DFB20872
:206CD00009D09408DA103FF0090009DF7008B70F01F089DF30083C0609DF7008960189DFB5
:206CF000300809DF7208964089DF32083C3709DF5818DF1F248009D09408DA103FF00A006D
:206D100009D0F208DA0F37F085F389DFB2083C0B09D0F2088CDAC2FF370F70F037F085F360
:206D300089DFB20809DF7008960189DF300809DF7208964089DF32083C1109DF700896016C
:206D500089DF300809DF7208964089DF320809DFF208B70F85F389DFB208530922F010EFFA
:206D7000530922F010E2392F1F029604E9FF1F02534920F010EF534920F010E2392FC28183
:206D90009601E9FFC28109DF58181E464CDCD4AF89FF1C193C054CDCD4AF89FF201976B327
:206DB0000D0000033C010090534420F0910000F8D9FFC46110FF54F1404CB04C913000FF1D
:206DD000D9FF00069130002F392F1B06370F62F3EE06BB00C2FB9BEFCBF43C1A9130002FB6
:206DF000392F1B06370F62F35E16BB0068F99B8FB9F43C0E9130002F392F1B06370F62F39A
:206E10005E26BB0068F99B8FB9F43C02DA003C0109F059083700E700C2104B0041014B0F65
:206E3000410009FF5B081607C21F4B0F41F14BF051F07B802C044B0151007B0000144B10DE
:206E50004100BB00A01B9BB1A5144B1F51F04BF041F0744F544F7B0020047B00F0136B0F52
:206E700061416D00C91CB4C2009020108208910000F8D9FFF45149FF000A49A2000AA0F4CD
:206E900004FF242FFC4E913000FF39FF0116370F62F282103E048220BE073C1C82146D0003
:206EB0005801913000FF39FF0116160F6E0C913000FF39FF0116160F10AF14FF4B0F61F109
:206ED0004BF251803C08BB0068899B88B9843C013C023C0102823C01009002486D00B201D1
:206EF0008200DA003E86DA013E89DA023E8C3C10913000FF19F000263C0D913000FF19F0CD
:206F100004263C08913000FF19F008263C0382023C01760B8B0004F14B0F61F17B002804A8
:206F30004B0F51F04BF241203C010090913000FFD9FF00069130002F392F1B06370F62F389
:206F5000EE06BB00C2FB9BEFCBF43C1A9130002F392F1B06370F62F35E16BB0068F99B8F48
:206F7000B9F43C0E9130002F392F1B06370F62F35E26BB0068F99B8FB9F43C02DA003C012A
:206F900009F069083700E700C2104B0041014B0F411009FF6B081607921009FF6C0816077C
:206FB000C21FE2F04B0041F14BF151203C010090913000FFD9FF00069130002F392F1B0600
:206FD000370F62F3EE06BB00C2FB9BEFCBF43C1A9130002F392F1B06370F62F35E16BB00B8
:206FF00068F99B8FB9F43C0E9130002F392F1B06370F62F35E26BB0068F99B8FB9F43C0236
:20701000DA003C0109F068086F001F8009F069083700E700C2104B0041014B0F411009FF38
:207030006B081607921009FF6D081607C21FE2F04B0041F1BBD0CC0C9BC0FC034B0F41F0FC
:207050004BF151203C1909F069083700E700C2104B0041014B0F411009FF6B081607921052
:2070700009FF6D081607C21FE2F0532020F04B0F41F14BF151203C010090913000FFD9FF92
:2070900000069130002F392F1B06370F62F3EE06BB00C2FB9BEFCBF43C1A9130002F392F63
:2070B0001B06370F62F35E16BB0068F99B8FB9F43C0E9130002F392F1B06370F62F35E26BB
:2070D000BB0068F99B8FB9F43C02DA003C0109F059083700E700C2104B0041014B0F4110D6
:2070F00009FF5C081607921009FF5B081607C21FE2F04B0041F14BF151203C010090820899
:207110008202913000FF39FF3706370F62F282103E0482203E063C0982146D001A003C06AE
:2071300082246D0016003C023C01913000FF39FF3706160F6E0A913000FF39FF3706160F6F
:207150004B0F41F14BF2518002823C010090913000FF39FF3306370F62F282003E04821013
:207170003E083C23BB00C22B9BE2CB243C013C1FDA003E46DA013E47DA02BE413C136DFF5A
:207190007EFF3C126DFFD4FE913000FF39FF3406AE757B0000F44BF251203C066DFF0AFFAD
:2071B0003C0382023C013C0382023C013C01009082046DFFCEFF913000FF39FF3106370FBE
:2071D0006302DA003E0EDA015F0F2400DA025F0F2600DA035F0F2800DA045F0F2A003C2DE5
:2071F000913000FF39FF3206160F6E07913000FF39FF3206160F5E1382023C0A913000FF65
:2072100039FF3206160F4B0F41F14BF251203C177B001FF44BF251203C127B0027F44BF2DF
:2072300051203C0D7B002FF44BF251203C087B0037F44BF251203C0382023C013C010090D3
:2072500082046DFF86FF913000FF39FF3106370F6302DA003E0CDA01BE0CDA02BE0FDA037E
:207270005F0F2200DA045F0F24003C27913000FF39FF3106160FEE0382023C0A913000FFCC
:2072900039FF3106160F4B0F41F14BF251203C177B001FF44BF251203C127B0027F44BF260
:2072B00051203C0D7B002FF44BF251203C087B0037F44BF251203C0382023C013C01009053
:2072D000404F82029130002FD92228A6542F370F6EF18FFF83113C019130002F192F28A645
:2072F0006F1F12008F2120F096019130002F192028A6370070088F002100A60F9130002F8C
:20731000592F28A68F2120F096029130002F192028A6370070088F002100A60F9130002FB4
:20733000592F28A63C019130002F192F28A61601DF1FFB7F3B0000013C05C2F04E03821201
:207350003C089130002F392F3306370FE1F3EEF69130002F192F30068200370F02FE821082
:20737000370F01FF9130002F592F30063B0000013C05C2F04E0382123C089130002F392F59
:207390003306370FE1F3EEF6DABC9130002F592FB4069130002F192FA0563B20FE0F260F13
:2073B0009130002F592FA0569130002F192FA4563B20FE0F260F9130002F592FA45691304D
:2073D000002F192FA8563B20FE0F260F9130002F592FA856DA009130002F592FB406913048
:2073F000002F392F1A06B70F01F09130002FE92F1A069130002F392F2A06B70F01F09130E7
:20741000002FE92F2A063B0000F33C05C2FF4EF382123C0D9130002F392014066F10F87F3E
:207430009130002F392024066F10F27F084F1E13084FDE289130002F192F10068200370FDE
:2074500082F254F03B90D03306634B3011428B141F0037006800370F05F89130002F592F47
:2074700010069130002F19201806086F37F0030C087F37F08704084F37F0020F9130002F3A
:20749000592018069130002F1920280608EF37F0010008AF37F0030C08BF37F087049130A8
:2074B000002F592028069130002F392F1A0696019130002FE92F1A069130002F392F2A0627
:2074D00096019130002FE92F2A063B0000F33C05C2FF4EF382123C119130002F3920140618
:2074F0003700E100DF10F67F9130002F392024063700E100DF10EE7F3B0000063C05C2F0E5
:207510004E0382123C169130002F392F1406370FE1F26EF69130002F392F2406370FE1F29A
:207530006EEF9130002F392F2406370F61F26EE89130002F39201C06088F37F003F0913090
:20755000002FE92F1C069130002F19202C0608CF37F0030008DF37F003049130002F5920D8
:207570002C063B0000063C05C2F04E0382123C169130002F392F1406370FE1F26EF69130AE
:20759000002F392F2406370FE1F26EEF9130002F392F2406370F61F26EE83BF04902065067
:2075B0003C05C2F04E0382123C0C9130002F392F1006AE179130002F392F11066F0FF37F09
:2075D0009130002F392F1A0696049130002FE92F1A069130002F392F2A0696049130002F4F
:2075F000E92F2A063B0000F33C05C2FF4EF382123C0D9130002F392014066F20F87F9130BB
:20761000002F392024066F20F27FDABC9130002F592FB406DA059130002F592FA006DA1DEC
:207630009130002F592FA076DA009130002F592FB4069130002F19203006DA0137F0020E2F
:20765000DA0137F0010F3B0000313C05C2F34E3382123C089130002F392F3306370FE1F3A2
:20767000EEF69130002F592030063B0000013C05C2F04E0382123C089130002F392F33068E
:20769000370FE1F3EEF69130002F192F28A66F1F12008F2120F096019130002F192028A6E8
:2076B000370070088F002100A60F9130002F592F28A686218F3140F19130002F192028A6D1
:2076D000370070088F002100A60F9130002F592F28A63C019130002F192F28A66F0FFC7F04
:2076F000022F3C01EE0509F498196D008502DF0FCF8149F21C0A82029130004FD94428A659
:20771000544F370F6EF18FFF83113C019130004F194F28A66F1F12008F2120F096019130B4
:20773000004F194028A6370070088F002100A60F9130004F594F28A68F2120F09602913010
:20775000004F194028A6370070088F002100A60F9130004F594F28A63C019130004F194F54
:2077700028A61601DF1FFB7F9130004F19403006488F82F3C63F26F0488F5423263FA6F04D
:207790003B0000313C05C2F34E3382123C089130002F392F3306370FE1F3EEF69130002F9F
:2077B000592030063B0000013C05C2F04E0382123C089130002F392F3306370FE1F3EEF623
:2077D0009130002F19203406370062F2EE07370062FAEE04370062FE6E369130002F1920CD
:2077F000340648AF82F3C63F26F048AF4893263FA6F0DA0037F00202DA0037F0020ADA00FF
:2078100037F0020E3B0000313C05C2F34E3382123C089130002F392F3706370FE1F3EEF6D3
:207830009130002F592034063B0000013C05C2F04E0382123C089130002F392F3706370F62
:20785000E1F3EEF69130002F1920340648AF82F3C63F26F048AF4893263FA6F03B0000313D
:207870003C05C2F34E3382123C089130002F392F3706370FE1F3EEF69130002F5920340673
:207890003B0000013C05C2F04E0382123C089130002F392F3706370FE1F3EEF69130002FFD
:2078B000192F0016370F62F66E309130002F1920001648CF82F3C63F26F048CF48B3263FC1
:2078D000A6F0DA0037F002063B0000313C05C2F34E3382123C089130002F392F0316370F87
:2078F000E1F3EEF69130002F592000163B0000013C05C2F04E0382123C089130002F392F91
:207910000316370FE1F3EEF69130002F1920001648CF82F3C63F26F048CF48B3263FA6F04D
:207930003B0000313C05C2F34E3382123C089130002F392F0316370FE1F3EEF69130002F1D
:20795000592000163B0000013C05C2F04E0382123C089130002F392F0316370FE1F3EEF6C1
:207970009130002F19200C1648EF82F3C63F26F048EF48D3263FA6F0DA0137F0010F3B004B
:2079900000313C05C2F34E3382123C089130002F392F0F16370FE1F3EEF69130002F592073
:2079B0000C163B0000013C05C2F04E0382123C089130002F392F0F16370FE1F3EEF6913001
:2079D000002F1920002609FF001982F3C63F26F009F3001948FF26F3A6309130002F5920A4
:2079F00000269130002F192F042609F0081982F3C630260F09F0081909F304192630A60FF7
:207A10009130002F592F04269130002F192F082609F0101982F3C630260F09F0101909F36E
:207A30000C192630A60F9130002F592F08269130002F192F28A66F1F12008F2120F0960163
:207A50009130002F192028A6370070088F002100A60F9130002F592F28A686218F3140F12D
:207A70009130002F192028A6370070088F002100A60F9130002F592F28A63C019130002F78
:207A9000192F28A66F0FFC7F022F3C01DF0FB18049FC140A82089130002FD92228A6542F11
:207AB000370F6EF18FFF83A13C0182091D009C009130002F192F28A66F1F12008F2A20F06F
:207AD00096019130002F192028A6370070088F002100A60F9130002F592F28A68F2A20F0E5
:207AF00096029130002F192028A6370070088F002100A60F9130002F592F28A63C0191308F
:207B1000002F192F28A61601DF1FFB7F3B0000063C05C2F04E0382183C089130002F392FC6
:207B30001406370FE1F26EF69130002F39201C06536920F0C8621022142F37F003F09130ED
:207B5000002FE92F1C069130002F192F28A66F1F12008F2A20F096019130002F192028A6AF
:207B7000370070088F002100A60F9130002F592F28A68F2A20F096039130002F192028A642
:207B9000370070088F002100A60F9130002F592F28A63C019130002F192F28A66F0FFC7F3F
:207BB000536920F0C8621022092B020982046DFFD0FA9130002F392F3006160F4B0F41F153
:207BD0004BF251F03C014BBF41F04B0F71F185F110013C0185F01001A2103FF0FDFFC219E1
:207BF0003709689014CF3FF965FF028F3C0102F23C0100902008144F09444108DF1F298067
:207C100049A4000A6DFFD2F86D005001022F02F46D006000913000FF19F1200609A0C40810
:207C3000BB00402FA62037011010913000FF59F12006913000FF19F01806821137100101F9
:207C5000913000FF59F0180602F46D0062010090DA018B0401000F0F10F0913000FF59FFF6
:207C700024860090DA010F4F00F0913000FF19F0208626F0760382123C0282023C01009070
:207C90004DC0E1FF16073C0153CF20F060FF9130003F30F3D93F0C9654FF2E1B8F2420F0C0
:207CB000960154F0370070088F002100A60F74FF86248F2440F154F0370070088F00210021
:207CD000A60F74FF3C0154FF1601DF1FFE7F0090913000FF19FF28A66F1F12008F2420F0B1
:207CF0009601913000FF19F028A6370070088F002100A60F913000FF59FF28A686248F24EF
:207D100040F1913000FF19F028A6370070088F002100A60F913000FF59FF28A63C01913093
:207D300000FF19FF28A61601DF1FFB7F00904DC0E1FF16073C01913000FFD9FF0C9653CF8C
:207D500020F010FF54FF2E1B8F2420F0960154F0370070088F002100A60F74FF8F2420F070
:207D7000960254F0370070088F002100A60F74FF3C0154FF1601DF1FFE7F084F96082CF459
:207D900054FF2E1B8F2420F0960154F0370070088F002100A60F74FF86248F3440F154F030
:207DB000370070088F002100A60F74FF3C0154FF6F0FFF7F0090913000FF19FF28A66F1FDC
:207DD00012008F2420F09601913000FF19F028A6370070088F002100A60F913000FF59FF64
:207DF00028A68F2420F09602913000FF19F028A6370070088F002100A60F913000FF59FF87
:207E100028A63C01913000FF19FF28A61601DF1FFB7F913000FF39FF2CA69608913000FFEA
:207E3000E9FF2CA6913000FF19FF28A66F1F12008F2420F09601913000FF19F028A637000A
:207E500070088F002100A60F913000FF59FF28A686248F3440F1913000FF19F028A63700E3
:207E700070088F002100A60F913000FF59FF28A63C01913000FF19FF28A66F0FFC7F0090C3
:207E90004DC0E1FF16073C0153CF20F060FF9130003F30F3D93F0C9654FF370F6EF18FFF97
:207EB00083213C013C010090913000FFD9FF28A654FF370F6EF18FFF83213C013C0100906A
:207ED0004DC0E1FF16073C0153CF20F060FF9130003F30F3D93F0C9654FF2E1B8F2420F07E
:207EF000960154F0370070088F002100A60F74FF86248F3440F154F0370070088F002100CF
:207F1000A60F74FF3C0154FF6F0FFF7F0090913000FF19FF28A66F1F12008F2420F096016D
:207F3000913000FF19F028A6370070088F002100A60F913000FF59FF28A686248F3440F102
:207F5000913000FF19F028A6370070088F002100A60F913000FF59FF28A63C01913000FF83
:207F700019FF28A66F0FFC7F0090F647094F40189601894F00183C08DF140780094F4018A0
:207F90009604894F00180090F647094F7C089601894F3C083C08DF140780094F7C089610AB
:207FB000894F3C080090FF340B00538420F0910000F8D9FFD88110FFD4F23C02A0023C0134
:207FD000009082F282003C17538020F0910000F8D9FFD88110FFD4FF7D4F0D80538020F0FD
:207FF000910000F8D9FFD88110FF481F370F48203C04C210BF30EAFF3C010090404C405FB1
:2080100009C0380909C13C0914FFEE0C083F37F00500082F37F00504081F37F10111821855
:208030003C0F14FF5E1C083F37F00508082F37F0050C081F37F1011382183C02820889C15F
:208050003C0989C0380940C46DFFBDFF09FFC8086E26081FEE099140002FD92200C85382F3
:2080700020F010223C099140002FD92200C8538220F01022B04208A009FFC8081421370FA2
:2080900068F037F108F0342F0C21370F83F12C210C2396022C230C2196042C2108264CC459
:2080B000820102F009C32C0982020F20A0400F31A0503C016DFF94D93C0114FF534F20F05F
:2080D00010C28922300914F440C46DFF50FF14F440C46DFF5BFF08264CC4820102F009C3C2
:2080F0002C0982020F20A0400F31A0503C016DFF77D93C0114FF534F20F010C2481F42F210
:208110008922300902823C01009091000048D9447C4182129130002F192F34A6370F6EF11C
:208130008FFF83313C019150022F392F2C081601DF1F7080094584093C648F2320F07BC085
:20815000FF0FA60F9130002F592F34A63C019130002F192F34A6370FE1F0DF1FFA7FCC5100
:208170003C0DD4F25420482F82F1C61F26F0481FA6F0D4F2742049FF0C0A80F0145F53CFCD
:2081900020104C5142F13F10EEFF9150022F392F0B4896409150022FE92F0B488F2320F0B1
:2081B0007BC0FF0FA60F96029130002F592F34A63C01913000FF19FF34A66F1FFC7F3B0094
:2081D00010F0C2FF4EF382023C09915002FF39F00B4837006103DF10F67F4C52BB00520CB0
:2081F0009BB0BF044B0F41F04B0F71F185F110013C0185F01001A2103FF0FDFF49550C0A3F
:208210008050144F53CF20104C4142F13F1097FF022F3C01EE0200A0DC0B009091000028F6
:20823000D92244518210915002FF39FF2C081601DE1C82023C0DCC2153C220F010FFD4F4F7
:208250005441482F26F1481F3E128200C212142F3FF2F37FDF100A80915002FF39FF2E082F
:20827000370FE1F21E1282003C01F60200A0DC0B0090025FC234B7040200370050808BC869
:2082900001008B8000406D009432BC2640240B8F10486D0004003C010090C234B70402F036
:2082B000370F5000DA00894F1808DA01894F1908804F8BCF01F0C27FB70F03F0744FDA00C1
:2082D000AC42DA00AC47DA00894F0A09894F0609DA00AC49AC488940940889459608404211
:2082F0003C0100906D006C130090544F2E1B8F2400F096015440370070088F000100A60F77
:20831000744F06248F2440F15440370070088F000100A60F744F544F0090913000FF19FF26
:2083300028A66F1F12008F2400F09601913000FF19F028A6370070088F000100A60F913039
:2083500000FF59FF28A606248F2440F1913000FF19F028A6370070088F000100A60F91308E
:2083700000FF59FF28A6913000FF19FF28A6009002484DC0E1FF16078B5F20F33C0153CFE2
:2083900020F060FF9130003F30F3D93F0C9640F402846DFFACFF084F96082CF440F40284E1
:2083B0006D005C000090024802846DFFB8FF913000FF39FF2CA69608913000FFE9FF2CA67F
:2083D00002846D0063000090BB00C20B9BE0CB04913000FF39FF1B06370F62F35E26BB00E2
:2083F00068199B81B9143C0B5E16BB0068199B81B9143C05BB00C21B9BE1CB14913000FF2F
:2084100039FF3306370F62F26E1D913000FF39FF1906370FE7F0C21F4B0F61F14BF1411068
:20843000913000FF39FF1B0616079210913000FF39FF1C061607C21FE2F04B0061F14BF191
:208450005100913000FF39FF3006160F4B0F41F14BF051203C010090544F2E1B8F2400F0D4
:2084700096015440370070088F000100A60F744F06248F3440F15440370070088F00010019
:20849000A60F744F544F0090913000FF19FF28A66F1F12008F2400F09601913000FF19F0D8
:2084B00028A6370070088F000100A60F913000FF59FF28A606248F3440F1913000FF19F01D
:2084D00028A6370070088F000100A60F913000FF59FF28A6913000FF19FF28A600909120FD
:2084F000003030434933088A543F06F4374F9FF09120003030434933088A743F9120003023
:2085100030434933148A543FEF8F0A00B70F01FC9120003030434933148A743F009091009E
:2085300000F7D9FF00003BF026F19B3FA8F374FF910000F7D9FF0000BBD0CCFC9BCFDCF346
:208550006CF1910000F7D9FF00003BF026F19B3FB8F36CF2910000F7D9FF0000BB7071FB32
:208570009B1F85F36CF4910000F7D9FF00003BF026F19B3FA0F36CF5910000F7D9FF000089
:20859000BB9097FE9B6FF4F36CF6910000F7D9FF0000BBA028FE9B8F7BFB6CF7910000F72C
:2085B000D9FF0000BBA028FE9B8F7BFB6CF8910000F7D9FF0000BBD0CCFC9BCFD4F36CF905
:2085D000910000F7D9FF0000BBD0CCFC9BCFD4F36CFA0090BC47910000F7D9FF300054FFCB
:2085F000744FBC57910000F7D9FF3000481F745FBC67910000F7D9FF0C30482F746F009022
:20861000BC48910000F7D9FF1C5009FF1839744FBC58910000F7D9FF1C5009FF1C39745F4E
:20863000BC68910000F7D9FF1C5009FF2039746F009091000027D9220C303C010090BC47A7
:20865000910000F7D9FF3000482F744FBC57910000F7D9FF3C2054FF745FBC67910000F7A0
:20867000D9FF003054FF746FBC77910000F7D9FF0C30482F747F00906DFF53FF6D00660052
:208690006D003301910000F7D9FF0C30DA0074FF910000F7D9FF0C30DA006CF1910000F7E5
:2086B000D9FF0C30DA006CF2910000F7D9FF0430DA0074FF910000F7D9FF0830DA0074FF98
:2086D000910000F7D9FF3820DA0034FF910000F7D9FF2C00DA0134FF00900B451088026A47
:2086F000910000F7D9FF2C0014FFEE036DFFC6FF02A46D00D900022F910000F7D9FF0C30F0
:208710006CF2910000F7D9FF0C3074F8910000F7D9FF0C306819910000F7D9FF043074F8C6
:20873000910000F7D9FF083074F9910000F7D9FF3820820034F08204820502F66D007400E0
:2087500002F46D001401009091000047D944300082043B8008506D00E130910000F7D9FF65
:20877000300091000027D9220000542F89FF2019910000F7D9FF300091000027D92200007F
:20879000542F89FF2419910000F7D9FF300091000027D9220000542F89FF2819910000273A
:2087B000D9223000910000F7D9FF0000481F892F2C1991000027D9223000910000F7D9FF77
:2087D0000000481F892F301991000027D9223000910000F7D9FF0000481F892F34199100E1
:2087F00000F7D9FF30007B00F8F36CFF910000F7D9FF30007B00F8F389FF0019910000F77A
:20881000D9FF30007B00F8F389FF041991000027D9223000910000F7D9FF0000482F892FC3
:20883000381900900B451088026F6DFF8FFF910000F7D9FF300074F8910000F7D9FF300068
:208850006819910000F7D9FF300002F46D002C006822910000F7D9FF30006868910000F7F6
:20887000D9FF30006879910000F7D9FF300091000027D92230004C226CF8910000F7D9FF5A
:2088900030006838910000F7D9FF30006849910000F7D9FF300091000027D92230004C22D6
:2088B0006CF500903C073BB0FDF09B9F0CF46B0F31443BB0FDF09B9F04F44BF401F06F2F9B
:2088D000F4FF3C073BB0FDF09B9F0CF46B0F21443BB0FDF09B9F04FC4BF401F06F0FF4FFAE
:2088F00002423C01009091000047D944183082043BC002506D001230910000F7D9FF1830F0
:2089100091000027D92200004C246CF6910000F7D9FF18303BD07BF39B6F50F36CF7910060
:2089300000F7D9FF1830BB70C7FC9BBF1AF36CF8910000F7D9FF183091000027D9220000FC
:208950004C256CF9910000F7D9FF1830BBA070FD9B3FC2F36CF2910000F7D9FF18303BF001
:2089700026F19B3FA8F36CF50090024F6DFFBDFF910000F7D9FF183002F46DFF95FF74F2ED
:20899000910000F7D9FF1830DA006CF10090DA467F6F04803B6004603B0071F2E2F6DA6413
:2089B0004BF61182DF081E80DA003E44DA013E4D3C173BC0004082056D004A523BD0034020
:2089D00082056D0045523C0C3B40014082056D003F523BF0004082056D003A523C013C3CD3
:2089F000DF151E80DA003E44DA013E4D3C173BC0004082056D002C523BD0034002856D00D1
:208A100027523C0C3B40014082056D0021523BF0004002856D001C523C013C1EDFF51D808D
:208A3000DA003E44DA013E4D3C173BC0004082056D000E523BD0034002856D0009523C0C9D
:208A50003B40014082056D0003523BF0004002856D00FE513C0100903BC000403B0071524D
:208A700082066D0048513BD003403B00715282066D0041513B4001403B00715282066D00D6
:208A90003A513BF000403B00715282066D0033518214820582066DFF7CFF82048205820638
:208AB0006DFF77FF00907C423C0BDA00744FDA006C41DA006C42DA006C43DA006C440090E0
:208AD000404F405C0B451088BCF27CC382023C573BD07B039B6058034B0901F016038B0F98
:208AF00020F26E053BF026919B39B89374F8483F6B9861FF6CF3910000D7D9DD0C40483445
:208B10006D002C0EB4D24CC382004B0F01F0370F61F16E1748304CC34BF001F0370F61F1D4
:208B30006E034CC33C0D48304CC367FFBFFF4BF001F0AE03483F3C044CC367FFBFFF6CF37B
:208B5000481F6B0F31F84B9F510009C1080954C209C30409483F4BF341F06B8261FF6B0147
:208B7000619F910000C7D9CC104002946D00F60DB4C2481F6CF2681802923C0100900B4526
:208B900010880B6710A8910000F7D9FFB4F009FF5438EE036D002B007683DA013C02DA00F6
:208BB000910000F7D9FFB4F089FF10387693DA013C02DA00910000F7D9FFB4F089FF113800
:208BD00076A3DA013C02DA00910000F7D9FFB4F089FF123876B3DA013C02DA00910000F7FF
:208BF000D9FFB4F089FF1338009091000047D944B4F082043B800D506D00902E910000474C
:208C1000D944B4F06DFF51FF910000F7D9FFB4F049F4140A6DFF49FF910000F7D9FFB4F0B0
:208C300049F4280A6DFF41FF910000F7D9FFB4F049F43C0A6DFF39FF910000F7D9FFB4F0DA
:208C500049F4101A6DFF31FF910000F7D9FFB4F07B0012F489FF2419910000F7D9FFB4F0B3
:208C7000DA0089FF2819910000F7D9FFB4F0BBD0CCFC9BCFECF389FF2C19910000F7D9FF74
:208C9000B4F07B0002F489FF3019910000F7D9FFB4F07B0012F489FF3419910000F7D9FF24
:208CB000B4F03B6066F69B6FFEF389FF3819910000F7D9FFB4F0DA0089FF3C19910000F7F2
:208CD000D9FFB4F07B8034F489FF0029910000F7D9FFB4F07B0012F489FF0429910000F772
:208CF000D9FFB4F03B6066F69B6FFEF389FF0829910000F7D9FFB4F0DA0089FF0C29910011
:208D100000F7D9FFB4F07B8034F489FF1029910000F7D9FFB4F07B0000F489FF1429910023
:208D300000F7D9FFB4F0DA0089FF1829910000F7D9FFB4F0BBD0CCFC9BCFDCF389FF1C29B0
:208D5000910000F7D9FFB4F07B802CF489FF2029910000F7D9FFB4F0DA0089FF24299100CF
:208D700000F7D9FFB4F0DA0089FF2829910000F7D9FFB4F0DA0089FF3429910000F7D9FF9A
:208D9000B4F0DA0089FF3829910000F7D9FFB4F0DA0089FF3C29910000F7D9FFB4F0DA00B3
:208DB00089FF0039910000F7D9FFB4F0DA0089FF1038910000F7D9FFB4F0DA0089FF113885
:208DD000910000F7D9FFB4F0DA0089FF1238910000F7D9FFB4F0DA0089FF1338910000F79A
:208DF000D9FFB4F0DA0189FF14386D00880800900B4510880B6710A8910000F7D9FFB4F095
:208E100009FF5438EE036DFFF2FE910000F7D9FFB4F089F82419910000F7D9FFB4F089F919
:208E30002819910000F7D9FFB4F089FA2C19910000F7D9FFB4F089FB30190090024F0B5602
:208E50001088027A0BF810480B9A10686D0009000BF810480B9A10686D00290000900B4512
:208E700010880B6710A8910000F7D9FFB4F009FF5438EE036DFFBBFE910000F7D9FFB4F06E
:208E900089F83419910000F7D9FFB4F089F93819910000F7D9FFB4F089FA3C19910000F7B9
:208EB000D9FFB4F089FB002900900B4510880B6710A8910000F7D9FFB4F009FF5438EE034E
:208ED0006DFF95FE910000F7D9FFB4F089F80429910000F7D9FFB4F089F90829910000F792
:208EF000D9FFB4F089FA0C29910000F7D9FFB4F089FB102900900B451088910000F7D9FF95
:208F1000B4F009FF5438EE036DFF71FE910000F7D9FFB4F089F82429910000F7D9FFB4F067
:208F300089F92829009002456DFFE7FF00900B4510880B6710A8910000F7D9FFB4F009FF77
:208F50005438EE036DFF53FE910000F7D9FFB4F089F81429910000F7D9FFB4F089F918293E
:208F7000910000F7D9FFB4F089FA1C29910000F7D9FFB4F089FB202900900248910000F7E2
:208F9000D9FFB4F009FF5438EE036DFF30FE910000F7D9FFB4F089F83C29009002454C46D3
:208FB000094014096B0031FF3BD0A3009B70F1034B0F51406D0003000090404F0B45108891
:208FD0007CF31D00C30291000027D922B4F0092F5438EE036DFF0BFE3BD07BF39B6F58F3E1
:208FF0004BF901F016038B0F20F26E053BF026919B39B89391000027D922B4F0092F5238DA
:2090100091000027D922B4F00920513891000027D922B4F0092153386E2991000027D922E1
:20903000B4F091000047D944B4F00942242991000047D944B4F009432C296B9261238922E5
:209050002C2991000027D922B4F091000047D944B4F00942282991000047D944B4F009433A
:2090700030296B92612389223029DF0FB000DF00AE00DF01AC0091000027D922B4F00920CB
:209090002C29483F6B0F314091000027D922B4F009203029484F6B0F31F091000047D944F9
:2090B000B4F091000027D922B4F04925241A02956DFF08FD022891000027D922B4F0492403
:2090D000140A91000027D922B4F04925241A0BF910486DFFF7FC91000027D9221440542F1A
:2090F00067FFBFFF4BF801F0370F61F06E0991000027D9221440542F67FFBF8F3C0F9100E0
:209110000027D9221440542F4BF801F0AE223C0691000027D9221440542891000027D922CA
:209130001440542F67FFBFFF4BF201F0370F61F06E0991000027D9221440542F67FFBF2F0A
:209150003C0F91000027D9221440542F4BF201F0AE223C0691000027D922144054229100DC
:209170000027D922B4F08928342991000027D922B4F089223829485F6B0F3148486F6B0FDD
:2091900031F2910000F7D9FFB4F049F4280A910000F7D9FFB4F049F5341A02956DFF92FC08
:2091B000022A910000F7D9FFB4F049F43C0A910000F7D9FFB4F049F5042A0BF910486DFFB4
:2091D00081FC022B82021D002501EE7DDF007C00DF017A0091000027D922B4F091000047BF
:2091F000D944B4F0094F2429892F342991000027D922B4F091000047D944B4F0094F28294B
:20921000892F382991000027D922B4F009202429485F6B0F314091000027D922B4F0092046
:209230002829486F6B0F31F0910000F7D9FFB4F049F4280A910000F7D9FFB4F049F5341A78
:2092500002956DFF3FFC022A910000F7D9FFB4F049F43C0A910000F7D9FFB4F049F5042A9D
:209270000BF910486DFF2EFC022B910000F7D9FFB4F009FF2829910000F7D9FFB4F009F065
:2092900024296B0031FF3BD0A3009B70F1034B0F51F0910000F7D9FFB4F089FF00396B0856
:2092B000314F910000F7D9FFB4F049F4101A910000F7D9FFB4F049F5142A02956DFF02FC32
:2092D0001D00A800EE63DF006200DF01608091000027D922B4F091000047D944B4F0094F1F
:2092F0002429892F342991000027D922B4F091000047D944B4F0094F2829892F38299100B9
:209310000027D922B4F009202429485F6B0F318091000027D922B4F009202829486F6B0F2D
:2093300021F0910000F7D9FF084002F46D00160AB4F2910000F7D9FF044002846D000E0A8C
:20935000B4F2910000F7D9FFB4F049F4280A910000F7D9FFB4F049F5341A0B8910486DFFFC
:20937000B1FB022A910000F7D9FFB4F049F43C0A910000F7D9FFB4F049F5042A0BF91048B2
:209390006DFFA0FB022B82023C44EE2BDF002A80DF012800820A820B910000F7D9FFB4F0BE
:2093B00091000027D922B4F0092F3C2989FF0039910000F7D9FFB4F009FF3C296B08314F84
:2093D000910000F7D9FFB4F049F4101A910000F7D9FFB4F049F5142A02956DFF73FB3C19CC
:2093F000910000F7D9FFB4F0DA0089FF3429910000F7D9FFB4F0DA0089FF3829910000F74B
:20941000D9FFB4F0DA0089FF00398202820B022A7B0027F44BFA01F0370F61F16E047B0097
:2094300027A43C097B0027FC4BFA01F0AE023C037B0027AC7B0027F44BFB01F0370F61F196
:209450006E047B0027B43C097B0027FC4BFB01F0AE023C037B0027BC7B8034F44BF201F07C
:20947000370F61F16E047B8034F43C0A7B8034FC4BF201F0AE03022F3C037B8034FC910033
:2094900000F7D9FFB4F089FA0439910000F7D9FFB4F089FB0839910000F7D9FFB4F089FF34
:2094B0000C39910000F7D9FFB4F009FF50386E4DDA004BFA01F0370F61F16E0CDA00821872
:2094D00002A46D006B090BF8104802266DFF61FA3C16DA004BFA01F0AE07820482058206FF
:2094F0006DFF57FA3C0CDA0082F867AABF4F6D0055090BF8104802266DFF4BFADA004BFBC5
:2095100001F0370F61F16E0CDA01821802B46D0045090BF8104802266DFF3BFA3C16DA0002
:209530004BFB01F0AE078214820582066DFF31FA3C0CDA0182F867BBBF4F6D002F090BF87E
:20955000104802266DFF25FA00902050404FFF54090091000048D94400F26D00C3053C317B
:20957000C81482046D0077030228C82482046D007203022FC83482046D006D030229C8444D
:2095900082046D006803022A37086840370F685037096860370A68706DFFF3FA74A878013D
:2095B00089A9080989AA0C0949A4100A91000058D95538F26D00172B49A4100A6D0092050E
:2095D000009091000048D944DCA16D008B0591000048D944F8A16D00850591000048D944FF
:2095F000DCB16D007F0591000048D944C0C16D00790591000048D944E0C16D00730591006E
:209610000048D944C8D16D006D0591000048D944E0D16D00670591000048D944C0E16D00D9
:20963000610591000048D944D4916D005B0591000048D944E8E16D00550591000048D94410
:2096500010A26D004F0591000048D94414326D0049050090209091000048D944C8F16D0034
:209670004105910000F7D9FFB4F009FF341974AF910000F7D9FFB4F009FF381978019100B1
:2096900000F7D9FFB4F009FF3C197802910000F7D9FFB4F009FF0029780349A4100A910028
:2096B0000058D955DCF16D009E2A49A4100A6D001905910000F7D9FFB4F009FF042974AF24
:2096D000910000F7D9FFB4F009FF08297801910000F7D9FFB4F009FF0C297802910000F781
:2096F000D9FFB4F009FF1029780349A4100A91000058D95510026D00762A49A4100A6D0071
:20971000F104910000F7D9FFB4F009FF241974AF910000F7D9FFB4F009FF28197801910081
:2097300000F7D9FFB4F009FF2C197802910000F7D9FFB4F009FF3019780349A4100A910077
:209750000058D95504126D004E2A49A4100A6D00C904910000F7D9FFB4F009FF142974AFCB
:20977000910000F7D9FFB4F009FF18297801910000F7D9FFB4F009FF1C297802910000F7C0
:20979000D9FFB4F009FF2029780349A4100A91000058D9553C126D00262A49A4100A6D00D4
:2097B000A104910000F7D9FFB4F009FF503874AF910000F7D9FFB4F009FF5138780191009E
:2097D00000F7D9FFB4F009FF52387802910000F7D9FFB4F009FF5338780349A4100A910050
:2097F0000058D9552C226D00FE2949A4100A6D007904910000F7D9FFB4F009FF242974AF84
:20981000910000F7D9FFB4F009FF28297801910000F7D9FFB4F009FF3C29780249A4100A70
:2098300091000058D9551C326D00DD2949A4100A6D005804910000F7D9FFCC3009FFC42820
:2098500074AF910000F7D9FFCC3009FF4828780149A4100A91000058D95508426D00C329C7
:2098700049A4100A6D003E04910000F7D9FFCC3009FF492874AF49A4100A91000058D9550C
:2098900028426D00B02949A4100A6D002B0400902050404FFF54090091000048D94418620A
:2098B0006D0020043C2EC81482046D0063010228C82482046D005E01022FC83482046D00E2
:2098D00059010229C8447B0002446D005301022A0B8F10480B9A10686DFF8CFA74A87801A3
:2098F00089A9080989AA0C0949A4100A91000058D95508726D00772949A4100A6D00F203BF
:2099100000902050404FFF54090091000048D94438426D00E7033C2EC81482046D002A0121
:209930000228C82482046D002501022FC83482046D0020010229C8447B802C446D001A017D
:20995000022A0B8F10480B9A10686DFF79FA74A8780189A9080989AA0C0949A4100A910025
:209970000058D95524526D003E2949A4100A6D00B90300902048404FFF340900910000483B
:20999000D94420926D00AE033C1DC81482046D00F1000228C82482046D00EC00022F0B8FF1
:2099B00010486DFFAAFA74A8780149A4080A91000058D9551CA26D00162949A4080A6D00AE
:2099D000910300902028FF24090091000048D9443CB26D0087033C3F094484093B20034011
:2099F0006D003901FF121700910000F7D9FFCC30DA0089FF0828910000F7D9FFCC30DA0064
:209A100089FF842891000048D94428C26D006A033C22910000F7D9FFCC3089F284289100D6
:209A300000F7D9FFCC30DA0189FF0828910000F7D9FFCC30DA0089FF862874A249A4040A3B
:209A500091000058D9553CC26D00CD2849A4040A6D00480300902050404FFF540900910050
:209A70000048D94400826D003D033C2EC81482046D0080000228C82482046D007B00022FD4
:209A9000C83482046D0076000229C8447B802C446D007000022A0B8F10480B9A10686DFF2B
:209AB00048FA74A8780189A9080989AA0C0949A4100A91000058D9552C826D00942849A452
:209AD000100A6D000F0300902048FF24090091000048D9443CA26D0005033C170944840943
:209AF00082046D004700022F02F46DFF48FA74AF49A4040A91000058D95520B26D00732838
:209B100049A4040A6D00EE0200902048404FFF34090091000048D94414D26D00E3023C1F91
:209B3000C8147B00F8436D0025000228C8243B80BB406D009000022F0B8F10486D0056033F
:209B500074A8780149A4080A91000058D95508E26D00492849A4080A6D00C40200906D0053
:209B7000A40391000048D94430E26D00BB020090BC44094F0008EE0302423C6B8212DA00C2
:209B90003C02C21F104F09F000083B0002105F10FA7F104F09F000083BD002105F10058090
:209BB00082F2C21F3C09104F09F000083BB002105F100380C21F82033C0D7B001204104F0D
:209BD00009F100088B011D104B0141116B036131C21F104F09F000083B0003103F10090035
:209BF000104F09F000083B9003107F01E87F104F09F000083BE002105F102780C21F82002A
:209C10007B0012143C11104F09F400088B041D404B0441414B1451406B0421007B001244D4
:209C30004B414110C21F104F09F400083B0003503F540900104F09F400083B9003507F4582
:209C5000E47F6B0021334B0241F14BF341203C010090BC44094F0008EE0302423C3882025A
:209C7000821082013C02C211014100F609F30008DA205F3FFA7F014100F609F30008DA2D1E
:209C90007E3482F0C2113C08014100F609F30008DA2B7E32C2113C0BDA0A014100F609F356
:209CB00000088B031D3003F20A23C211014100F609F30008DA303FF30900014100F609F307
:209CD0000008DA397F3FEA7FE2023C010090BC427C5382F23C283C1B0942000809500008D1
:209CF000DA413FF20700DA5A3F2F04008B020220DA413FF00700DA5A3F0F04008B00020048
:209D10005F020400A2023C0FB014B015094F00086E04095F0008EEE109420008095F000882
:209D3000A2F23C01009020A0BC44094F0008EE031D00E4008208DA003C0810AF10420920BE
:209D5000000889F02008C21F104F09F0000876053BF007003F0FF37F10AFDA0089FF200853
:209D7000534820F010AF49A2200AF4F2DA003C2310AF09F020083B0002105F10090010AFD1
:209D900009F020083B9000105F10138010AF820089F0200810AF09F02108760AC2185348FD
:209DB000200001A000F610A24922210AF4F2C21F370F70F010AF09F0200876053B80000011
:209DD0003F08D87FC218D4A491000058D95514326DFF7FFFF6256DFFF6FB1D008F00D4A4A0
:209DF00091000058D95510A26DFF73FFF6256DFF33FC1D008300D4A491000058D95528F2AD
:209E10006DFF67FFF62749A4000A02846DFF7BFD3C74D4A491000058D95554226DFF59FF69
:209E3000F62749A4000A02846DFF34FD3C66D4A491000058D95568226DFF4BFFF62749A460
:209E5000000A02846DFF09FE3C58D4A491000058D95578226DFF3DFFF62749A4000A0284F0
:209E70006DFF8AFD3C4AD4A491000058D9554C326DFF2FFFF62749A4000A02846DFF26FE88
:209E90003C3CD4A491000058D955F0816DFF21FFF62749A4000A02846DFF96FD3C2ED4A433
:209EB00091000058D955C4916DFF13FFF62749A4000A02846DFF2BFE3C20D4A491000058BC
:209ED000D955D4916DFF05FFF6246DFF4AFE3C15D4A491000058D955E0916DFFFAFEF627CF
:209EF00049A4000A02846DFF32FB3C0791000048D944F0916D00F600009091000047D9449A
:209F1000CC3082043BC009506D000825910000F7D9FFCC30DA3289FF8428910000F7D9FFC5
:209F3000CC30DA0089FF0828910000F7D9FFCC30DA0089FF0928910000F7D9FFCC30DA005E
:209F500089FF0228910000F7D9FFCC30DA0089FF8028910000F7D9FFCC30DA0089FF1629DC
:209F70000090910000F7D9FFCC3091000027D922CC30092F1629C24F89FF1629910000F75F
:209F9000D9FFCC3009FF42286E1591000047D944CC306DFFCAFE910000F7D9FFCC30DA008D
:209FB00089FF0228910000F7D9FFCC30DA0089FF8028910000F7D9FFCC3009FF48286E2512
:209FD000910000F7D9FFCC3091000027D922CC30092FC628C24F89FF8628910000F7D9FF99
:209FF000CC3009FFC628910000F7D9FFCC3009F0C4283F0F0B80910000F7D9FFCC30DA000F
:20A0100089FF86286D007900910000F7D9FFCC3009FF4928DE18910000F7D9FFCC3009FFE5
:20A030001629910000F7D9FFCC3009F00A29A20F910000F7D9FFCC3009F00E293F0F04803A
:20A050006D0033010090F6423C4BDA0D3E43DA0AFE4D910000F7D9FFCC3009FFC0286E159A
:20A07000910000F7D9FFCC3009FFC028910000F7D9FFCC3010FFDA0034FF910000F7D9FFAC
:20A09000CC30DA0189FF02283C2B910000F7D9FFCC3009F0C028DA7F3FF00A00910000F769
:20A0B000D9FFCC30DA0089FF80283C1A910000F7D9FFCC3009FFC028910000F7D9FFCC30B4
:20A0D00010FF34F4910000F7D9FFCC3091000027D922CC30092FC028C21F89FF802800906D
:20A0F0007C423C096D00F03B91000048D944C4D16D00EA3B009049AA00BA6D00CC0E7C2276
:20A110003C73910000F7D9FFB4F009F024294C256B0F3130910000F7D9FFB4F009F028299C
:20A130004C266B0F3100910000F7D9FFB4F009F13C29910000F7D9FFB4F009F200396B02EA
:20A150003111910000F7D9FFCC3009F2162974A2910000F7D9FFB4F009FF2429780191009E
:20A1700000F7D9FFB4F009FF282978024C2578034C267804910000F7D9FFB4F009FF3C293E
:20A190007805910000F7D9FFB4F009FF00397806910000F7D9FFB4F009FF04397807910016
:20A1B00000F7D9FFB4F009FF08397808910000F7D9FFB4F009FF0C39780989A3280989A0FB
:20A1D0002C0989A130094C23780D4C24780E49A43C0A91000058D95560026D00042549A4BE
:20A1F0003C0A6DFF7FFF00900B451088910000F7D9FF1C4091000027D922CC30092FC42818
:20A21000B4FF910000F7D9FF184091000027D922CC30092F482834FF6D00300E0B881048A3
:20A230006DFF6BF682148215820682076DFFA9F4910000F7D9FFCC30DA0189FF082891007A
:20A2500000F7D9FFCC30DA1489FF8428910000F7D9FFCC30DA0089FF8628910000F7D9FF35
:20A27000CC30DA0189FF0928910000F7D9FFCC3091000027D922CC30092F162989FF0A2901
:20A29000910000F7D9FFCC3089F90E29910000F7D9FFCC3089F8122991000048D944741205
:20A2B0006DFF20FF0090820482056DFF26F6910000F7D9FFCC3091000027D9221C40092F3B
:20A2D000C00889FF8428910000F7D9FFCC3091000027D9221840142F89FF0828910000F788
:20A2F000D9FFCC30DA0089FF092891000048D94444226DFFF7FE0090F445DA006C410C4886
:20A3100096012C480C4896022C480C48B70F01F12C480C48B70F81F12C480C48B70F01F235
:20A330002C480C4896202C480940C808DA0837F006F3AC440C49B70F01F22C49DA00894FDB
:20A350000E09DA00894F1209DA00894F0A090C49B70F81F22C490C49B70F01F32C49094F65
:20A370005808B70F01F0894F1808094F5808B70F81F0894F1808094F5808B70F01F1894F8F
:20A390001808094F5808B70F81F1894F18080090DA00344FDA00AC41DA00AC42DA00AC4360
:20A3B000DA002C48DA00AC45A00FEC43DA006C440090200874A449AF000A14FF344F0CA1F7
:20A3D0002C410CA22C420CA32C43009091000047D944E850820491000057D955C0703B0002
:20A3F00004506D00552C821491100048D9445AAA6D00153900902008820882098200DA0087
:20A410003C1F910000F7D9FFC06010FF14F13BD003205F21058092188F104001910000F7F8
:20A43000D9FFC06010FF14F13B1002205F21088092F1370168908F2040013C06C21F3B008A
:20A4500004103F1FE0FFDF30040082023C57820B3F890F80910000F7D9FFC06001F800F61E
:20A4700014F0DA2D7E05821BC21837086880820A820C820D028E3C3A910000F7D9FFC06071
:20A4900001FE00F614F0DA2E7E06821D5A8E370F68C03C29910000F7D9FFC06001FE00F658
:20A4B00014FF8B0F1DF0370F68F0BFAF048082023C25DF0D13004B0F61F174AFBBD0CC4CEC
:20A4D0009BC4DC435A8EA2CF4B0F41516D00BC2254AF6B2F61AA3C077B0012044B0F61F136
:20A4F0006B0A61AFC21E370E68E07FE9C7FF76B467AABF2F3C0202A23C010090910000F7CC
:20A51000D9FF204091000047D944E8506D00A52C74F2910000F7D9FF204054FFEE031D0001
:20A53000AA0091000047D944E85091000057D955C06091000067D966204082046D00C42B85
:20A550006DFF5BFF910000F7D9FFC06014F0DA445F0F6300DA4B5F0F3300DA503E031D0064
:20A570008900910000F7D9FFC060081F3B1003007E08910000F7D9FFB4F089F234193C1EA1
:20A59000910000F7D9FFC060081F3B2003007E08910000F7D9FFB4F089F204293C0F910098
:20A5B00000F7D9FFC060081F3B3003007E07910000F7D9FFB4F089F224193C5C910000F7A6
:20A5D000D9FFC060081F3B1003007E08910000F7D9FFB4F089F238193C1E910000F7D9FFEE
:20A5F000C060081F3B2003007E08910000F7D9FFB4F089F208293C0F910000F7D9FFC060A5
:20A61000081F3B3003007E07910000F7D9FFB4F089F228193C2F910000F7D9FFC060081F3E
:20A630003B1003007E08910000F7D9FFB4F089F23C193C1E910000F7D9FFC060081F3B2006
:20A6500003007E08910000F7D9FFB4F089F20C293C0F910000F7D9FFC060081F3B3003004D
:20A670007E07910000F7D9FFB4F089F22C193C023C010090200849A4000A6DFF9CFE49A464
:20A69000000A82446D00E7380090822491000047D94424406D00584F91000047D944E8507E
:20A6B00091000057D955244082146D00E72B00902008404F91000027D922B4F009242429E3
:20A6D0006DFFDAFF48546DFFD7FF486F67FFBF4F6DFFD2FF910000F7D9FFB4F009F40439A1
:20A6F0006DFFCAFF910000F7D9FFB4F009F408396DFFC2FF910000F8D9FF5C3249FF000A65
:20A7100049A2000AA03404FF242FFC4E49A4000A82446D00A03800908F841EF08F0F080166
:20A73000B70408FC3704E81BB71F812BDA7F7FF1048082020090DA967F1F048082023C06D1
:20A750008B6109F1325F0FF2002037024820760432523702482000908F841EF08F0F0801B9
:20A77000B70408FC3704E81BB71F812BDA7F7FF1048082020090DA967F1F048082023C0691
:20A790008B6109F1325F0FF200203702502076043252370250200090B70408FC3704E80B44
:20A7B000B71F811BDA7F3FF00580DA967F0F0480820200908B6009F1325F0FF100103701B6
:20A7D00068200090B70408FC3704E80BB71F814BDA7F7FF00480D2020090DA967FF00780AC
:20A7F00082058B6009611DFFFBC582058BA016601DFFF7C5B70408FC3704E80BB71F811B32
:20A81000DA7F3FF00580DA967F0F0480820200908B6009F1325F0FF10010370170200090A7
:20A830008B0420F28B0500F5EE0A7B0008008203B700892B8F7301F0A6F2009082029B023B
:20A85000F02FBBF0FF3F9BF3FF3F0F2480000F358010BA008B0100F4EE4C3B7001800B459D
:20A870001068BB00FF1F9BF1FF1F8F0400012651BA008B0100F4EE2182019BF1FF1F8F04B9
:20A8900000012651BA008B0100F4EE098F751E107745804302153B0003803C0F8F351F103B
:20A8B0007745804902153B4002803C078FF51F107745804F0215C2180F2480000F358010F6
:20A8D0008B0020F28B0100F5EEF202490B6710A8D2148B881E606DFF84C50F2A80000F3BC6
:20A8F0008010BA008B0100F4EE2B3B0008703C293B600930BB00000F9BF00F0026408F051B
:20A9100000118B0020F28B0100F5EE073BA00830774500568FC4004082009B0008008201A3
:20A930003C05C2F37745805006140B0430F10B1500F20B15A0F2EEF602401DFF7BFF820732
:20A950008BF29F008BF3BF1026A026B1BA008B0100F4EE038F0744718BF807608204029564
:20A970001D002C213BD03CF19B4FEDF34BF401F02E031D0092257B00F803BBA027F89BAFEC
:20A9900001F44BF401F02E2C3BB0FDF09B9FFCF34B4051406D0081256B02312F00906B0030
:20A9B00031F46B0021044B0F51406D0076253BB0FDF09B9FF4F36B0F2122009091100048B0
:20A9D000D94484F51D0002008208404F8209820A820BC81CC82D483C09FF1001DF1F2380DE
:20A9F00080CF160180D08F100001FE046E04C2FC04DF24CF76CF8F3C00018FEC1FF06E09D7
:20AA100002F140D2C2F16014442164C1FC4E90DD020CDF0CE07FC2FC60C204DF24CFFC2E81
:20AA30003CD9DE2580CF2E03C2FC24C9DF0CD37F8F3C00F106EC76C5C2FC60C264CAFC2F64
:20AA50006EC9C2FF60F224CBFC2F3CC48F0F1F00DF002E008F3F0001DF102B8080CF8F3F32
:20AA700000D180DF1603FEDB76DB02D440C440D56D00100701CD00C601DD00D6A2DC76CFD5
:20AA90008F3C00018FEC1FF06E0902F140D2C2F16014442164C1FC4E90DD020CDF0C9B7F59
:20AAB00002C440C440D56D00F5063C9400901603DF2F91FF80CF16036E0702F440C46D00E4
:20AAD000D20610CCA2FCDF0C867F8F3C004106EC76C5C2FC60C264C8FC2FDF047C7F40C4D2
:20AAF0006D00C1061DFF77FF0090205089A4380989A62C0989A73409DA01A00F820909AA79
:20AB10001019780C89A9081989A9280902A089A90019B70089FBF80678113700E8FB780879
:20AB30000258404C029D405D8BFF0FC27B00F8B376C658116E04029C09AD30095808BA0F95
:20AB50007813F68A3B700600580B3E043B7004007E0382183C23580D6F5F21803B10060036
:20AB7000580B3E043B100400FE095811EE0382083C1582788F3F000082013C06C2F88FC3FC
:20AB90001F107723000E0B011028FBF0000026202631BA008B0100F4EEF2DA00780F02A4E1
:20ABB0006D0035087625DA2D780F67AABFAFEE0E580D8F8F0101DA087E03DA2B3C068B007D
:20ABD0000102580FAB0FA2F0780F09A00019AA1089A00019DF0D1600580B910000F8D9FFA4
:20ABF000603210FF081F2E37910000F8D9FF2000F8063C1B910000F8D9FF2400F8063C156E
:20AC1000DF0C1D00580B910000F8D9FF603210FF081F2E36910000F8D9FF28003C059100D1
:20AC300000F8D9FF2C00F8065810BB90FF0F9239580D260F780D1D008C013B100600580B01
:20AC50003E053B1004005F0F27805808AB1F18FF780858109230F683580D2E22C210428090
:20AC700058083BC0F91FC2207FF106003B4006103F1F0400DA033C0A3B60FF1F7FF10600B4
:20AC90003BA000103F1F0400DA02780C580C12091D005F01580849AF0A0A6E7549A4140AA1
:20ACB00002A46D00981E09AC1409022A370CE8FB82006E55BBF028EC49AE130A7B0012D41E
:20ACD0009B5ECFE33C3F49A20A0A7D2E0C8049AF120A49AE130AA07209F03FF489E03FF406
:20ACF000FC2CBBD0CC0C58059BC0DC0349A4140A4B0F41406D006F1E89A20609DF0914808C
:20AD10006B0E21F24BDB41B04BDF41406DFF06FD762A4BBC514049A4140A82196D005B1EA2
:20AD300089A2060909AF06096B0E21FF4BDF41406DFFF4FC8B0203F089EF3FF4580AC21FF4
:20AD5000780A5805370FE8FBEEBF3C0304EF24FF49A2130A012E20F4EEFA3C154B0A01F00F
:20AD70006F2F12007B0012043C064B0A41A0580AC2FF780A4B0A41F089AF06094BBF01F09D
:20AD90006F0FF5FF3B600610580B028082093E143B6004107E13580A12803B500610580B86
:20ADB0003E143B5004107E12C210CE03DA003C038B7000F310A2492E0A0A3C117B0012F44D
:20ADD00049A4060A4BFA41406D00051E022A09A406096DFFA3FC8B0203F024FF01FE20F467
:20ADF000EE0649A2130A012F20F4EEE909EF000840EFC25F3C0A49AF0A0A01EF30F4EE0781
:20AE100040EF09EF3FF4C21F34EF3C08DA3134EF49EF010A580AC21F780A09E00008DA3946
:20AE30003F0FEB7F89F93FF049A20A0A012F20F4EE0609F00008DA305F0FF67F3B500600E3
:20AE5000580BBE013B5004003E0E3B6006005F0F3C003B6004005F0F3800580A3FF80400B8
:20AE7000FFDF330058103B50062049AF0A0A9210580B09A10A083E243B5004207E2C761387
:20AE900049AF0B0A14FFEE04580DAE227682C21042803C17028276158BF81F2049AF0B0A9E
:20AEB00014FFEE03580D2E22C21082013C0814FFEE03580D2E23C210B01FC2113F21F97F2A
:20AED0008B4000903C453B600600580B3E043B6004007E0F09A02809FA10AB10A09F5810CE
:20AEF00042F9F684580D6F2F34001A8992193C300280580A49AF0A0A4EF4581092193C0D0E
:20AF100009A1280958101219021F14F17612B01FABF01F00C2FFEEFA14FF6E02F604580DF1
:20AF30006F2F1700580AC219325F3C04C2FFC219C2F07607FF1FFC7F3C04C219B01FC2F03E
:20AF5000760314FFEEFB580D16042B09009F580F6E0D580D16036E0A61FF0BC309A43C0922
:20AF700040C46D005304DA00780FD806BD0F1A803B100600580B3E043B100400FE02580DAA
:20AF900016036E0F54DFC22F61FFE0C26D003E04580B40C48B7F01406D003804DA01781276
:20AFB000580D6F0F1680580EA29F3C0F61FFE1C2580D40C416028B0F20F2864F8B0F024035
:20AFD0006D002404580EC2FF780EFF1FF17F580F6E0861FFCEC209A43C0940C46D00160447
:20AFF000D806BCFA40F440C56D001F0454DFC23F74DF1D008A013B100600580B3E053B1073
:20B0100004005F0F9F808F28200058138B7001018B1F03A1BF1022008201DA177FF0080026
:20B03000821258110F021020262F6E02821182F2C2F00F0200F0C6F2F6145811262F6E0451
:20B050005811A62F78115811C21F7811EF7F0600DA0078113B2003A05812EE0D54DFC22FE8
:20B0700061FF74C26D00D203580B40C48B7F01406D00CC0361FF7DC202A440C46D00C6037B
:20B09000F683580D2E2561FF6EC26D00BF0358113B8001B054D08F1F00A0428074D03C180F
:20B0B0003B000340DF0B1100C2CB02B032500F0A00F0160F8B0F0340DA397F4F0600580BF1
:20B0D0008B6F1CF042F440C46D00A003C2F8FF18E97F580B40C48BFF00406D00970358083F
:20B0F000CEF63BD00240325F78083C033BB0024040C46D008B03580C54D0C22F42F0580CA4
:20B11000820110AF34F13BA00010580CC2FF370F68F0780C10AF58084B1F01228B0303F059
:20B1300034FF09A220094B12012289A26009DF02EEFF74D040A440C56D0077031D00E50000
:20B150003B50060049AF0A0ABE013B5004003E0E3B6006005F0F78003B6004005F0F7400A0
:20B17000580A3FF80400FFDF6F0009A00A08580AAB1F20A076093B700610580B3E143B708E
:20B1900004107E12C2F861FFF4C176063700684049AF0B0A3C033B00034040C46D0036035D
:20B1B00014FFEE0B580DAE29768C3B500600580B3E043B5004007E0561FFD5C16D00260361
:20B1D000820B3C1A09F00008F60A580DAE283B500610580B3E143B5004107E1D61FFC9C1C6
:20B1F000760537006840B01F3C033B00034040C46D000C03C21B3F8BE77F61FFBAC1580B8E
:20B2100040C48FDF0F416D000103C2FA54DFC21F0EA43BB002403C04325A3BD0024074DFD0
:20B2300040C46D00F30261FF96C18B00034040C46D00EC0261FF8FC18B01034040C46D00C4
:20B25000E5023C6209AA28094EA854DFC21F61FF7DC16D00DB023C1954D0C21074D014F4EC
:20B270007643B01F3C033B00034040C46D00CE023B600600580B3E063B6004003E03ABF86D
:20B290001F88C2FAFF1AEA7F3B600600580B3E063B6004003E0314FF6E02F684580D6F2F91
:20B2B000340061FF66C1580A3BE00240325F3C0854D03B000340C21074D0C2FFC2F840C4F8
:20B2D0006D00A402768BFF1FF57F3C0861FF51C104F440C46D009A02C2F8768314FFEEF752
:20B2F0003B600600580B3E0E3B6004003E0B580D2E2B3C0854DFC21F61FF28C16D008602B2
:20B31000C2F8DF08F9FF580EA29F3C0A54D03B00024040C4C21074D06D007802C2FFFF1F16
:20B33000F77F00902010404C405D89A68C09DA00780209D40008DF045002DA257E4409D0D2
:20B3500001047E08B01D49A5080A40C46D0054023CF1820A0BAA108809DF01003BD00200C2
:20B370007E048F1A40A13CF93BB002007E07BBF0FE0F26A08F8040A13CF03B0002007E06AF
:20B390006F3AECFF8F0A41A13CE83B0003007E048F2A40A13CE23B3002007E048F4A40A149
:20B3B0003CDC3BA00200FE03D803B04FF80309F83CF9CE848F1A40A1325809DF01003C0DE4
:20B3D00013A820FF8B0F1D8009DF01008B0F1D0037006800BFA0F6FF3BE002005F0F23808B
:20B3F0008F0A42A109DF01003BA00200FE05D803B04FF80309F93CF9CE968F1A40F1BBF003
:20B41000FDAF26FA09DF01003C0D13A920FF8B0F1D9009DF01008B0F1D0037006800BFA05E
:20B43000F6FF3BC006007E048F0A48A13C1E3B8006007E048F0A44A13C183BC004007E0412
:20B450008F0A50A13C123BA006007E04B71A81A43C0C3BA007007E04B71A01A53C063B40CB
:20B470000700FE01B71A81A53BC006003E043B8006007E0709D000087E04B71A01A6B01D8E
:20B4900009DF01003B3006005F0F2F808F1A00F1EE0E3C093B00024049A5080A40C46D005C
:20B4B000AB01C2F87F890400FF28F67FD80340C449A5080AB04FF80309F03CF937004840A8
:20B4D0006D009A01DF0F377F3C093B00024049A5080A40C46D009001C2F87F892C7FFF2858
:20B4F000F67F1DFF28FF3B400600BE013B9006003E0E3BF006003E0B3B8007003E083B80EA
:20B5100005003E053B5007005F0F598082023B4006003E043B9006007E0282123B0008018A
:20B530000F0A80105F0104006F9A05003B8000003C0282403B8000105F100980D80349FF3F
:20B55000080AF80309F078F93C15D803B04FF80309F03CF90B0000080B0110483B00040159
:20B570000F0A80105F010D807628370448000B0000080B0110483C13370468403C0F3B00D5
:20B5900004005F010B807626370450000B0000483C06370470403C02F62282056F5A060059
:20B5B000BBD0FF0F260A3C0282190BFA106889A440090B8910481D00CB003B300700FE069C
:20B5D0006F5A0680BBF0FF9F9BF9FF97D8030BA8104840C5029649A6080AB04FF80309F41E
:20B5F000BCF96D00CC021DFFA6FE3B600600BE063B600400BE033B500600BE003B500400E8
:20B610003E0D3B7006003E0A3B7004003E073B1006003E043B1004007E0DD8038F0A0211EE
:20B63000AB698091B04FF80302F609F03CF974A03C2C3B200700FE086F6A0800D803B04F16
:20B65000F80309F03CFA3C06D803B04FF80309F03CF98F0A02F1EA69DA004BF051F174AF12
:20B670003B6006603C123B200500FE09D8038F0A02F1EA6949FF080AF80309F478F96DFF1B
:20B6900091BE3B60066074A20B89104849A5080A02A740C46DFF2BFA1DFF4DFE3B00070061
:20B6B0005F0F5D806F8A45006F0A0E80DA113C093B00024049A5080A40C46D009D00C2F875
:20B6D0003F8FF8FFD803A03E49FF080A09FF3FF449A5080A370F684040C46D002101FCE7E3
:20B6F0003BA0034049A5080A40C46D008500D803A03E49FF040A09FF3FF449A5080A370F96
:20B71000684040C46D000C01FCE7DA113C093B00024049A5080A40C46D006E00C2F83F8FFC
:20B73000F8FFD80349FF080AF8031DFF04FED8033B8000400245B04FF8038F2A407109F03A
:20B750003CF9820189A040093B80076049A5080A40C46D0000011DFFEEFD3BE006005F0F85
:20B7700037803B0008010F0A80F03E036F9A0E00D803B04FF80309FFBCF909A0080982010E
:20B7900089F040091DFFD7FD3B000401260ADA407EAAD803B04FF80309FFBCF95802B4FF96
:20B7B0001DFFC9FD5F0A0B80D803B04FF80309FFBCF9580234FF1DFFBEFDD803B04FF803D8
:20B7D00009FFBCF9580274FF1DFFB5FD910000F7DA1959FFC08009A208090090910000F71A
:20B7F000DA1759FFC0803B0004406D000C007B00FC27009037046840545FC21F745F1D0023
:20B810000500BA0492F20090D44FBCF440F41D00C919CC414C4280F07FF0068034F4CC4106
:20B83000B01FEC410090404F405C3C06370F684040C46DFFEBFF09FF0100EEF900903704FC
:20B85000E82BB704894B8BF20F228B04002400903704E82BB704894B8BF20F228B042024E7
:20B8700000903BF00F00804F1603063F0FF0100082FFC6F0C2F4604F804FB70F02F060F23D
:20B89000B014542F260F742F77000004FCF60090804F16033BF00F008F3F00100F1010004D
:20B8B00082F1C610C2F4604F8041B7010220095101008F3F0030B0140F3110106022C21F4F
:20B8D000542216032602A612742277000004FDF0ED7F0090404F0B4510A849FD160A026888
:20B8F00040FCDA0034DF820702860BAB10486DFF9DBD23820A0A0B2310A88BA060F2CA70D4
:20B910008B0003F089DF3FF48B0220F28B0300F5EEEB04DF24FFEEFE40C200900248404FA6
:20B930008FC83F40405CDA090B4F2001DA37AB0F83F042F46DFF60FF8FF8000140F4DA0949
:20B9500040C50B0F2011DA37AB0F834142041DFF53FF026E2020DA58404F0B4510A8405C2F
:20B97000027909AC600982085FEF7300DA643EEDDA693EEBDA6F5FEF6C00DA75BEE4DA78B8
:20B990005FEF67001D00ED00D2000B0C50F10B1D00F20BD190F2EE073BD002800BC0C0C069
:20B9B0000BD1D0D00BCD104840A43BA000606DFF93FFF6B6BA0C8B0D00F4DF0FDF8040A47F
:20B9D0006D007719370268C0DF081180DA753EE88F890101DA087E043BB002803C078F89C6
:20B9F00001F18B0F01F2AB08A28F768CABFA1FAA8F3900F16E0740F4028440C56DFFFCFE11
:20BA100082086F0914808F2900F18B0F20F2864F8B0F02F03C0740F402F440C56DFFECFE02
:20BA3000C2FA7FAB04003FACF87F768E40F4028440C56DFFE1FE3C08C2FB61FF76BD6DFF9C
:20BA5000DBFEABFA1FAA3FBCF97F1D008A008BFE268240A48F3820F08B8F00600BCD1048DF
:20BA70006DFF3AFFDA78FEE314AF40A26E10092000088BF01BF0370F6810DA193F1F058070
:20BA90008B0002F0342F092F0104EEF240A46D001019370268F078068B0C20F28B0D00F5DA
:20BAB000EE0AF6B6DF086A806F296800821BBBB0FFFF26F96F291B006F191300768E61FF2A
:20BAD00034BD6DFF99FEABFA1FAA40F402E440C56DFF92FEABFA1FAABBB0FFFF26F9DA6F9A
:20BAF0007EE558063FBF0300921B6F29090076875806C22BC22F370F68F078066F091580C4
:20BB10008F2900F18B0F20F2864F8B0F02C03C0740F402C440C56DFF6FFEC2FA7FAB050089
:20BB300058063FAFF77F6F291900DF08170061FFFCBC6DFF61FEABFA1FAA40F402E440C514
:20BB50006DFF5AFEABFA1FAA3C08C2FB61FFEDBC6DFF52FEABFA1FAA58063FBFF87FBBF0F1
:20BB7000F74F40A4BBF0FF6F40F5269440C602A59BF6FF671D00030000900248404F025FF5
:20BB9000405C0269406D6D009418022A6F0819803C083B00024040C440D56DFF2DFEC2FF5A
:20BBB0003FFAF97F3FF9F77F3C0BC2F909F40100DF04110040C440D56DFF1EFE8AFFDF0910
:20BBD000F6FF3C083B00024040C4C2FF40D56DFF13FEEEF90090910000F7D9FF2840D4F243
:20BBF00091300057D955C08701240046015420F4EE0891400057D955C088014530F4EE04E4
:20BC100082FF60F20090F4F400908F141E2000900B4510882008DAFF3708E80B7E086DFFBB
:20BC300019FE7623028200901DFFDAFDDA004BF801F02E046788BF8FC229BB3098FF9B2F89
:20BC5000F2F34BF84140BB0080FF9BFF6FF44BF401F0AE2B4B0431F14B0F410142F96B0038
:20BC700031848F3900F13C1840A46D00B4164B09410154AF022840A46B0021FF7B00E8033F
:20BC90004B0F41406D00A71654A07B0008146B1071FF4B0F31F12E057B00F8036B083180D0
:20BCB000BF2F04006788BF8F4B8841F0BB104B0CBBD0511E9B6012049BD1321C6B0F61017E
:20BCD0003BC034159B4140146BF06101BB10D11E9BE11D146B8861113BE0B5279B823A24E5
:20BCF0006BF161F24B8041004BF0512000900B4510886DFFAFFDF62502946DFFABFD7624DE
:20BD10006B092128009002846DFF9BFDDF021B007B00F8F74BF901F02E163BB0FD409B9406
:20BD3000F4433C4D7B00F8FF4BF901F01602BB40BE4C9B6401443BB0FD009B90FC036A04AB
:20BD50003C3E3709E8FB8200BA0F6E193708E8FBEE098F191EF03BB0FD209B9204246A824C
:20BD700000904B0801F016043BB0FD209B92FC233BB0FD009B90FC0B6A0200904B0901F016
:20BD90006F0F2C003708E8FB6E164B0801F02E2E3BB0FDF09B9F04F46788BF0F4B90514070
:20BDB0006DFFE2F56B02312F00907B00F8FF4BF901F02E183BB0FD409B94044402851D00A3
:20BDD0001D004B9851406DFFCFF53BB0FDF09B9F04FC6B0F212200904B0801F02E254B98B9
:20BDF00051401DFFC1F56788BFFF4B9F51406DFFBBF56722BF2F0090B704812F8F151EF068
:20BE10008FFF01F0A6F20090B704814F82151DFF01FF6D00F31B6D00AA1C6D00EF0C6D00AA
:20BE3000F91B3C056D0085106DFF6AF33CFC00906D001C1C82046D00D6216D00EB1B3C01CB
:20BE50003C0000908234825582666D00E82F8224823582466D00E32F82346D00982E8224DA
:20BE70006D00952E91000047D944DC8082043B0002506D0053150090910000F7D9FFDC80FD
:20BE9000DA006CF3910000F7D9FFDC80DA006CF4009091000027D922DC803C0100903704BC
:20BEB000E8FB8B0F20F26E06910000F7D9FF304074F43705E8FB8B0F20F26E06910000F770
:20BED000D9FF344074F53BD07BF39B6F58F34BF601F0370F61F16E06910000F7D9FF2C40C5
:20BEF00074F6009082346D00722E32523702508082246D006C2E0229910000F7D9FF384038
:20BF1000B4F8910000F7D9FF3C40B4F982346D003E2E82246D003B2E910000F7D9FFDC8015
:20BF3000B4F8910000F7D9FFDC80A819910000F7D9FFDC804B0841F191000027D922304064
:20BF500054204B0F41F06CF1910000F7D9FFDC804B0941F191000027D922344054204B0F3E
:20BF700041F06CF291000027D922DC80910000F7D9FFDC80483F910000F7D9FFDC804810BC
:20BF90006B0021FF6C2391000027D922DC80910000F7D9FFDC80484F910000F7D9FFDC8059
:20BFB00048206B0021FF6C2491000027D922DC80910000F7D9FFDC80481F910000F7D9FF5C
:20BFD0002C4054F04B0F51F06C2591000027D922DC80910000F7D9FFDC80482F910000F7AB
:20BFF000D9FF2C4054F04B0F51F06C2691000027D922DC80910000F7D9FFDC80485F910079
:20C0100000F7D9FFDC8048606B0021FF7B00F0034B0F41F06C2700903704E80BDAFF7E0908
:20C03000B70489FBEE048F141EF0AA04024200903704E8FBEE047B00F82300907B202BFC94
:20C050004BF401F02E073B8000406DFFDCFB820200907B202BF44BF401F02E2D910000F74C
:20C07000DA1859FFC0803B0002406DFFCCFB7B00F8270090BBB0A3FA9B8FFBF34BF441F0BC
:20C0900002F46D002E004B0231513BD0C6144B054101BB603A2E6B0031FF7B00F0036B00C2
:20C0B00031FF9BC1D6134BFF41009B620E246B1061123B304F209B52FB234BF141F0BB80C6
:20C0D000D2189B611A146B0121006B0F21106B0F31F04B2141104BF151401D00E412DA00F2
:20C0F00020084BF401F074A46F0F15006744BF4F40A46D0070143702E8FB6E0754AF7B0090
:20C11000F8036B0021FF74AF54AF67FFBFFF74AF3C0440A46D005F1454A20090BD043100A0
:20C13000B0C4404C54CF910000D7B70F0180D9DDD880D4DF74C801C800E654EF6E04AE030B
:20C1500042F83CF954F001F000267DC20580420874F840FCEE1082046DFF3FFDB04E7DE2C6
:20C170000A80325802846DFF38FD802F1EF3DA0074CFD4DF80CF80F00B0F90F174DF0090A7
:20C1900002453705E80BF605820474441DFF36FE8B2018F0744FDAFF7E0302520090B70520
:20C1B000882B7B00F0F3A6F2009091000027D92200503C0100903B8000003C29534020F0A3
:20C1D000105F54F18B1000203C1053402030534222F0104F01F300F654F3534220F0105F66
:20C1F00054FF6BF37111C212DA093FF2F07F534020F0105F53402020534022F010420122A6
:20C210000026542F4BF151F074FFC2F0FF00D87F0090404C405D82003C1182013C0B534187
:20C2300020F05340222001D200F610FFDA0074FFC211DA093FF1F57FC210DA093FF0EF7F38
:20C2500082083C75820082013C1453412020534822F010DF01F200F654F253412030534820
:20C2700022F010DF01F300F654FF6BF26100C2113F81ED7F53482010534822F010CF01F16A
:20C2900000F654FF6B00314FBB8050FE9BCFE3F14BF401F016038B0F20F26E0382023C4C21
:20C2B00053482000534822F010DF01F000F66D00AA1474F28B1800403C36820082013C14F5
:20C2D00053412020534422F010DF01F200F654F253412030534822F010DF01F300F654F302
:20C2F0006B326100C2113F81ED7F53482010534422F010DF01F100F653442010534822F072
:20C3100010C20121002654216B00310153482010534822F010D201210026542F4BF051F040
:20C3300074FFC214DA093FF4CA7FC218DA093FF88B7F82123C01009082003C27534020F05E
:20C35000105F54F182023C10534220F053402230014300F610FF54F3534220F0105F54FFC8
:20C370006BF37111C2123F02F17F534020F0105F534020F053402220014200261022542FA0
:20C390004BF151F074FFC210DA093FF0D97F0090D9AA800F404F7CF23C3482043BF003504E
:20C3B0006D004D2E49A4000A3BF00F403B0080506D00B4123B2074F49B1FD4F474AFDA0391
:20C3D000780148CF780248DF780348EF780482003C0C534020F010F209213C099A50534F84
:20C3F00020F010A27421C210DA093FF0F47F82043BF0035049A4000A3B0020606D00982E96
:20C4100000902030404FBCF791000027D9223CA0142FEE0382023C4491000027D9223CA094
:20C43000DA00342F91000027D92200B05420DA647FF0048082023C3449A4000A6D00D9096D
:20C4500049A40C0A6D00880291000047D944FC8091000027D92200B0542449A5000A49A69F
:20C470000C0A6D008502F62382023C1A54AF6CFC58016CFD58026CFE82003C0A534020F053
:20C4900010F2534020F010A44C436C2FC210DA093FF0F67F40F46DFF7DFF82123C01009033
:20C4B000910000F7D9FF0C90DA006CFC910000F7D9FF0C90DA006CFD910000F7D9FF0C90F3
:20C4D000DA006CFE910000F7D9FF0C907B00F8F36CFF910000F7D9FF0C90DA0089FF0019C4
:20C4F000910000F7D9FF0C90DA0089FF0419910000F7D9FF0C90DA0089FF0819910000F7AA
:20C51000D9FF0C907B00F8F389FF0C19910000F7D9FF0C90DA0089FF1019910000F7D9FF9D
:20C530000C90DA0089FF1419910000F7D9FF0C90DA0089FF1819910000F7D9FF0C907B00BA
:20C55000F8F389FF1C19910000F7D9FF3CA0DA0134FF910000F7D9FF00B0DA0074FF9100EB
:20C5700000F7D9FF04B0DA0074FF910000F7D9FF38A0DA0034FF0090910000F7D9FF00B0F6
:20C5900054F23C010090910000F7D9FF3CA014F23C0100902048404C405D82003C16820181
:20C5B0003C105F1005807B00F8233C02820253412030534022F010DF01F300F674F2C21138
:20C5D000DA093FF1F07FC210DA093FF0EA7F82081D00BD0182091D008E018B1900A01D007F
:20C5F0008601534A2000534922F010CF01F000F654F0B700810FBBF02E199B3119124B10A4
:20C6100001F0370F61F06E031D00700153492000534922F010CF01F000F654F0534A201042
:20C63000534A22F010CF01F100F654FF6B0F31F0B70F81FF3BD0D7019B0069024B0F01F00C
:20C65000370F61F06E17534A2000534922F010CF01F000F654FF82004B0F01F0AE263BB09E
:20C67000FDF09B9FF4FB3C053BB0FDF09B9FF4F33C25534A2000534922F010CF01F000F6C8
:20C6900054FF7B0000044B0F414053492000534922F010CF01F000F654F0534A2010534AFF
:20C6B00022F010CF01F100F654FF6B0F31506DFF20FB7B00F0F34BF241F002F46DFFA6FBED
:20C6D000022B02F46D0077124B224130534A2000534A22F010CF01F000F654F54BBB410091
:20C6F00053492010534922F010CF01F100F654FF4BF041007B0000F44BFB41F04B2F411069
:20C71000534A2040534922F010CF01F400F654FF6BF171F06B53613F4BBB4140534A2000E2
:20C73000534A22F010CF01F000F654F54B22416053492000534922F010CF01F000F654F7A2
:20C750007B0000F44BFB41F04B2F4100534A2010534922F010CF01F100F654FF4BF041F027
:20C770006B7661FF6B54611F82043C1A534420F010AF53442000534922F010C20120002669
:20C79000542F74FF534420F010AF53442000534A22F010C201200026542F6CF9C214DA090D
:20C7B0003FF4E67F53492000534922F010CF01F000F674F3534A2000534A22F010CF01F0FE
:20C7D00000F674F1534A2000534922F010CF01F000F6DA0074FF53492000534A22F010CF26
:20C7F00001F000F6DA0074FF82013C4E5F914C005FA14A0053412000534922F010CF01F030
:20C810000026534120F010AF54FF4BFB4100534120F010AF489F6BF271F0742F534920003E
:20C83000534122F010CF01F000F653412000534922F010C201200026542F74FF5341200057
:20C85000534A22F010CF01F00026534120F010AF54F0534120F010AF489F4BFB41F06B024E
:20C8700061FF742F534A2000534122F010CF01F000F653412000534A22F010C20120002600
:20C89000542F74FFC211DA093FF1B27F82033C2A53492000534322F010DF01F000F654F40E
:20C8B000534A2000534322F010DF01F000F654F053492010534322F010DF01F100F64B4B08
:20C8D00041F06B0271FF74FF534A2010534322F010DF01F100F64B0B41F06B4261FF74FF74
:20C8F000C213DA093FF3D67FC21ADA093FFA7B7EC219DA083FF9737E820082013C198B111C
:20C9100000203C1253422030534122F010CF01F300F654FFB70F813F4B0301F0370F61F195
:20C930006E020230C212DA093FF2EE7FC211DA083FF1E77F3BC04DF29B4F83F24BF001F0E0
:20C95000370F61F06E023C06C2183B401FF03FF8437E009082003C07534020F0104FDA00F1
:20C9700074FFC210DA093FF0F97F0090D9AA505F405C406DDA647FF4058082021D003807B7
:20C9900082003C17534020F010A2DA00892F045982013C0B534120F05340222001A2002662
:20C9B000102FDA0074FFC211DA093FF1F57FC210DA093FF0E97F82011D008B0053C120F0E6
:20C9D000104F54F253C120F0104F481353C120F0104F48254B2241F0785A4B3341F0785BE2
:20C9F0004B5541F0785C7B0000044B0241004B3041F0785D7B0000044B0241004B5041F01B
:20CA1000785E7B0000044B0341004B5041F0785F7B0000F44BF241F078607B0000F44BF31D
:20CA300041F078617B0000F44BF541F0786282033C4B534320F010AF534320F010A2092030
:20CA50000459534320F010A2092228596B02210089F0045902353C34534320F010AF09F0FC
:20CA70002859534520F010AF09F228594B20410053452020534322F010AF01F200F65345D6
:20CA90002020534322F010A20122002654226B00212274F25F53140053432020534522F0D3
:20CAB00010AF01F200F653432020534522F010A201220026542F6B0021FF74FFC215DA0908
:20CAD0003FF5CC7FC213DA093FF3B57FC2113F41777F49A4000A49A5285A6DFF9CFBF624DC
:20CAF00082021D00850682003C1282013C0C534120F05340222001A200F610FFDA0059FF0C
:20CB10002CA0C211DA093FF1F47FC210DA093FF0EE7F7B0000F478AD7B0000F478BD7B00DC
:20CB3000F8FB78B582083C3082003C10534020F010AF534820F05340221001A10026102235
:20CB5000192F2CA059FF7440C210DA093FF0F07F49A4285AD9A574406DFFF0FB82003C108C
:20CB7000534820F05340221001A100F610FF534020F010A2192F744059FF30F0C210DA0910
:20CB90003FF0F07FC218DA093FF8D07F82083C3082003C10534020F010AF534020F0534840
:20CBB000221001A100261022192F30F059FF7440C210DA093FF0F07F49A4285AD9A57440D1
:20CBD0006DFFFBFA82003C10534820F05340221001A100F610FF534020F010A2192F7440AE
:20CBF00059FF5850C210DA093FF0F07FC218DA093FF8D07F82033C338B1300003C2C534002
:20CC10002010534322F010AF01F100F619F1585053432020534022F010AF01F200F619F2A5
:20CC300058506B0221117B00F0234B21411053402020534322F010AF01F200F659F158503D
:20CC500053432020534022F010AF01F200F659F15850C210DA093FF0D47FC213DA093FF38E
:20CC7000CD7FD9A45850D9A55CA06DFF95FC82083C3082003C10534020F010AF534820F0EB
:20CC90005340221001A100261022192F5CA059FF7440C210DA093FF0F07F49A4285AD9A535
:20CCB00074406DFF8AFA82003C10534820F05340221001A100F610FF534020F010A2192F3E
:20CCD000744059FF60F0C210DA093FF0F07FC218DA093FF8D07F82F2BBA02C3F9B93143F97
:20CCF00082043C3C534420F010AF19FF60F07B0008044B0F4100534420F010AF19FFA80010
:20CD10004BF04100534420F010AF19F18C10534420F010AF19FF8C106BF171F082004B0FC8
:20CD300001F0370F61F16E19534420F05344220001A000F610FF19FF58504B3F01F0370F4C
:20CD500061F16E0B534420F05344220001A000F610FF19F358500242C214DA093FF4C47FCB
:20CD7000BF02180082003C10534020F010AF534220F05340221001A100261022192F60F09E
:20CD900059FFA440C210DA093FF0F07F1D001B0182003C2382013C13534120F0538022204F
:20CDB00001A200F610FF534120F05340222001A200261022542F59FF8850C211DA093FF1AE
:20CDD000ED7F538022F010AF534020F010A2092F045959FFAC50C210DA093FF0DD7F820330
:20CDF0001D00A800023453432000538322F010AF01F000F619F08850B700810F8B1300100E
:20CE10003C1E53432020538122F010AF01F200F619F28850B702812F4B020120370261F1FF
:20CE30006E0D53432000538122F010AF01F000F619F08850B700810F0214C211DA093FF101
:20CE5000E27F3BD0D7F19B0F69F24BF001F0370F61F06E0482021D00CB045F342C008200A3
:20CE70003C2653402010538322F010AF01F100F619F1885053402020538322F010AF01F29F
:20CE900000F653402020538422F010A201220026192F885059FF885053402020538422F0C9
:20CEB00010AF01F200F659F18850C210DA0A3FF0DA7F8B1300503C3953432000538522F057
:20CED00010AF01F000F619F0885053432010538322F010AF01F100F619F188504B105100D8
:20CEF00002313C1F53412020538522F010AF01F200F653412020538522F010A20122002675
:20CF10001922885053412040538322F010A201240026192F88506BF071F259FF8850C21134
:20CF3000DA0A3FF1E17FC215DA093FF5C77FC213DA093FF3597F3B8000403C42534420F057
:20CF500010AF538422F010A21920AC5059F0A4408B1400003C1C534420F010AF534420F001
:20CF700010A21921A44053402020538422F010A20122002619228850534020F010A2192376
:20CF9000A4406B32711159F1A440C210DA093FF0E47F534420F010AF534420F010A2192011
:20CFB000A44053442010538422F010A201210026192F88504BF051F059FFA440C2F4FF0442
:20CFD000BF7F19AFA44059AF885019AFB04059AF8C5019AFB44059AF905019AFB04059AF77
:20CFF000945019AFA84059AF985019AFB84059AF9C5019AFB44059AFA05019AFB84059AF6D
:20D01000A45019AFAC4059AFA85019AFBC4059AFAC5019AF805059AFB05019AF845059AF4C
:20D03000B45019A3905019AF945019A0A4504B0F41F019A0985019A1A0506B10715F19AFFE
:20D05000885019A0985019A1A8504B10410019A19C5019A2A4506B2171004B0F41F019A063
:20D070008C5019A1945019A2A8504B21411019A29C5019A4A0506B4271116B1071FF6B538A
:20D09000612FB70281FF3BD0D7019B0069024B0F01F0370F61F06E0482021D00A90319AF65
:20D0B000985019A0A8504B0F41F019A09C5019A1A4506B1071FF4B2F51F059AFB85019AF6B
:20D0D000905019A0A4504B0F41F019A08C5019A1A8506B1071FF4B2F51F059AFBC5019AF5F
:20D0F0008C5019A09C504B0F41F019A0905019A198506B1071FF4B2F51F059AF806019AF83
:20D110009C5019A0A0504B0F41F019A0945019A1A8506B1071FF4B2F51F059AF846019AF36
:20D13000885019A0A8504B0F41F019A0905019A1A0506B1071FF4B2F51F059AF886019AF2A
:20D15000905019A094504B0F41F019A0885019A19C506B1071FF4B2F51F059AF8C6019AF1E
:20D17000945019A0A4504B0F41F019A0985019A1A0506B1071FF4B2F51F059AF906019AFD2
:20D190008C5019A0A0504B0F41F019A0885019A1A4506B1071FF4B2F51F059AF946019AFC6
:20D1B000885019A098504B0F41F019A08C5019A194506B1071FF4B2F51F059AF986019AFBA
:20D1D000806019A0B45019A1B85019A2AC5019A3BC5019A4B0504B4341306B2161136B0F2B
:20D1F00061F167FFBFFF74CF19AF8C6019A0B45019A1846019A2AC5019A3886019A4B0503F
:20D210004B4341306B2161136B0F61F167FFBFFF6CC119AF986019A0B45019A1906019A200
:20D23000AC5019A3946019A4B0504B4341306B2161136B0F61F167FFBFFF6CC209C008097E
:20D2500019A1B45054C219A3AC504CC119A4B0504B4F41F06B3261FF6B1061FF7B00F8034F
:20D270006B00210FDA004BF001F016038B0F20F26E0482021D00BC0282013C1B82023C16B7
:20D29000534220F053C1203001A300F610FF534220F053C1203001A300261022192F8850A7
:20D2B0004B0F51F059FF9C60C212BF32EB7FC211BF31E67F82003C2882013C23534120207C
:20D2D00053C020F010AF01F200F65341202053C020F010A201220026192F9C6059FF8070F5
:20D2F0005F1005807B00F8233C0282025341203053C020F010AF01F300F659F2A470C211F0
:20D31000BF31DE7FC210BF30D97F82081D00C60182008209821A82013C258B1100203C1F85
:20D330005342203053C120F010AF01F300F619FF8070B70F81FF4B0F01F0370F61F16E0E7E
:20D350005342200053C120F010AF01F000F619FF8070B70F810F0219022AC212BF32E27F73
:20D37000C211BF31DC7FBBC0CCFB9BCFB8F24BF001F0370F61F06E031D009301534920F098
:20D3900053C9200001A000F610FF19F08070534A20F053CA201001A100F610FF19FF8070F9
:20D3B0006B0F31F0B70F81FFBBC0CC0B9BC0B8024B0F01F0370F61F06E18534A20F053C9E4
:20D3D000200001A000F610FF19FF807082004B0F01F0AE263B80FDF09B9FF4FB3C053B8001
:20D3F000FDF09B9FF4F33C28534A20F053C9200001A000F610FF19FF80707B0000044B0F3B
:20D410004140534920F053C9200001A000F610FF19F08070534A20F053CA201001A100F662
:20D4300010FF19FF80706B0F31506DFF62F47B00F0F34BF241F002F46DFFE8F4022B02F4DB
:20D450006D00B90B4B224130534A20F053CA200001A000F610FF19F480704BBB410053493D
:20D4700020F053C9201001A100F610FF19FF80704BF041007B0000F44BFB41F04B2F411064
:20D49000534A20F053C9205001A500F610FF19FF80706BF171F06B43613F4BBB4140534A61
:20D4B00020F053CA200001A000F610FF19F580704B224160534920F053C9200001A000F6DE
:20D4D00010FF19F780707B0000F44BFB41F04B2F4100534A20F053C9201001A100F610FFEC
:20D4F00019FF80704BF041F06B7661FF6B54614F82003C1E534020F010AF534020F053C9FB
:20D51000201001A100261022192F807059FF8880534020F010AF534020F053CA201001A145
:20D5300000261022192F807059FF9480C210BF30E37F534920F053C9200001A000F610FF2E
:20D5500059F38070534A20F053CA200001A000F610FF59F48070534A20F053C9200001A028
:20D5700000F610FFDA0059FF8070534920F053CA200001A000F610FFDA0059FF8070820140
:20D590003C585F9156005FA15400534120F053C9200001A000F610FF534120F010A2192F29
:20D5B00088804BFB4100534120F010A2192F94806BF271F059FF8070534920F053C1200034
:20D5D00001A000F610FF534120F053C9200001A000261022192F807059FF8070534120F098
:20D5F00053CA200001A000F610FF534120F010A219208880534120F010A2192F94804BFBA9
:20D6100041F06B0261FF59FF8070534A20F053C1200001A000F610FF534120F053CA20004C
:20D6300001A000261022192F807059FF8070C211BF31A97F82033C2E534920F053C32000A5
:20D6500001A000F610FF19F4A470534A20F053C3200001A000F610FF19F0A470534920F0A1
:20D6700053C3201001A100F610FF4B4B41F06B0271FF59FFA470534A20F053C3201001A108
:20D6900000F610FF4B0B41F06B4261FF59FFA470C213BF33D37FC218DA323FF83B7E19AFBE
:20D6B000807059AF888019AF907059AF8C8019AFA07059AF908019AF807082004B0F01F009
:20D6D00016038B0F20F2EE1319AF8C8082004B0F01F016038B0F20F2EE0A19AF90808200BC
:20D6F0004B0F01F016038B0F20F26E0382023C7F7B00F8F319A480706D00850A4B2F51F090
:20D7100059AF94807B00F8F319A48C806D007B0A4B2F51F059AF98807B00F8F319A49080AE
:20D730006D00710A4B2F51F059AF9C8082023C4082033C3B534320F053C2200001A000F6A4
:20D7500010FF53C220F010A2192FAC7019A09C804B0F415053C320F010A21926AC7053C267
:20D7700020F010A2192FA47019A094804B0F410053C320F010A21921A47053C220F010A216
:20D79000192FA87019A498804B4F414053C320F010A2192FA8704BF441F06B1061FF6B65D6
:20D7B00061FF59FFA080C213BF33C67FC212BF32C17F19AFA08074DF19AFA4806CD119AF44
:20D7D000A8806CD219AFAC806CD319AFB0806CD419AFB4806CD519AFB8806CD619AFBC80E5
:20D7F0006CD719AF80906CD882123C010090DA006C426C41744F009082046D0077166DFFE5
:20D8100023F33B9059409B149C433B9059509B159C5B3BF026619B36A8636DFF42F36D0039
:20D83000471F6DFFD5E56DFF19D982043B803E506D0043266DFFDBD97B0008446DFF75DBA6
:20D8500082148215820682076DFF9BD900902018910000F7D9FF08B009FF5008EE031D004C
:20D8700049026DFFE8D66DFF16F3402C8204820591000048D9446CB26D00201B6DFF97F482
:20D890000C2C6E0B3B400640820591000048D94478B26D00131B3C0A3B40064082059100A5
:20D8B0000048D94440C26D00091B82043B00015091000048D94448C26D00001B910000270E
:20D8D000D92208B0092F5108EE0C3B0003403B00015091000048D94450C26D00EF1A3C0B2B
:20D8F0003B0003403B00015091000048D94464726D00E41A49A4040A49A5080A49A60C0AD7
:20D9100049A7100A6DFF9DD682043B00025091000048D9446C726D00D11ADA0134AF3B8056
:20D9300002403B00025058013B10EE029B5026044B0F416082376D003F1A82043B000350D1
:20D9500091000048D94474726D00B81ADA0134AF3B0003403B00035058023B10EE029B5052
:20D9700026044B0F416082376D00261A3B9006403B00035091000048D9447C726D009E1A64
:20D99000DA0134AF3BB009403B00035058033B10EE029B5026044B0F416082376D000C1A05
:20D9B00082043B00045091000048D94444826D00851ADA0234AF3B0005403B000450580450
:20D9D0003B10EE029B5026044B0F416082376D00F3193BC008403B00045091000048D944F2
:20D9F00050826D006B1A91000027D92208B0092F5108EE6682043B00055091000048D944F7
:20DA100054826D005B1ADA0234AF3B0003403B00055091000027D92208B0542682376D0066
:20DA3000CB193BE006403B00055091000048D9445C826D00431ADA0234AF3B0008403B00E6
:20DA50000550910000F7D9FF08B0481682376D00B31982043B00065091000048D94460820A
:20DA70006D002C1A3B8003403B000650910000F7D9FF94D054F682476D00761A3B8007407E
:20DA90003B00065091000048D94468826D00161ADA0234AF3B8009403B00065009C61C0920
:20DAB00082176D0089193B000C403B00065091000048D94440926D00011A1D00B6009100E2
:20DAD00000F7D9FF8CD014FFDF1F728082043B00055091000048D94444926D00EF19DA02D5
:20DAF00034AF3B0003403B000550910000F7D9FF98C054F682376D005F193BE006403B00E9
:20DB1000055091000048D9445C826D00D719DA0234AF3B0008403B000550910000F7D9FF3D
:20DB300098C0481682376D00471982043B00065091000048D9444C926D00C019DA0234AFA9
:20DB50003B0002403B000650910000F7D9FF08B0482682376D0030193B4006403B00065060
:20DB700091000048D94454926D00A8193B8007403B00065091000048D94468826D009E19F4
:20DB9000DA0234AF3B8009403B00065009C61C0982176D0011193B000C403B000650910054
:20DBB0000048D94440926D0089193C3E82043B00055091000048D94458926D007F19820414
:20DBD0003B00065091000048D94460826D0076193B8003403B000650910000F7D9FF94D07D
:20DBF00054F682476D00C0193B8007403B00065091000048D94468826D006019DA0234AFA4
:20DC10003B8009403B00065009C61C0982176D00D3183B000C403B00065091000048D9446C
:20DC300040926D004B19910000F7D9FF08B009FF5108EE1B910000F7D9FF90D014FF5E1B63
:20DC500082043B00075091000048D9446C926D0035193C0A82043B00075091000048D94499
:20DC700044A26D002B193C1A910000F7D9FF8CD014FF5E1B82043B00075091000048D94451
:20DC900058A26D001B193C0A82043B00075091000048D94444A26D0011196DFF76F4DF0251
:20DCB00029003B6009403B00065091000048D94470A26D00031982043B0005509100004836
:20DCD000D94474A26D00FA186DFF58F43B8005403B000550823702266D0046193B8007408B
:20DCF0003B00055091000048D94454B26D00E61800906D009300F62E910000F7D9FF08B051
:20DD100009FF5108EE046D00670B3C036D00D90A3C036D0009016D002C1300906D007E0055
:20DD300076223C2D6DFF31F4DF021D0091000047D9440C906DFF67F3762B82043B00055035
:20DD500091000048D94470826D00B8183C0A82043B00055091000048D94444B26D00AE1813
:20DD70003C0C6DFF9FF382043B00055091000048D9445CB26D00A2186D00FB1200906D0095
:20DD90004D0076223C13910000F7D9FF08B009FF5108EE03DA013C02DA00910000F7D9FF82
:20DDB00008B089FF11086D00E4120090910000F7D9FF08B009FF5108EE0B910000F7D9FF35
:20DDD00090D014FF5E156D00590B6D00D2120090910000F7D9FF08B009FF5008EE10910094
:20DDF00000F7D9FF08B0DA0189FF1008910000F7D9FF08B0DA0089FF11083C0C910000F7AE
:20DE1000D9FF08B0DA0089FF10086D008D006D0090096D00AE120090910000F7D9FF90D06B
:20DE300014FF1E17910000F7D9FF8CD014FF5E1382123C0282023C0100906DFFFCD3402488
:20DE50006D002F00823482256D00930576246DFFC1FF3C25910000F7D9FF08B009FF500815
:20DE7000EE023C1D820482156D00830576236DFF42FF821482156D007C0576236DFF81FF51
:20DE9000821482256D00750576236DFF49FF822482156D006E0576236DFF8AFF00907C4208
:20DEB0003C41910000F7D9FF08B0544F74FF910000F7D9FF08B04C416CF1910000F7D9FF45
:20DED00008B04C423B10EE029B5026044B0F41F06CF3910000F7D9FF8CD014FFDE1D544F45
:20DEF000910000F7D9FF98C054F06B00310F4C41910000F7D9FF98C048116B0131FF9100A0
:20DF100000F7D9FF08B04BFF41F06B00614F6D007A0668223C07910000F7D9FF08B0DA0028
:20DF30006CF200906D00AA0A6D009B0A00904DC0E2FF370FE1F78B0F20F23C010D004003DB
:20DF500000003C013C01910000F7D9FF38B009F8C008910000F7D9FF38B08200B4F06E0347
:20DF70000D0000033C04C2F86D00F700FF18FDFF4DC0E2FF370FE1F78B0F20F23C010D000E
:20DF9000400300003C013C01910000F7D9FF3CB009F8C008910000F7D9FF3CB08200B4F02D
:20DFB0006E030D0000033C04C2F86D00E500FF18FDFF4DC0E2FF370FE1F78B0F20F23C017C
:20DFD0000D00400300003C013C01910000F7D9FF34B009F8C008910000F7D9FF34B0820094
:20DFF000B4F06E030D0000033C04C2F86D00B000FF18FDFF4DC0E2FF370FE1F78B0F20F20A
:20E010003C010D00400300003C013C01910000F7D9FF2CB08200B4F0910000F7D9FF30B047
:20E030008200B4F0910000F7D9FF28B08200B4F06E030D0000030090910000F7D9FF28B003
:20E0500009FFC0083B401F007F0F0E80910000F7D9FF28B091000027D92228B0092FC00867
:20E07000C21FB4FF0090910000F7D9FF2CB009FFC0083B401F007F0F0E80910000F7D9FF4A
:20E090002CB091000027D9222CB0092FC008C21FB4FF0090910000F7D9FF30B009FFC008D1
:20E0B0003B401F007F0F0E80910000F7D9FF30B091000027D92230B0092FC008C21FB4FF33
:20E0D0000090910000F7D9FF34B009FFC0083B401F007F0F0E80910000F7D9FF34B0910001
:20E0F0000027D92234B0092FC008C21FB4FF0090910000F7D9FF38B009FFC0083B401F0034
:20E110007F0F0E80910000F7D9FF38B091000027D92238B0092FC008C21FB4FF009091003B
:20E1300000F7D9FF3CB009FFC0083B401F007F0F0E80910000F7D9FF3CB091000027D9228F
:20E150003CB0092FC008C21FB4FF00906DFF81FB6D002A00009020083C0414A46DFF75DFB0
:20E1700049A4000A82146D005A1BFF12F8FF6DFFFADE0090910000F7D9FF1CB0DA0134FF0A
:20E19000910000F7D9FF8CD014FFEE0382143C0282046D00290A6D0099096D00C8196DFFEC
:20E1B0004EFE009049AA00BADA007806DA007807DA007808DA007809DA00780ADA00780BA7
:20E1D000DA00780CDA00780DDA00780EDA00780F49A4180A49A51C0A49A6200A6DFFFCD13C
:20E1F00049A4240A49A5280A49A62C0A49A7300A6DFF27D249A4340A49A5380A49A63C0A90
:20E210006DFF00D2580767FFBFFF09A018093B10EE129B5126144B1F41803B10EEF29B5FA2
:20E2300026F44BF0419058093B10EE029B5026044B0F41F07809580A3B10EE029B50260439
:20E250004B0F41F0780A580B3B10EE029B5026044B0F41F0780B580C3B10EE029B5026042C
:20E270004B0F41F0780C580967FFBFFF7809580A67FFBFFF780A580B67FFBFFF780B580C03
:20E2900067FFBFFF780C0B8910486D004000910000F7D9FF20B014FF6E0F910000F7D9FF0D
:20E2B00008C054FF6B0F3188910000F7D9FF00C054FF6B0F319974A889A904095809780213
:20E2D000580A7803580B7804580C780549A4001A91000058D95558C26D00850449A4001A5C
:20E2F0006D00F21A580D74AF580E7801580F780249A4003A91000058D95540D26D00730419
:20E3100049A4003A6D00E01A00903B200300910000F7D9FF20B014FF6E023C5B910000F79F
:20E33000D9FF0CC091000027D9220CC0542F6B0421FF74FF910000F7D9FF04C09100002749
:20E35000D92204C0542F6B0521FF74FF910000F7D9FF24B091000027D92224B0092FC008AD
:20E37000C21FB4FF910000F7D9FF24B009FFC0083F0F3080910000F7D9FF08C09100002717
:20E39000D9220CC0542F91000027D92224B00920C0084B0061014B0F51F074FF910000F768
:20E3B000D9FF00C091000027D92204C0542F91000027D92224B00920C0084B0061014B0F3C
:20E3D00051F074FF910000F7D9FF20B0DA0134FF00900D00000282046D00050F82046DFFA3
:20E3F00083AD8270DA010F0F00F0892F2829910000F7D9FF10C091000027D92210C0542FC3
:20E41000C21F74FF6DFF31FE910000F7D9FF10C054FF82204B0F1102F6136DFF3DFE91002A
:20E4300000F7D9FF10C054FF82404B0F1102F6136DFF60FE910000F7D9FF10C054F0DA0882
:20E450004BF01102F6136DFF6CFE910000F7D9FF10C054F0DA104BF01102F6136DFFEEFD73
:20E47000910000F7D9FF10C054F0DA284BF01102F6136DFF28FE6DFF37ED6DFF0CED402FC9
:20E490003BF026419B34A84340F46DFF89D540F46DFF10E10D00400200800D00000282042D
:20E4B0006D00A10E82046DFF1FADDA0982180FF80080892828290D00400200800D0000028E
:20E4D00082046D00900E82146DFF0EAD8278DA010F8F00F0892F28290D00400200800D0096
:20E4F000000282046D007F0E82146DFFFDACDA0982180FF80080892828290D00400200800A
:20E510000D00000282046D006E0E910000F7D9FFBCE0D4FF2D0F00000D00400200800D0086
:20E53000000282046D005F0E82046DFF9DCB762482046DFF8FCB82446DFF96CB7624824436
:20E550006DFF88CB0D00400200800D00000282046D00490E82146DFF87CB762B82146DFFCD
:20E5700079CB910000F7D9FF88F0D4FF2D0F000082546DFF79CB762482546DFF6BCB0D00BB
:20E59000400200800D00000282046D002C0E82346DFF6ACB762B82346DFF5CCB910000F7A4
:20E5B000D9FF84F0D4FF2D0F000082746DFF5CCB762482746DFF4ECB0D00400200800D0076
:20E5D000000282046D000F0E91000047D94424136DFF18AC0D00400200800D000002820459
:20E5F0006D00010E6D00EC080D00400200800D00000282046D00F70D0D00400200800D007D
:20E61000000282046D00EF0D91000047D94428636DFFF8AB0D00400200800D000002820406
:20E630006D00E10D910000F7D9FF80F0D4FF2D0F00000D00400200800D00000282046D00BF
:20E65000D20D91000047D94414836DFFDBAB0D00400200800D00000282046D00C40D91001A
:20E6700000F7D9FF8CF0D4FF2D0F00000D00400200800D00000282046D00B50D91000047C5
:20E69000D94400A36DFFBEAB0D00400200800D00000282046D00A70D6D00A90D0D004002DE
:20E6B000008002483708E8FB6E043BF00F007E030282009012503BE01FF03F5F0500DAFE16
:20E6D0007F0F0E00910000F7DA1859FFC0803B0002406DFF98E87B00F8473C0B3B20E0FFD8
:20E6F0003FF503004E093B8000406DFF8CE8820402851DFF83EBB708882B8F7001F0A6F210
:20E710000090DA0020084BF401F016036E123704E8FBEE0D910000F7DA1859FFC0803B0028
:20E7300001406DFF70E87B00F82F00901DFF58E83704E80BDAFF7E030242009040A46DFF8A
:20E7500021ED3B304FF09B5FF3F34BF201F02E087B0000F44BF2412054AFC2FF74AF7B003E
:20E77000F8F36B0F31026B0F21F23B6022144BF051F03BE014219B51F6134BFF41009B426A
:20E79000052C6B1061023BD014119B41FD1B6BFF61113B8021279B12F3234B10510054A1F3
:20E7B0004B0141114B2141106BF061210090C234B70402F06E659249DF096300910000F75D
:20E7D000D9FFD88054FFEE1582046DFF06EA802F325F160392446DFF00EA8020DFF051007C
:20E7F0001022F4F291000047B542D48082007420D4FC820A3C0310CCB0FC54CF6E036F0F83
:20E81000FCFFF4FC3C1DB70801F010CF6F08188054FFEE1182046DFFE0E949F4040A7D42EF
:20E830000F80325802846DFFD8E9802F1EF874CA82083C0CAE0442F874C840CF40FC54C898
:20E8500076856F08E2FF3F98E0FFDF082680BF19180002946DFFC1E9802F9EF249CF040A11
:20E8700001F220F4EE0D012F30F4EE12802F325F1603102F92446DFFB0E9802F5EF3A0021D
:20E89000009001CF2020802F960174CF40FC01C900F674FA3C0A9A493FF8078001C900F62E
:20E8B000A29874F83C0202898F1940F174CF49C2040A0090DF043000404FBF842780804FB9
:20E8D0008F3F000180518F3100115F101F802E06C2F4045F344F494F010A80FF2E16045F10
:20E8F00024FFC2E4045F24FF8F7400018FD41FF06E0B02F14052C2F160160922480189F22D
:20E910004801FC6CD05502047646C2F46042045F24FFFC2E40420090404FBF852380804FF0
:20E930002E05C2F53444494F010A80FF2E1424F4C2E524F48F7500F106D5DF051200D20092
:20E95000764A370468008F802010A6108F002110A6100201C2F5605289F04801FC2E02F58A
:20E970007655C2F5605224F4FC2F40420090024F025802F46D00D215DF282180DF221680CA
:20E99000910000F7D9FF14C010FF14F0F60D910000F7D9FF14C010FF821034F002F46D00C1
:20E9B000B41582123C163C09F628910000F7D9FF14C010FFDA0034FF3C0ADF180980DF122E
:20E9D000078002F46D00A11582123C0382023C010090024F370FE81B8F1F1E00DAFF7E178F
:20E9F000024F7444B70F89FB6E123C0B8FF00150DA7F7FF10900DA00B70F81FFA65F744F63
:20EA100002420090DA963FF10A007444DA00B70F81FF8FF00120A6F20090B704890B8F7179
:20EA3000012082F38B6109110F1300302630B700890BA652A60274426B0231F4B70F812FD9
:20EA5000A65200900249025A7B00F8834B8901F0AE1502AF370FE8FBEE08029F370FE8FB5F
:20EA7000EE7D61FF67A53C7A6DFFF4E6F62502A46DFFF0E676247B00FC27009002A46DFFD6
:20EA9000E0E6DF022000029F370FE8FBEE097B00F8FF4BFA01F02E1467AABF2F0090B709A5
:20EAB000812F4B8201F0AE1B8200370F61114B0A01F0370F61F17E147B00F82700908202B7
:20EAD0000090820802946DFFBCE6DF0220004B8A01F0AE047B00F8073C02820082014B895E
:20EAF00001F02E0E4B0A312102134B0241F14BAF01F02E148F1200F1AA13023FAA11B7006F
:20EB1000812F8FF101F0A6F200903709E8FBEE284B0A31B14B8A01006F00170061FF0AA5C1
:20EB30003B0001406DFF6FE64B0B411182004BA101F061FF05A57B00F8476E0402951DFF98
:20EB50005DE9024200904B0B41F182004BAF01F061FFF6A46E0302920090028200904B891F
:20EB700001F06F0F18004B0A31814B0841F14BAF01F02E1E6799BF4F6DFFC5FD4B2A414009
:20EB90006DFF4CEA6F0804006722BF2F009061FFD1A402946DFFB7FD4B2A41401DFF3EEA7C
:20EBB000024F8204370F68506D00503002F23C01009082051DFF2EE86F770C006F0505801E
:20EBD0008FF707F16E06C215EF850400C21606F5B70589FB8F7601008F840120A60FA6F24A
:20EBF0000090201049A6100AA00FF4AF89A4840982FF780240A46DFF97E3D801DA0034FF85
:20EC1000009002483708E8FBEE05820402851DFFF5E86DFF16E6DF022280DA004BF80100E6
:20EC30008F3000F16E056F001A001DFFD9E54B0891F17B00F0034B0841007B00FC134BF0A2
:20EC500041206BF271214B2F41F04BF041006BF071014B0F41F04BF841800282009091002C
:20EC700000F7D9FF18C054FF4BF401F0370F61F16E07910000F7D9FF18C054F43C139100ED
:20EC900000F7D9FF18C054FF67FFBFFF4BF401F0AE023C08910000F7D9FF18C054FF67FF31
:20ECB000BF4F910000F7D9FF1CC074F40090404F044FEEFF01F420F080F2C2F200903C0834
:20ECD000C2F4044F04506E023E0352020090DF04F9FF8202009020200B4510886D00180294
:20ECF000022AF6A482021D000A01910000F7D9FFB4C054FB76B37FBA0380821B02B46D00CA
:20ED1000D501F629821B02B46D00D001F62482021D00F50002BC910000F7D9FFBCC009F416
:20ED3000C00849A4000A6D000A01DF021580821B02B46D00BB01762C910000F7D9FFBCC01C
:20ED500009F4C00849A4000A6D00F900F62482021D00D5001D009F00910000F7D9FFBCC059
:20ED700009F4C00849A4100A6D00E900DF028A0058077B00F0034B0F01F016068B0F20F216
:20ED90006E0E910000F7D9FFA8C054FF7B00F0034B0F01F016068B0F20F2EE1558077B006E
:20EDB000F0034B0F01F0370F61F06E4C910000F7D9FFA8C054FF7B00F0034B0F01F0370F9A
:20EDD00061F06E4002BC49AF100A49A2000AA03444FF642FFC4E58046B08310F58056B098B
:20EDF00031FF4BFF41F06B00614F6DFF0CFFBBD0CCFC9BCFECF34BF201F016068B0F20F234
:20EE10006E20910000F7D9FF98C0580474FF910000F7D9FF98C058056CF1910000F7D9FFFB
:20EE300098C058066CF2910000F7D9FF98C058076CF3910000F7D9FFB4C074FB82123C5EC7
:20EE50003C20910000F7D9FF98C054AF74FF910000F7D9FF98C058016CF1910000F7D9FF4A
:20EE700098C058026CF2910000F7D9FF98C058036CF3910000F7D9FFB4C074FC82123C3EAE
:20EE9000C21B7FBA03803C0802B46D000F01F6223C017FBA63FF02A46D000801DF022D0038
:20EEB000910000F7D9FFBCC009F4C00849A4100A6D004500DF022100910000F7D9FF98C02E
:20EED000580474FF910000F7D9FF98C058056CF1910000F7D9FF98C058066CF2910000F7E5
:20EEF000D9FF98C058076CF3910000F7D9FFB4C074FA82123C0382023C010090024876846A
:20EF1000DA193FF803803C09820402856D009718820402856D00C5190090910000F7D9FF7E
:20EF3000B0C094FF8EF8910000F7D9FF88D054F46DFFE6FF6D0093010090404FBCF576445C
:20EF5000DA7F7F4F058082021D008B00C2F453442010534120F091000027D92220C01022E3
:20EF7000542074F09A11534F20F091000027D92220C01022542F6CF19A21534F20F09100A9
:20EF90000027D92220C01022542F6CF29A31534F20F091000027D92220C01022542F6CF328
:20EFB000534120F091000027D92220C010225420DFF020009A11534F20F091000027D92265
:20EFD00020C01022542F9EF59A21534F20F091000027D92220C01022542F1EFBC2315341A4
:20EFF00020F091000027D92220C01022542F5EF382023C3654F43B0040529B4597546D0015
:20F010004100DF02160048143B0040529B4597546D003800762D48247B0006546D0032008C
:20F03000762748347B00F8536D002C00F62382023C1754FFB70F81FF7BA047044B0F01F00E
:20F05000AE2B481FB70F81FF7BA047044B0F01F0370F61F16E0382023C0382123C0100903C
:20F0700002457654DA193FF503803C0A820491000047D94420C03BE01F606D002D18009048
:20F090004B4401F01602BA0F6E0382023C0DB70481FF4B5F01F016038B0F20F2EE038202B1
:20F0B0003C0282123C01009002496D00310076937F92048082023C2A8BF91F00DA7F4BF0F9
:20F0D00011028B1000808BF91F00DA7F4BF011028B1100A0910000F7D9FFB8C009FFC008C4
:20F0F0003E8902846DFFBEFF910000F7D9FFB8C0B4F8910000F7D9FFBCC0B4FA910000F7F4
:20F11000D9FFB4C074F982123C0100903B80BE20910000F7D9FF94D054FF7FF203803C06DF
:20F13000910000F7D9FF94D054F23C010090910000F7D9FF88D0DA0174FF910000F7D9FF82
:20F15000ACC0DA0074FF910000F7D9FFB0C0DA00B4FF6D00411791000047D94420C0820469
:20F170003B807F506DFFDAFB910000F7D9FFB8C0DA01B4FF910000F7D9FFBCC0DA01B4FFE4
:20F19000910000F7D9FFB4C0DA0174FF910000F7D9FF80D0DA0074FF910000F7D9FF84D08C
:20F1B000DA0074FF910000F7D9FFA8C07B00F8F374FF910000F7D9FF90D0DA0034FF9100F3
:20F1D00000F7D9FF8CD0DA0034FF910000F7D9FF94D0DA0074FF6D0003000090D9AA800FC4
:20F1F0003B80BE808204820549A4000A3B0020606D00721754AF3BB034049B2045057E03A5
:20F2100058011E123C2A58027FF803803C2658036E0658033B9001003F0F03803C1E5804BC
:20F230003BE01F003FF00780580482404B0F110276123C13910000F7D9FF94D0580274FFDB
:20F25000910000F7D9FF88D0580374FF910000F7D9FFB0C05804B4FF0090D9AA800F49A4AA
:20F27000000A3BF00F403B0080506DFF57FB3BB034F49B2F45F574AFDA0178016DFF48FFF0
:20F2900089A20809910000F7D9FF88D054FF7803910000F7D9FFB0C094FFCEF3DA003C065C
:20F2B000910000F7D9FFB0C094FF78048204820549A4000A3B0020606D003A170090201022
:20F2D0006DFF26FFF62E910000F7D9FF8CD0DA0034FF82046DFF29CE82046DFFC2FC3C7A51
:20F2F0008204820582066DFFFAC9910000F7D9FFB8C0DA01B4FF910000F7D9FFBCC0DA011D
:20F31000B4FF910000F7D9FFB4C0DA0174FF910000F7D9FF80D0DA0074FF910000F7D9FFAB
:20F3300084D0DA0074FF910000F7D9FFA8C07B00F8F374FF82146DFF95FE821449A4000A59
:20F350006DFFFDFDF62E910000F7D9FF8CD0DA0034FF82046DFFE9CD82046DFF82FC3C3ABC
:20F37000910000F7D9FF98C058036CF3910000F7D9FFA8C0580374FF6DFF5DC9402FBD0FA8
:20F390001500DA003C1054F448156DFFA6FC76223C0C82003C030000C2103B803E103F10A4
:20F3B000FC7FC21FBF3FF17F82046DFF5AFC3B3033439B34EB436DFFB8CD910000F7D9FFFC
:20F3D00090D0DA0034FF910000F7D9FF8CD0DA0134FF0090910000F7D9FF88D0DA0174FF50
:20F3F000910000F7D9FFB0C0DA00B4FF910000F7D9FFACC0DA0074FF910000F7D9FF94D0C3
:20F41000DA0074FF910000F7D9FFB8C0DA01B4FF910000F7D9FFBCC0DA01B4FF910000F737
:20F43000D9FFB4C0DA0174FF910000F7D9FF80D0DA0074FF910000F7D9FF84D0DA0074FF24
:20F450006D00CA15910000F7D9FF8CD0DA0034FF910000F7D9FF90D0DA0134FF0090910098
:20F4700000F7D9FF8CD0DA0034FF82046DFF5DCD82046DFFF6FB0090910000F7D9FF90D0F5
:20F4900014FF5E19910000F7D9FF90D0DA0034FF6DFF45FD00903B00D0269B9212246B4484
:20F4B00061224B4441F0BBE0F408BB50061D9BA014049BB10C146B1F61106BF261F04BF190
:20F4D00051F04B4F41200090910000F7D9FFB8E014FF1E1482021D008600910000F7D9FF8C
:20F4F000B4E014FF1E1382023C7D910000F7D9FF5CF208AF5E13DA013C02DA00910000F796
:20F51000D9FF98D034FF820482088B0F20F2EE22910000F7D9FF5CF2883F3BC012007FF0AB
:20F530000900910000F7D9FFA0D054F482183C12910000F7D9FF5CF2883F3B40ED0F7F0F38
:20F550000A00910000F7D9FFA0D054FF67FFBF4F82188209910000F7D9FF5CF2884F3BC055
:20F5700012003FF006003B40ED0F7F0F1D004B0F41F13BF026019B30C0034B0F41907BC040
:20F5900020F44BF901F0370F61F16E047BC020943C097BC020FC4BF901F0AE023C037BC01E
:20F5B000209C8218910000F7D9FF5CF208BF5E128209910000F7D9FF9CD014FF6E066DFFB6
:20F5D000B4CC02946DFF4DFB910000F7D9FFA4D034F8910000F7D9FFB4E0DA0034FF8212BC
:20F5F0003C0100907643DA013C02DA00910000F7D9FF9CD034FF00906D00E5056D003600F9
:20F610006D003F006D00461282046D00EC0500904DC0E1FF16073C016E083C01910000F773
:20F63000D9FF6C6214FF6EFB4DC0E1FF16073C01910000F7D9FF6C6210FFDA0134FF82186C
:20F65000DA003C0B910000F7D9FF6C6210FF14F0E20837086880C21FBF3FF6FF82146D0050
:20F670007512DF08EE7F00906DFF0CC402246DFF60C36DFF1BC402246DFF9FC300909100BE
:20F6900000F7D9FF70626DFFFABC68224DC0E1FF8F7F00413C01910000F7D9FF70626DFFF6
:20F6B0001EBC6812910000F7D9FF70626DFF82BD74F2C5FF0001BCF182046DFF4ABD913077
:20F6D00000FF39FF3006160F4B0F41F14BF251F03C013C01910000F7D9FF70626CF30090E3
:20F6F000404F0258F64791000027D922ACD0142FEE023C1F91000027D922A8D0142F6E0338
:20F710003C013C0091000027D922A8D0DA00C21F342F6D004C053C0C91000048D94478E2C1
:20F73000A00640F502846D0064006D0004003CF500902008DA0074AFDA007801DA0074AFE0
:20F750003C0FDA0078013C045801C21F780158013BF0FF017FF0FAFF54AFC21F74AF54AF12
:20F770003BF0FF007FF0EFFF0090201849A4000A6D002002911000F8D9FFA6FFF80249A4A7
:20F79000000A6D00DB018204BB00205C9B150050820682076D00222391000047D9445882B7
:20F7B000820491000057D95554723B0004506D006F02820482156D00DA260090910000F7C8
:20F7D000D9FFB0D014FF6E13820491000047D94454826D00B92691000047D9445882910030
:20F7F0000057D955548282146D0048030090D9AAE86F404C405D0248406E820089A08C0886
:20F81000DA00ACA7DA007804DA00ACAADA00ACAB40D46DFF4EFA89A2100991000027D92235
:20F830004072092FC0086E08910000F7D9FF4072C84F2D0F0000910000F7D9FFB0D014F047
:20F85000DF007B01910000F7D9FF407209FFC008DF0F3F0109A096088CABC21FACAB9100E6
:20F8700000F7D9FF4072C83F82043700705040C42D0F000040D46DFF1CFA89A210099100C8
:20F8900000F7D9FF407209F0C208910000F7D9FF4072086F4BF0010289A094083C0109DF63
:20F8B0000008B01DEEFDDA00ACA73C11B0FD09D00008DA2F3E0509D00008DA5C7E0509AFD2
:20F8D000CE08C21FACA75804C2FF780409AFCE08FF2F05805804FF0FEB7F58040EFCB01D2D
:20F8F000F4AD49A4180A91000058D9555CD26DFF7AF93C1709AFCE08EE0BF4AD49A4180A9A
:20F9100091000058D95568D26DFF6DF93C0AF4AD49A4180A91000058D9555CD26DFF63F9B1
:20F93000DA00ACA63C4CDA00ACA73C2349A4180A6DFFBFF909A0CC088CAA09A1CE0803F01E
:20F950000AF17FF203803C1A09AFCE0810AF49FF184A09A0CC088CAA09A1CE0803F00AF13A
:20F9700010A2092F180834FF09AFCE08C21FACA709A0CE088CAA3FF0DB7F09AFCE0810AFED
:20F9900049FF184ADA0034FF910000F7D9FF407208708CABE2F08CABC21FACAB910000F716
:20F9B000D9FF4072C83F82043700705049A4184A2D0F000009AFCC08C21FACA609A9CC0859
:20F9D00049A4180A6DFF75F98CAA4BF211029A103FF9ABFF74A849A4180A91000058D955DA
:20F9F00078D26DFF00F9910000F7D9FF4072087F09A09608E2F08CABC21FACAB910000F79F
:20FA1000D9FF4072C83F82043700705049A4180A2D0F0000A00F7DEF5B00DA00ACA63C4C53
:20FA3000DA00ACA73C2240E46DFF43F909A0CC088CAA09A1CE0803F00AF17FF203803C1AF4
:20FA500009AFCE0810AF49FF184A09A0CC088CAA09A1CE0803F00AF110E2092F000834FF19
:20FA700009AFCE08C21FACA709A0CE088CAA3FF0DC7F09AFCE0810AF49FF184ADA0034FF71
:20FA9000910000F7D9FF4072087F09A09608E2F08CABC21FACAB910000F7D9FF4072C83F1C
:20FAB00082043700705049A4184A2D0F000009AFCC08C21FACA609A8CC0840E46DFFF9F869
:20FAD0008CAA4BF211029A103FF8ACFF3C3549A4185A82043B0010506DFF20F7910000F708
:20FAF000D9FF4072C82F40C42D0F0000A00F7DEF1000F4AD89A8040989AE880949A4185A04
:20FB100091000058D95544E26DFF6DF83C0CF4AD89A8040949A4185A91000058D95560E2E8
:20FB30006DFF61F8910000F7D9FF4072C82F49A4185A2D0F00000090910000F7D9FF4072AA
:20FB5000094FC008B4FF910000F7D9FF4072094FC208ACF1910000F7D9FF4072094FC408BB
:20FB7000ACF2910000F7D9FF40720C462CF6910000F7D9FF40720C472CF7910000F7D9FF69
:20FB9000407209428809E822910000F7D9FF407209428C09E83291000027D9224072CC443C
:20FBB000EC24910000F7D9FFB0D0DA0134FF0090DA00B44FBBF0FFFFAC41BBF0FFFFAC429D
:20FBD000DAFF2C46DAFF2C47A00FEC42A00FEC43A00FEC44009082046D0043280090404FD7
:20FBF000A00201F2104491000048D94448F23B5005506DFF77FD820814FF960134FFDA00DB
:20FC10006CF2DA006CF3485F6CF4081F82003E0682103E0A8220BE003C17C81482044855BD
:20FC30006DFF7CF63C11C8148204485F532F20506DFF74F63C09C8148204485F534F205058
:20FC50006DFF6CF63C01DA0034FF02823C0100904C43424F6C433C064C4309401409A20F74
:20FC70006C434C4509400C097FF0F8FF00904C42424F6C423C064C4209401409A20F6C427E
:20FC90004C45094008097FF0F8FF0090404F024F405C0258A00201F2104491000048D944BE
:20FCB00048F23B2022506DFF1DFD8202E81C820034F02CF1DA006CF2DA006CF3684868587B
:20FCD0003C010090404F405C406D0249A00201F2104491000048D94448F23B1016506DFFEE
:20FCF00001FDA00201D2104491000048D94448F23B2016506DFFF6FC82088200A0027DC2F1
:20FD1000058082381D00900014FF16036E0574D082681D009F0040F46D009F0054D07F0279
:20FD30000B8074D28278F62714FFB70F81F134FF1D00900014FF960834FF485F4830520A41
:20FD500054D03F0A2B80081F82003E0682103E0C8220BE063C21C812483F102554D440C42D
:20FD70006DFFAAF53C19C812483F532F20F0102554DF532F204040C46DFF9EF53C0DC812B0
:20FD9000483F534F20F0102554DF534F204040C46DFF92F53C013C43081F82003E0782107D
:20FDB000BE0482205F0F27003C3AC812483F102540C402A46DFF80F501CA0046C81554D48D
:20FDD000A2A46DFF79F53C2BC812483F532F20F01025532A204040C46DFF6EF5532A20F027
:20FDF00010C4C81554DFA2AF532F20406DFF64F53C16C812483F534F20F01025534A204080
:20FE100040C46DFF59F5534A20F010C4C81554DFA2AF534F20406DFF4FF53C0114FFB70F6A
:20FE300081F134FFDF09168014F0DA0B7E0382283C1014FF960234FF54D440F46DFF0AFF80
:20FE5000484F54D0420F6CF414FFB70F81F034FF02823C010090404FA002012F1044910012
:20FE70000048D94448F23B6007506DFF3BFC485F484052023C010090404F405C0248A002D7
:20FE900001F2104491000048D94448F23B000B506DFF28FC8209A0027DC2058082391D00EC
:20FEB000B50014FF16056E0482491D00AF0014FF960434FF484F3F8FA480485F4820520A72
:20FED0007F8A69800810DA003E0882115F012000DA025F0F3E003C5DC812482F102440C52A
:20FEF00002A46DFFE9F440F402A46DFFC2FEC812482F102401CA00560BA880406DFFDCF4A8
:20FF10000BA8804040F46DFFB4FE3C43C812482F532F20F01024532A204040C56DFFCCF468
:20FF300040F402A46DFFA5FEC812482F532F20F01024532A20F010C55AA8532F20406DFFFF
:20FF5000BBF40BA8804040F46DFF93FE3C22C812482F534F20F01024534A204040C56DFF3B
:20FF7000ABF440F402A46DFF84FEC812482F534F20F01024534A20F010C55AA8534F20404D
:20FF90006DFF9AF40BA8804040F46DFF72FE3C013C33081F82003E068210BE008220BE0D7E
:20FFB0003C2BC812482F102440C502846DFF84F440F402846DFF5DFE3C1FC812482F532F27
:20FFD00020F010245328204040C56DFF75F440F402846DFF4EFE3C10C812482F534F20F057
:10FFF00010245348204040C56DFF66F440F402844D
:02000004800179
:200000006DFF3FFE3C01484FA28F6CF43C02825914FFB70F01F134FF02923C0100902058E2
:20002000404C0B451088A00F01FC104491000048D94408033B301C506DFF5CFB0290A00F70
:200040007DCF04801D0088004B08312182014B180110370161F06E05DA2D34CFB01C3C0E73
:200060003708E8FBBA0F6E0ADA3034CFB01CDA2E34CFB01CDA3034CF3C6E4B0241F16B0FBD
:2000800031F83C06C2F07B0012144B1F41F0DF00FBFF4B0F31418206534620F010AFDA0A8E
:2000A0004BF2010274F19A16370F6860DA0A4BF20122DF02F3FF3C189AF6534F20F010AF71
:2000C00054F00E079AF6534F20F010AF54FF3C079AF6534F20F010AF54FF325F8B0F03F0BE
:2000E00034CFB01CC2F6DF06E9FFDF0935008202DA2E34CFB01CF644DA3034CF3C2C3C0F3A
:20010000534220F010AFDA0A4BF4010268C19A12370F6820DA0A4BF40142C2F9DF09F2FFB8
:200120003C189AF2534F20F010AF48CF0EF79AF2534F20F010AF48CF3C079AF2534F20F0BD
:2001400010AF48CF325F8B0F03F034CFB01CC2F2DF02E9FF00902010404C0248A00F01FC1D
:20016000104491000048D94408033BC00C506DFFC1FADA00A00F7DCF03803C1FF684DA3075
:2001800034CF3C1B3C0E10AF3BA000004B08110234F1C21F370F68F03BA000004B08118256
:2001A000DF08F3FF3C0910AF09F03FF88B00030034C0B01CC2FFEEF800906D000C006D00C7
:2001C00075116D0065156D00FF0E82046D00130000904DC0E2FF370FE1F78B0F20F23C01AD
:2001E0000D00400300003C013C018B0F00223C010090F6430D00000300902010DA0089AF91
:200200000609910000F7D9FF80E014FFDF0FB8003C0A91000047D944708249A50A0A821491
:200220006DFF34FE823449A40A0A6D009521DF02F2FF0CAA3BA000005F0FA280DA0689AF3B
:20024000060991000047D944708249A5000A49A6060A82146DFF40FD49A4030A910000588F
:20026000D955340382346DFF34F5DF022480910000F7D9FFBCD014FF9E2C910000F7D9FF20
:20028000BCD0DA0134FF91000047D94470826DFFECFD89A2060991000047D94470829100D6
:2002A0000057D95548B249A6060A82046DFF14FD3C5A49A4030A91000058D9553803823425
:2002C0006DFF07F5DF022480910000F7D9FFB8D014FF9E2C910000F7D9FFB8D0DA0134FF76
:2002E00091000047D94470826DFFBFFD89A2060991000047D944708291000057D9554892DE
:2003000049A6060A82046DFFE7FC3C2D49A4030A91000058D9553C0382346DFFDAF4DF027F
:200320002380910000F7D9FF84E014FF9E2C910000F7D9FF84E0DA0134FF91000047D944B2
:2003400070826DFF92FD89A2060991000047D944708291000057D95548D249A6060A8204DA
:200360006DFFBAFC91000047D94470826DFF41FC910000F7D9FFB4D0DA0134FF00909100B8
:2003800000F7D9FFA0E009FFC008532F20406DFF18F2402C910000F7D9FF94E014FFEE1392
:2003A000DA006E093B201E406D008F0FB042DA04742F3C093B201E406D00870FB0427B4007
:2003C00000F0742F82048205910000F7D9FFA0E009FFC008C2FF370F7060910000F7D9FF96
:2003E00098E009FFC008C2FF370F70706D006B0382003C0E532020F010CF91000027D92212
:2004000088E0092FC008B4FFC21037007000910000F7D9FFA0E009FFC0083FF0EDFFDA00A3
:200420003C0D910000F7D9FFA0E009F4C00840C46D009606C21F370F70F0910000F7D9FFDA
:2004400098E009F0C0083F0FEEFF910000F7D9FF94E014FFEE13DA016E093B201E406D00C8
:20046000340FB042DA04742F3C093B201E406D002C0FB0427B4000F0742F40C46DFF58DE3A
:200480000090201849A4000A6DFF9CFBDA01B4AF910000F7D9FFA0E009FFC008ACA19100CE
:2004A00000F7D9FF98E009FFC008ACA2910000F7D9FF90E014FF82003E0682103E098220B3
:2004C0003E0C3C0CDA062CA6DA082CA73C07DA082CA6DA102CA73C023C01911000F8D9FF83
:2004E000C8B0F803911000F8D9FF3ED0F80449A4000A6DFF2BFB00902010DF04558091007C
:2005000000F7D9FF94E0DA0034FF910000F7D9FFACE03B101EF0B4FF910000F7D9FFA4E0AF
:200520003B401EF0B4FF910000F7D9FFA8E03B201EF0B4FFDAD3B4AFDAD9ACA23BB01AF075
:20054000ACA482248205BB0070689B3639603BE00C706D00FA143B001E408215820682379E
:200560006D003D0F910000F7D9FFACE094F48215820682376D00330F910000F7D9FFA8E0DF
:2005800094F48215821682376D00290F910000F7D9FFA4E094F48215821682376D001F0F57
:2005A0001D008500910000F7D9FF94E0DA0134FF910000F7D9FFACE03B001EF0B4FF91003E
:2005C00000F7D9FFA4E03B401EF0B4FF910000F7D9FFA8E03B201EF0B4FF3B001E40821558
:2005E000820682376D00FB0E910000F7D9FFA4E094F48215820682376D00F10E910000F70C
:20060000D9FFA8E094F48215821682376D00E70E3B301E408215820682376D00E00E3B5021
:200620001E408215820682376D00D90E3B101E408215821682376D00D20E3B90164082159A
:20064000821682376D00CB0E3BA016408215821682376D00C40E3BB0164082158216823782
:200660006D00BD0E3BC016408215821682376D00B60E3B001A408215821682376D00AF0E31
:200680003B101A408215821682376D00A80E3B201A408215821682376D00A10E3B301A402C
:2006A0008215821682376D009A0E910000F7D9FF8CE014F46D00DC01910000F7D9FF9CE043
:2006C00009F4C008910000F7D9FF88E009F5C0086D00C301DA016E14910000F7D9FFA4E055
:2006E00094F46D00F20DB0428210910000F7D9FFA4E094FF161F0FF0100074203C14910052
:2007000000F7D9FFA4E094F46D00DF0DB0427B100000910000F7D9FFA4E094FF161F0FF07D
:2007200010007420DA006E14910000F7D9FFACE094F46D00CA0DB0428210910000F7D9FF1D
:20074000ACE094FF161F0FF0100074203C14910000F7D9FFACE094F46D00B70DB0427B1030
:200760000000910000F7D9FFACE094FF161F0FF01000742082546D00F109DA016E149100F7
:2007800000F7D9FFACE094F46D009F0DB0428210910000F7D9FFACE094FF161F0FF0100016
:2007A00074203C14910000F7D9FFACE094F46D008C0DB0427B100000910000F7D9FFACE072
:2007C00094FF161F0FF0100074203B8007406D00C509910000F7D9FF94E014FFEE13DA00AF
:2007E0006E093B201E406D00700DB042DA04742F3C093B201E406D00680DB0427B4000F0EF
:20080000742F3B1001406D00B3053B8007406D00A5093B6003406D00AB05910000F7D9FF0C
:200820008CE014FF82003E0882103E0A82203E0D8230BE003C1482046D0030053C103B003B
:200840000C406D002B053C0B3B0007406D0026053C063B000A406D0021053C013BA0034099
:200860006D00860582546D0019053B200B406D007F053BC000406D0011053BC000406D0022
:200880000D0582046D000A053B3003406D0006053B3003406D0002053B700B406D0068052C
:2008A0003B5003406D00FA043BB00B406D0060053B9002406D00F2043B200C406D00580516
:2008C00082146D00EB043B300C406D0051053B9001406D00E3043B400C406D0049053B008F
:2008E00002406D00DB043B500C406D0041053BA001406D00D3043B600C406D0039053BF0C3
:2009000001406D00CB043B000D406D0031053B400A406D00C3043B100A406D00BF043B0036
:200920000E406D0025053B000D406D00B7043B8000406D00B3043BE000406D00AF043B90BD
:2009400000406D00AB043B9000406D00A70482546D00A4043B1003406D00A0043B300340E0
:200960006D009C043B8004406D0098043B7001406D0094043B4001406D0090043B500140E8
:200980006D008C043B1003406D0088043B4003406D0084043B100E406D00EA043B000D40A4
:2009A0006D007C043B8000406D0078043BE000406D0074043B9000406D0070043B9000402F
:2009C0006D006C043B5001406D0068043B1003406D0064043B3003406D0060043B800440B4
:2009E0006D005C043B7001406D0058043B4001406D0054043B5001406D0050043B100340D9
:200A00006D004C043B4003406D0048043B1002406D00AE043B9002406D00AA04910000F746
:200A2000D9FF94E014FFEE13DA016E093B201E406D004B0CB042DA04742F3C093B201E4016
:200A40006D00430CB0427B4000F0742F6DFF99FC6DFF19FD0090910000F7D9FF9CE0B4F403
:200A6000910000F7D9FF88E0B4F50090910000F7D9FF8CE034F4DA003E48DA013E46DA02E6
:200A8000BE42DA03BE403C1D910000F7D9FFA0E0DAF0B4FF910000F7D9FF98E03B0014F0AE
:200AA000B4FF3C0F910000F7D9FFA0E03B0014F0B4FF910000F7D9FF98E0DAF0B4FF3C01D4
:200AC0000090024F0B561088027A910000F7D9FFA0E009F0C0080B0F304191000048D9449E
:200AE00000133BA014506DFF05F6910000F7D9FF98E009F0C0080B08304191000048D9442A
:200B000000133BB014506DFFF5F5910000F7D9FFA0E009F0C0080B09304191000048D94401
:200B200000133BC014506DFFE5F5910000F7D9FF98E009F0C0080B0A304191000048D944E8
:200B400000133BD014506DFFD5F53BA002406D000F0402F46D00700202946D006D023BB00E
:200B600002406D00050402846D00660202A46D0063023BC002406D00FB03009049AA00CAF5
:200B80000B451088026A910000F7D9FFA0E009F0C0080B08304191000048D94400133BE0B8
:200BA00025506DFFA7F5910000F7D9FF98E009F0C0080B09304191000048D94400133BF066
:200BC00025506DFF97F5910000F7D9FF94E014FFEE13DA006E093B201E406D00760BB042D6
:200BE000824074203C093B201E406D006E0BB0427B4000F0742F910000F7D9FF90E014F0A7
:200C0000DA003E09DA015F0F4C00DA025F0FC2001D00C1009A58370F70609A79370F7070F3
:200C20000B8910486DFF4FFF82003C318B0A1EF0536F20F0910000F8D9FF70F210FF01F0E7
:200C400000F614F182023C206F011000DA0603F20AF0532F20F010AF91000027D9229CE0EA
:200C6000092FC008B4FF3C0EDA0603F20AF0532F20F010AF91000027D92288E0092FC0083C
:200C8000B4FF86F1C212BF82E1FFC210BF60D0FF49A4000A3B0003406D0062023C7B9A7866
:200CA000370F70608BF900F0370F70700B8910486DFF09FF82033C648B0A1E00530021F0E8
:200CC000910000F8D9FF988210FF01F300F614F08B0A1E10530121F0910000F8D9FF9882F9
:200CE00010FF01F300F6088482013C206F001000DA0803F10A23532220F010AF9100002712
:200D0000D9229CE00922C008B4F23C0EDA0803F10A23532220F010AF91000027D92288E017
:200D20000922C008B4F286F0C211BF81E1FF82003C246F041200DA0803F00A138B0104F0D8
:200D4000532F20F010AF91000027D9229CE0092FC008B4FF3C10DA0803F00AF38B0F04F0B4
:200D6000532F20F010AF91000027D92288E0092FC008B4FF86F4C210BF80DDFFC213BF83D6
:200D80009DFF49A4000A3B0008406D00E9013C023C01910000F7D9FF94E014FFEE13DA01A8
:200DA0006E093B201E406D00900AB042DA04742F3C093B201E406D00880AB0427B4000F0EF
:200DC000742F009020180B4510880B6710A809AC5808910000F7D9FFA0E009F0C0080B08CD
:200DE000304191000048D94400133BA032506DFF81F4910000F7D9FF98E009F0C0080B098E
:200E0000304191000048D94400133BB032506DFF71F482000BB0304191000048D944001363
:200E20003BC032506DFF66F4DA080BBF504191000048D94400133BD032506DFF5BF4DA0007
:200E40000BCF304191000048D94400133BE032506DFF50F4DA060BCF504191000048D944B0
:200E600000133BF032506DFF45F47B00F8D349A4000A82043B1001506DFF58ED49A4000A06
:200E80003B0002401ACB92256DFF50ED3C067B0012F44BFD41D0C2FBFF1BFBFF4B0A31F12C
:200EA0004B0D31014B0F01024B0041F16BDF714A49A4000A02C56DFFB4F849A4000A0B8968
:200EC00010486D00030000900B451088404C910000F7D9FFA0E009FFC0080BF83041910091
:200EE0000048D94400133BB02B506DFF03F4910000F7D9FF98E009FFC0080BF93041910003
:200F00000048D94400133BC02B506DFFF3F3820A3C2C910000F7D9FF90E014F0DA003E07AA
:200F2000DA01BE0282215F011D003C1C8260030A0AF8370F704001CA00F609F60008029558
:200F40006DFF1EFE3C0FDA0803FA0AF8370F704001CA00F609F6000802956DFF11FE3C02CF
:200F60003C01C21A370A70A001CA00F609FF0008EED1009020100B4510A80269027C910035
:200F800000F7D9FFA0E009FFC0080BFA304191000048D94400133B0030506DFFABF391005D
:200FA00000F7D9FF98E009FFC0080BFB304191000048D94400133B1030506DFF9BF3DA00FB
:200FC0000BCF304191000048D94400133B2030506DFF90F3DA0A0BCF504191000048D944AE
:200FE00000133B3030506DFF85F3DA0149A4000A82043BC000506DFF99EC49A4000A3B0049
:20100000024002C56DFF92ECFFAC0A803C0453AF20F0C2FCFF1CFDFF4BF9118249A4000AB3
:2010200002946DFF9AF849A4000A0BAB10486DFF4DFF00900248910000F7D9FF94E014FF9E
:20104000EE07822402856D00C6151D008800DA006E093B201E406D003809B0428240742081
:201060003C093B201E406D003009B0427B4000007420DA016E093B301E406D002609B042E2
:20108000DA08742F3C093B301E406D001E09B0427B8000007420DA006E093B501E406D0001
:2010A0001409B042DA20742F3C093B501E406D000C09B0427B0002F0742F8F883F406D00CF
:2010C0000A02DA016E093B501E406D00FE08B042DA20742F3C093B501E406D00F608B0423C
:2010E0007B0002F0742FDA006E093B501E406D00EC08B042DA20742F3C093B501E406D001B
:20110000E408B0427B0002F0742F8FF80F416D00E201DA016E093B501E406D00D608B04242
:20112000DA20742F3C093B501E406D00CE08B0427B0002F0742FDA016E093B201E406D0027
:20114000C408B042DA04742F3C093B201E406D00BC08B0427B4000F0742F0090404F024878
:2011600091000027D92294E0142FEE08822440F402856D0069151D009000DA006E093B206A
:201180001E406D00A208B042DA04742F3C093B201E406D009A08B0427B4000F0742FDA013F
:2011A0006E093B301E406D009008B042DA08742F3C093B301E406D008808B0427B8000F08B
:2011C000742F3C55DA006E093B501E406D007D08B042DA20742F3C093B501E406D00750808
:2011E000B0427B0002F0742F09F4C00886846D007201DA016E093B501E406D006608B04236
:20120000DA20742F3C093B501E406D005E08B0427B0002F0742FDA006E093B501E406D0087
:201220005408B042DA20742F3C093B501E406D004C08B0427B0002F0742F09FFC0088FFF74
:201240000F416D004801DA016E093B501E406D003C08B042DA20742F3C093B501E406D0072
:201260003408B0427B0002F0742FB02F028FC2F8EEAADA016E093B201E406D002608B042D6
:20128000DA04742F3C093B201E406D001E08B0427B4000F0742F00900248910000F7D9FFC2
:2012A00094E014FFEE06822402856D0015153C5EDA006E093B201E406D000708B042DA04FF
:2012C000742F3C093B201E406D00FF07B0427B4000F0742FDA016E093B301E406D00F50736
:2012E000B042DA08742F3C093B301E406D00ED07B0427B8000F0742FDA006E093B501E404E
:201300006D00E307B042DA20742F3C093B501E406D00DB07B0427B0002F0742F02846D0075
:20132000DA00DA016E093B501E406D00CE07B042DA20742F3C093B501E406D00C607B0426D
:201340007B0002F0742FDA016E093B201E406D00BC07B042DA04742F3C093B201E406D0064
:20136000B407B0427B4000F0742F00900248910000F7D9FF94E014FFEE2BDA006E093B000C
:201380001E406D00A207B042DA01742F3C093B001E406D009A07B0427B1000F0742F8224C7
:2013A00002856D009914DA016E093B001E406D008C07B042DA01742F3C093B001E406D00E6
:2013C0008407B0427B1000F0742F1D008300DA006E093B201E406D007807B042DA04742F69
:2013E0003C093B201E406D007007B0427B4000F0742FDA006E093B101E406D006607B04205
:20140000DA02742F3C093B101E406D005E07B0427B2000F0742FDA016E093B301E406D00E5
:201420005407B042DA08742F3C093B301E406D004C07B0427B8000F0742FDA006E093B50B0
:201440001E406D004207B042DA20742F3C093B501E406D003A07B0427B0002F0742F028485
:201460006D003900DA016E093B501E406D002D07B042DA20742F3C093B501E406D00250794
:20148000B0427B0002F0742FDA016E093B201E406D001B07B042DA04742F3C093B201E403F
:2014A0006D001307B0427B4000F0742FDA016E093B101E406D000907B042DA02742F3C0937
:2014C0003B101E406D000107B0427B2000F0742F0090910000F8D9FF5491C8828F9420F07B
:2014E000910000F8D9FF5491C88F54F0B7008404A60F742F910000F8D9FF5491C8C286C45A
:20150000910000F8D9FF5491C8CF54FFB70F04F0A6F474240090910000F7D9FF58F201F480
:2015200000F6DA0034FF0090910000F7D9FF58F201F400F614F23C01009082083C745328FB
:2015400020F0910000F8D9FF2C1310FF94F46D003607DF122F00534820F0910000F7D9FF6F
:2015600048F210FF534820F091000027D92248F210225420C21074F03B803E00910000F72D
:20158000D9FFB0E054FF4BF01102534820F0910000F7D9FF48F210FF54FF3F0F0A80910032
:2015A00000F7D9FF58F201F800F6DA0234FF3C3A910000F7D9FF58F201F800F614FFDF2FE4
:2015C0002100534820F0910000F7D9FF48F210FF54FFBFAF1780534820F0910000F7D9FF33
:2015E00048F210FF54FF3B803E007F0F0B80910000F7D9FF58F201F800F6DA0134FF3C0951
:20160000910000F7D9FF58F201F800F6DA0034FF534820F0910000F7D9FF48F210FFDA00F6
:2016200074FFC218BF488DFF0090910000F7D9FF90F034F47C4691100048D9444C913C0150
:20164000910000F7D9FF8CF0F4F4009000902008822491000047D9449CF06D007D179100C5
:201660000047D944B00291000057D9559CF082146DFF0CF4910000F7D9FF98F014FFDE2EA9
:2016800091000047D944B0026DFFEFF3DF321780DA0374AF910000F7D9FF98F0DA0334FFB5
:2016A00091000047D944B00291000057D95594F049A6000A82046DFF0FF30090820882144C
:2016C00091100048D9444E916DFFB1FF91000047D944B002820491000057D95570F23B0029
:2016E00004506DFFDDF23B2014408205821682176D007506910000F7D9FF98F0DA0134FF16
:20170000910000F7D9FF94F0DA0034FF910000F7D9FF94F0DA012CF1910000F7D9FF94F018
:20172000DA032CF23B2014406D004906022F3B2014408215823702F66D0051068224BB00F6
:20174000205C9B1500503BE000603BA000706D004D13822482156D00121782546D00FE0165
:201760003B2014408B0F00526D007C063B4006406D00F4013B2014406D008B06910000F787
:20178000D9FF98F0DA0234FF910000F7D9FF94F014F582246D00621A910000F7D9FF94F07A
:2017A000081582246D005A1A910000F7D9FF94F0082582246D00521A3B4001406D00CE01FD
:2017C000910000F7D9FF98F014FF1E3382183C2B910000F7D9FF94F014F0DAA5BE03910003
:2017E00000F7D9FF94F0081F3BF00F003E0B910000F7D9FF94F0082F3BF00F003E038218BC
:201800003C12910000F7D9FF98F0DA0034FF3B2014408205820682176D00E1053BA00040C0
:201820006D009C0102823C0100902008404F024FA00201F2104491000048D94434133B6084
:201840000C506DFF57EF74AF91000047D944B00249A6000A820440F56DFF3EF254A23C012D
:201860000090404F0248A00201F2104491000048D94434133B2006506DFF3CEF82093C26A4
:201880003B2014406D009B05DF021980DA1E3FF80E8082243BE0015040F46D00D51949FF6C
:2018A0001E0A8B281E8082093C08822440F402856D00CA1982083C0C3C09C219DA643FF9C7
:2018C00003803C0682146D004901DF08DBFF02823C010090404FA00201F210449100004893
:2018E000D94434133BB008506DFF04EF820840F46DFFE7E902293C263B2014406D005F05DB
:20190000DF021980DA1E3FF90E8082243BE0015040F46D00991949FF1E0A8B291E908208CE
:201920003C08822440F402956D008E1982093C0C3C09C218DA643FF803803C0682146D00AF
:201940000D01DF09DBFF02923C0100900D00000282046DFF50F4C5F4000182046DFF0FB3A3
:20196000910000F7D9FFA0F0DA0034FF0D00400200800D00000282046DFF3DF4C5F400416F
:2019800082046DFFFCB2910000F7D9FFA4F0DA0034FF0D00400200800D00000282046DFFD6
:2019A0002AF4C5F4008182046DFFE9B2910000F7D9FFA8F0DA0034FF0D0040020080024824
:2019C0004DC0E1FF16073C01370F48404DC0E20F3700E1078B0020F23C013C01EE0D6DFF57
:2019E000ECB2092010093C013C014C243C01A20F3F8FFDFF3C5582FF5F4F5200DA003E47F4
:201A0000DA01BE4DDA025F4F33003C4A910000F7D9FFA0F0DA0134FF6DFFDDF385FF1001CE
:201A200042F8A5F8300102246DFFE5F33C01910000F7D9FFA0F014FFEEFB3C32910000F715
:201A4000D9FFA4F0DA0134FF6DFFC5F385FF1041428FA5FF304102246DFFCDF33C0191000D
:201A600000F7D9FFA4F014FFEEFB3C1A910000F7D9FFA8F0DA0134FF6DFFADF385FF10818A
:201A8000428FA5FF308102246DFFB5F33C01910000F7D9FFA8F014FFEEFB3C023C010090AA
:201AA00020104DC0E2FF370FE1F78B0F20823C010D00400300003C013C01820034A0DA0077
:201AC0002CA2DA1F2CA3DA002CA1DA017801DADCACA4DA002CAAC5F4000149A5000A6DFFA1
:201AE00097B2C5F4000182046DFF49B2DA0034AFDA002CA2DA1F2CA3DA002CA1DA017801CE
:201B0000DADDACA4DA022CAAC5F4004149A5000A6DFF7EB2C5F4004182046DFF30B2DA00D6
:201B200034AFDA002CA2DA1F2CA3DA002CA1DA017801DADEACA4DA032CAAC5F4008149A574
:201B4000000A6DFF65B2C5F4008182046DFF17B276830D0000030090024FBB00C4097FF022
:201B600017803C0A3B0080429BB4E64E6DFF29FFBB00C409A20FBB00C4093FF0F5FF3B5005
:201B8000C3400654E2F46DFF1CFF3C073B50C3400654E2F46DFF15FF0090DA003E4ADA013D
:201BA0003E4CDA023E4EDA03BE40DA04BE423C15DA00A5FFB4013C11DA00A5FFB8013C0D29
:201BC000DA00A5FFBC013C09DA00A5FF80113C05DA00A5FF84113C010090DA003E4BDA0117
:201BE000BE41DA02BE47DA03BE4DDA045F4F23003C2985FFB401370F70F03C01370F502037
:201C00003C2285FFB801370F70F03C01370F50203C1A85FFBC01370F70F03C01370F502060
:201C20003C1285FF8011370F70F03C01370F50203C0A85FF8411370F70F03C01370F5020B0
:201C40003C028202910000F7D9FFACF001F400F614FFEE04DA044BF201223C010090026F5A
:201C600082005F40100082105F403A0082205F40570082305F407A0082405F40A4001D0043
:201C8000C900F656910000F8D9FFB4103C11DF150780910000F8D9FF88203C0A82049100DC
:201CA0000048D94428233BE003506DFF23EDEE06910000C8D9CC8C103C105E16910000C8E3
:201CC000D9CCA0103C0A820491000048D94428233B2004506DFF0EED1D009C00DF25078048
:201CE000910000F8D9FFB0203C0A820491000048D94428233B8004506DFFFCEC5E2691002E
:201D000000C8D9CC9C203C0A820491000048D94428233BB004506DFFEDEC3C7BDF350780B7
:201D2000910000F8D9FFAC303C0A820491000048D94428233B1005506DFFDCEC5E36910060
:201D400000C8D9CC84303C105E46910000C8D9CC98303C0A820491000048D94428233B5014
:201D600005506DFFC7EC3C55DF450780910000F8D9FFA8403C11DF550780910000F8D9FF01
:201D8000BC403C0A820491000048D94428233BC005506DFFAFEC5E56910000C8D9CC804071
:201DA0003C105E66910000C8D9CC94403C0A820491000048D94428233B0006506DFF9AECB1
:201DC0003C28DF650780910000F8D9FFA4503C11DF750780910000F8D9FFB8503C0A820422
:201DE00091000048D94428233B7006506DFF82EC5E76910000C8D9CC90503C0A82049100B8
:201E00000048D94428233BA006506DFF73EC3C013B000140820540F46DFF74953B000140B1
:201E2000820540C46DFF26950090024F0B561088C5F480016DFF0F95821005F19505370172
:201E4000820125F09501820005F1A1053701820125F0A1010BF8104802966DFF02FF8200E2
:201E60003E0F82105F0F2A0082205F0F440082305F0F5E0082405F0F78001D00930082300F
:201E800005F190053701030025F09001821005F191053701010025F09101827005F190055B
:201EA0003701830125F09001821005F190053701010325F090013C75823005F19405370197
:201EC000030025F09401821005F195053701010025F09501827005F194053701830125F0FD
:201EE0009401821005F194053701010325F094013C58821005F198053701030025F09801A4
:201F0000821005F199053701010025F09901821005F198053701830125F09801821005F19C
:201F200098053701010325F098013C3B821005F19C053701030025F09C01821005F19D0563
:201F40003701010025F09D01821005F19C053701830125F09C01821005F19C053701010399
:201F600025F09C013C1E821005F1A0053701030025F0A001821005F1A1053701010025F0BB
:201F8000A101821005F1A0053701830125F0A001821005F1A0053701010325F0A0013C01A4
:201FA000FF2F0A80910000F7D9FFACF010FFDA0034FF3C08910000F7D9FFACF010FFDA0127
:201FC00034FF0090DA003C0C534F2000600F9140003F30F3D93F8028820074F0C21FBF4F23
:201FE000F57F009091000047D9448C123BF00F403B0020506DFF9AE40090025F8B0F64420A
:2020000091000048D94414333BA003506DFF72EB538F20F0910000F8D9FF4C9010FF54F00A
:2020200082013C02C2113B0020F07FF10880DA0803F10AF060FF54FF6EF63B0020F07E1307
:2020400082023C0282123C01009002588B08644291000048D94414333BF004506DFF4AEB6D
:20206000820A538820F0910000F8D9FF4C9010FF54F86DFF23AF022902946DFF33AE911064
:20208000F0FAD9FF909A9110F02AD922989A9110F04AD944A8AA9110F05AD955A8AA74F84B
:2020A00082107420DA80744FDA50745F0D00800402946DFF36AF8200F6AB3C01914080FFB8
:2020C000484F82110F011010261FEEF93C023C040D0080043C01910000F7D9FF8812DA0159
:2020E00034FF00900258404F02698B08644291000048D94414333BD006506DFFFBEA3B0066
:2021000020F00B9F404191000048D94414333BE006506DFFEFEA82003C0FDA083B00001196
:202120007B00F02A03180A1203F00AF160F2542F74FFB04FC2103F90F2FF00900B45108894
:20214000404C026A8B09644291000048D94414333B2008506DFFCEEA3B0020F00BAF4041B3
:2021600091000048D94414333B3008506DFFC2EA538920F0910000F8D9FF4C9010FF54FBC0
:202180006DFF9CAE022C910000F7D9FF881214FFEE0A0B8910486DFF32FF76250B89104846
:2021A0006DFF55FF82083C7BDA0803F80A9B9100F0FAD9FF5455B70918007B0000FA7E05D0
:2021C000DA5074FFDA003C0EB70918007B00F0FA7E05DA5D74FFDA003C050D008004DA014D
:2021E0003C018B0F004291000048D94414333B4009506DFF7FEADA008200EE0B3C0191407D
:2022000080FF484F82110F011010261FEEF93C023C040D0080043C0154CFB04C82017691C4
:202220009100F0FAD9FF70758200820302F2A620A63189F040090D00800402C46DFF52AD4A
:202240009110F0FAD9FF909A9110F02AD922989A9110F04AD944A8AA9110F05AD955A8AA54
:2022600074F9DA00742FDAA0744FDAAA745F0D00800402C46DFF55AEDA008200EE0B3C0188
:20228000914080FF484F82110F011010261FEEF93C023C040D0080043C01C2183FA886FFD6
:2022A000910000F7D9FF8812DA0034FF009091000047D9448C1282043B0020606DFF40FF08
:2022C00082023C010090BB00FEFF26F4DA005F4F3200DA405F4F34003B0014F05F4F350003
:2022E0003B0016F05F4F36003B001AF05F4F37003B001CF05F4F38003B001EF05F4F390032
:202300003B0028F05F4F3A003B002AF05F4F3B003B002CF05F4F3C003B002EF05F4F3D00BF
:202320003B0040F05F4F3E003B0042F05F4F3F003C429140002FD922000A3C3E9140002FEF
:20234000D922008A3C399140002FD922808A3C349140002FD92280CA3C2F9140002FD92263
:20236000C04A3C2A9140002FD922C08A3C259140002FD922C0CA3C209140002FD922400B20
:202380003C1B9140002FD922404B3C169140002FD922408B3C119140002FD92240CB3C0CAD
:2023A0009140002FD922000C3C079140002FD922004C3C023C013C010090024F02F46DFF91
:2023C00084FF161F09202409570061FF6E0382123C0282023C013C0100900B451088026A13
:2023E000F69DDA003E74DA023E743C05DA003C05DA083C03DA103C013C08DA043E723C037B
:20240000DAC03C03DA803C0102846DFF5EFF8FF80141402402F56DFF569502846DFF55FF3C
:202420008FF80141820540246DFF7F95DF19198076AC02846DFF49FF8FF801F182100FF071
:202440001000892004093C0C02846DFF3EFF8FF801F17B1000000FF01000892004090090E6
:20246000024F765B02F46DFF30FF161F82100FF01000892004093C0B02F46DFF26FF161F1A
:202480007B1000000FF01000892004090090024F02F46DFF1AFF161F82109B1000000FF01F
:2024A0001000892004090090910000F8D9FF4480D4F46DFFF68C910000F8D9FF4480C824DA
:2024C0006DFFEF8C009020880249025A4DC0E2FF370FE1F78B0F20B23C010D004003000031
:2024E0003C013C01DA024BF901426DFF058D402F49A4240A40F56DFF2B906DFF63A6022480
:202500006DFF6AC10B2310C882083C1C820702A60BCD10486DFF42870B231048BB002464DD
:202520009BF6006082076DFF8987BBF0FFFF7FF203803C0B8FFD1F1077CD800F0B0110C84F
:20254000C218DA103FF8E4FFDA103FF80280DA003E98DA013E9DDA02BE92DA03BE973C1DDD
:20256000DA0089AF2418DA3289AFA2183C16DA0089AF2A18DA3389AFA8183C0FDA0089AF07
:202580002418DA3489AFA2183C08DA0089AF2A18DA3589AFA8183C01DA024BF90102DF0120
:2025A0001780DA0089AF0018DA0789AF2018DA0189AF211889A228090BCD10486DFF3AC1CA
:2025C00089A22409DA0089AF0C183C15DA0189AF0018DA0989AF2618DA0289AF271889A21A
:2025E00030090BCD10486DFF25C189A22C09DA0089AF1418DA0089AF9A18DA0089AF9C18F8
:20260000DA0089AF012849A4000A49A5240A6DFFDA8D02BF6E030D0000034D00D0FF160124
:202620005E19DA0182103700010E37F0040C89F0283949A4000A6DFFA58F0090DA853F4F4B
:202640000D00DA003FF40A005AF4910000F8D9FF284390FFD4FFDC0F1D000E039100002808
:20266000D922B0701D00120391000028D9228C601D000C0391000028D9229C701D0006035B
:2026800091000028D92288701D00000391000028D922B4601D00FA0291000028D922A060D9
:2026A0001D00F40291000028D92284801D00EE0291000028D92298801D00E80291000028B6
:2026C000D922AC801D00E20291000028D922BC901D00DC0291000028D922A8901D00D602F6
:2026E00091000028D92294901D00D00291000028D92280901D00CA0291000028D92290A082
:202700001D00C40291000028D922A4A01D00BE0291000028D922A0B01D00B802910000286D
:20272000D9228CB01D00B20291000028D922B8A01D00AC0291000028D922B4B01D00A602DD
:2027400091000028D92288C01D00A00291000028D92284D01D009A0291000028D922B0C0D9
:202760001D00940291000028D9229CC01D008E0291000028D92298D01D008802910000286D
:20278000D922ACD01D00820291000028D922BCE01D007C0291000028D922A8E01D00760265
:2027A00091000028D92294E01D00700291000028D92280E01D006A0291000028D92290F091
:2027C0001D00640291000028D922CC001D005E0291000028D922B8F01D00580291000028ED
:2027E000D922A4F01D00520291000028D922E0001D004C0291000028D922DC101D004602D5
:2028000091000028D922C8101D00400291000028D922F4001D003A0291000028D922F01018
:202820001D00340291000028D922D8201D002E0291000028D922C4201D00280291000028B4
:20284000D922D0401D00220291000028D922EC201D001C0291000028D922FC301D0016021C
:2028600091000028D922D4301D00100291000028D922E8301D000A0291000028D922C030D8
:202880001D00040291000028D922F8401D00FE0191000028D922CC501D00F801910000286E
:2028A000D922E0501D00F20191000028D922E4401D00EC0191000028D922C4701D00E6010F
:2028C00091000028D922DC601D00E00191000028D922F0601D00DA0191000028D922C86032
:2028E0001D00D40191000028D922F4501D00CE0191000028D922C0801D00C801910000286F
:20290000D922D4801D00C20191000028D922D8701D00BC0191000028D922EC701D00B601CE
:2029200091000028D922D0901D00B00191000028D922FC801D00AA0191000028D922E880A1
:202940001D00A40191000028D922CCA01D009E0191000028D922E0A01D0098019100002836
:20296000D922E4901D00920191000028D922F8901D008C0191000028D922F4A01D00860166
:2029800091000028D922C8B01D00800191000028D922DCB01D007A0191000028D922C4C05D
:2029A0001D00740191000028D922F0B01D006E0191000028D922D8C01D006801910000281A
:2029C000D922C0D01D00620191000028D922E8D01D005C0191000028D922D4D01D0056013A
:2029E00091000028D922ECC01D00500191000028D922FCD01D004A0191000028D922F8E095
:202A00001D00440191000028D922CCF01D003E0191000028D922E4E01D0038019100002801
:202A2000D922D0E01D00320191000028D922E0F01D002C0191000028D9221C011D002601B8
:202A400091000028D92208011D00200191000028D922F4F01D001A0191000028D9223001C6
:202A60001D00140191000028D9222C111D000E0191000028D92204111D000801910000285F
:202A8000D92218111D00020191000028D92214211D00FC0091000028D92200211D00F60008
:202AA00091000028D9223C211D00F00091000028D92228211D00EA0091000028D9221031FF
:202AC0001D00E40091000028D92238311D00DE0091000028D92224311D00D8009100002826
:202AE000D92234411D00D20091000028D9220C411D00CC0091000028D92220411D00C60095
:202B000091000028D92204611D00C00091000028D92230511D00BA0091000028D9221C5192
:202B20001D00B40091000028D92208511D00AE0091000028D92218611D00A8009100002841
:202B4000D92214711D00A20091000028D92200711D009C0091000028D9222C611D00960064
:202B600091000028D92228711D00900091000028D92210811D008A0091000028D9223C710E
:202B80001D00840091000028D92224813C7E91000028D92220913C7991000028D9223881FA
:202BA0003C7491000028D9220C913C6F91000028D92208A13C6A91000028D92234913C654C
:202BC00091000028D92230A13C6091000028D9221CA13C5B91000028D92204B13C56910040
:202BE0000028D9222CB13C5191000028D92218B13C4C91000028D92228C13C47910000286A
:202C0000D92200C13C4291000028D92214C13C3D91000028D92224D13C3891000028D922A7
:202C200010D13C3391000028D9223CC13C2E91000028D92238D13C2991000028D92234E13E
:202C40003C2491000028D92220E13C1F91000028D9220CE13C1A91000028D92208F13C150F
:202C600091000028D92230F13C1091000028D9221CF13C0B820491000048D94400433BD061
:202C80000D506DFF37E5A0023C01009020389100014F6DFF7F8E910001FF19FF00C0AE1FF8
:202CA0009100014F8204BB0068599B85B9546DFF82909100014F82246DFF619049A4000AAB
:202CC0009100015F6DFF059082083C1982093C13370868F02CA4370948F02CA549A4240A7E
:202CE00049A5000A6DFF548F49A4240A82146DFF3290C219DA083FF9ED7FC218BF48E87F05
:202D000000902038024F0B5610883B0071020B90504191000048D94400433B3013506DFF34
:202D2000E9E402F46DFF8CFC402F14FF82003E0882103E0782203E0682303E053C053C055E
:202D40003C043C033C023C019100014F6DFF228E9100012F192F00C0AE1F9100014F82047F
:202D6000BB0068599B85B9546DFF25909100014F82246DFF049049A4000A9100015F6DFFAE
:202D8000A88F14FF2CA409FF01082CA5BB0068F99B8FB9F44B0861014B0F51F04B0F71F138
:202DA0007802F807DA0189AF130814FF82003E0A8210BE0882205F0F260082305F0F3300AE
:202DC0003C418205029409A6080982076DFFE682FB0071620B2310486DFF308389A20C0989
:202DE0003C328205029409A6080982076DFFD682FB0071620B2310486DFF208389A20C0998
:202E00003C228205029409A6080982076DFFC682FB0071620B2310486DFF108389A20C09A7
:202E20003C128205029409A6080982076DFFB682FB0071620B2310486DFF008389A20C09B7
:202E40003C023C0149A4240A49A5000A6DFFA08E49A4240A82146DFF6A8F0090024F0258F9
:202E60003B0071020B80504191000048D94400433B1011506DFF3EE402F46DFFE1FB402F68
:202E800014FF3B008000E20F60F291F0013F3023D934000809F401086DFF098E14FF82005A
:202EA0003E0A8210BE0682205F0F220082305F0F2D003C3982050284820702266DFF6E8266
:202EC000FB0071620B2310486DFFB88202283C2C82050284820702266DFF6082FB0071628C
:202EE0000B2310486DFFAA8202283C1E82050284820702266DFF5282FB0071620B231048DE
:202F00006DFF9C8202283C1082050284820702266DFF4482FB0071620B2310486DFF8E82F1
:202F200002283C023C0114FF3B008000E20F60F291F0013F3023D934000809F40108028525
:202F40006DFFD78D009049AA10BA0B4510880B6710A809ACB04809ADB44809AEB848DA64EE
:202F60004BFB01020B08004191000048D94400D33BC03E506DFFBEE3DA644BFC01020B08BA
:202F8000004191000048D94400D33BD03E506DFFB1E3DA644BFD01020B08004191000048D8
:202FA000D94400D33BE03E506DFFA4E33BB01AF03EEEDA644BFE01020B08004191000048AD
:202FC000D94400D33B103F506DFF94E3910000F7D9FF2013B4FE370848406DFF2292402CAC
:202FE000B4AE49A4203A49A5383A0B8B10480BCD10686D00950149A4040A40C56DFF67961E
:20300000DA002CA4BB00C2FB9BEFC3F47805DA002CAC49AF203AF80949A4300A49A5040AA8
:203020006DFF2C9449A4004A49A5300A6DFF08944B0A61F17841DA003E99DA01BE93DA02E4
:20304000BE9EDA035F9F27003C3109AF4848B70F81F189AF084809AF4848961089AF084827
:203060003C2509AF4848B70F81F189AF084809AF4848B70F01F289AF08483C1809AF4848C2
:20308000960889AF084809AF4848961089AF08483C0D09AF4848960889AF084809AF484895
:2030A000B70F01F289AF08483C0109AF4848962089AF084809A0C848DA0837F006F389AF19
:2030C000884809AF4948B70F01F289AF094809A2F83989A2DC493BB01AF07EE609AF4848C8
:2030E000960489AF084849A43C1A49A5004A6DFFA3923BB01AF05FEF3280D840D4FFC8AF3B
:2031000009FF5108B70F01F389FF110882048205820640C46DFFCE91910000F7D9FF2013FC
:203120003BB01AF0B4FFDA003E8ADA013E8BDA023E8CDA033E8DDA043E8E3C103B2001E021
:203140003C0D3B8007E03C0A3BE00DE03C073B4014E03C043BA01AE03C01DA0509C056082C
:2031600037F003F289CF1608534820F0910000F7D9FF0C1310FF4CC674FF534820F09100C3
:2031800000F7D9FF0C1310FF534820F091000027D9220C131022092FC208B77F85F3ACF136
:2031A000534820F0910000F7D9FF0C1310FF534820F091000027D9220C131022142FB71F0E
:2031C00003F234FF534820F0910000F7D9FF0C1310FF534820F091000027D9220C131022DF
:2031E000142FB71F83F034FF534820F0910000F7D9FF0C1310F2534820F0910000F7D9FFD9
:203200000C1310FF081FB71F03F12C21534820F0910000F7D9FF0C1310FF534820F09100CD
:203220000027D9220C131022092FC008B71F83F3B4FF534820F0910000F7D9FF0C1310F2F0
:20324000534820F0910000F7D9FF0C1310FF082F96202C22534820F0910000F7D9FF0C13D0
:2032600010F2534820F0910000F7D9FF0C1310FF082FB70F81F12C22534820F0910000F723
:20328000D9FF0C1310F2534820F0910000F7D9FF0C1310FF082FB70F01F32C22534820F012
:2032A000910000F7D9FF0C1310F2534820F0910000F7D9FF0C1310FF082FB71F03F02C2206
:2032C000534820F0910000F7D9FF0C1310F2534820F0910000F7D9FF0C1310FF081FB71F8C
:2032E00083F22C21534820F0910000F7D9FF0C1310F2534820F0910000F7D9FF0C1310FFA7
:203300000830DA664BFE0122DA064BF301229AD2370F68F037F004F22C2300900B67108878
:2033200094AF404F405C3B80000089F014083B00080028C03B0008002840820089F01508E1
:20334000820089C005083B00080089C0040882005F40100082105F40C50082205F409701FD
:2033600082305F40930282405F4065031D003204F65791000028D9224CC1F4F23C12DF1515
:20338000088091000028D9225CC1F4F23C0A820491000048D94400D33B3004506DFFAAE1A3
:2033A000DF68088091000028D9226CB1E8223C12DF78088091000028D9227CB1E8223C0A05
:2033C000820491000048D94400D33B7004506DFF91E13BC000005F09088091000028D92222
:2033E0005CB1E8423C0A820491000048D94400D33BA004506DFF7EE13B2001007E07910095
:2034000000F8D9FF6CC1F4CF3C6A3B8001007E07910000F8D9FF54D1F4CF3C613BE0010003
:203420007E07910000F8D9FF68D1F4CF3C583B4002007E07910000F8D9FF7CD1F4CF3C4F18
:203440003BA002007E07910000F8D9FF50E1F4CF3C463B0003007E07910000F8D9FF64E1CA
:20346000F4CF3C3D3B6003007E07910000F8D9FF78E1F4CF3C343BC003007E07910000F8F4
:20348000D9FF4CF1F4CF3C2B3B2004007E07910000F8D9FF60F1F4CF3C223B8004007E07F2
:2034A000910000F8D9FF74F1F4CF3C193B0006007E07910000F8D9FF40D1F4CF3C103BB0FC
:2034C0001A007E04A00FF4CF3C0A820491000048D94400D33B8005506DFF0CE11D007A0346
:2034E0003B6006005F05088091000028D9229811F4F23C143B7006005F0508809100002856
:20350000D922A811F4F23C0A820491000048D94400D33B0006506DFFEDE03BC006005F084A
:20352000088091000028D922A801E8223C1E3BD006005F08088091000028D922B801E822CB
:203540003C143BE006005F08088091000028D9228811E8223C0A820491000048D94400D31F
:203560003B5006506DFFC6E03B2007005F09088091000028D9228801E8423C143B300700DD
:203580005F09088091000028D9229801E8423C0A820491000048D94400D33B9006506DFFA2
:2035A000A9E03B8007007E07910000F8D9FFB811F4CF3C6A3BE007007E07910000F8D9FFA0
:2035C000A021F4CF3C613B4008007E07910000F8D9FFB421F4CF3C583BA008007E0791003C
:2035E00000F8D9FF8831F4CF3C4F3B0009007E07910000F8D9FF9C31F4CF3C463B60090014
:203600007E07910000F8D9FFB031F4CF3C3D3BC009007E07910000F8D9FF8441F4CF3C34C5
:203620003B200A007E07910000F8D9FF9841F4CF3C2B3B800A007E07910000F8D9FFAC41A4
:20364000F4CF3C223BE00A007E07910000F8D9FF8051F4CF3C193B400B007E07910000F8C1
:20366000D9FF8C21F4CF3C103BB01A007E04A00FF4CF3C0A820491000048D94400D33B707D
:2036800007506DFF37E01D00A5023BC00C005F05088091000028D9229471F4F23C323BD081
:2036A0000C005F05088091000028D922A471F4F23C283BE00C005F05088091000028D92238
:2036C000B471F4F23C1E3BF00C005F05088091000028D9228481F4F23C143B000D005F05C7
:2036E000088091000028D9229481F4F23C0A820491000048D94400D33B1008506DFFFADF16
:203700003B200D005F08088091000028D922A461E8223C1E3B300D005F0808809100002815
:20372000D922B461E8223C143B400D005F08088091000028D9228471E8223C0A8204910098
:203740000048D94400D33B6008506DFFD3DF3B800D005F09088091000028D9229461E84295
:203760003C323B900D005F09088091000028D9229451E8423C283BA00D005F090880910083
:203780000028D922A451E8423C1E3BB00D005F09088091000028D922B451E8423C143BC077
:2037A0000D005F09088091000028D9228461E8423C0A820491000048D94400D33BD0085051
:2037C0006DFF98DF3BE00D007E07910000F8D9FFA481F4CF3C583B400E007E07910000F8E5
:2037E000D9FFB881F4CF3C4F3BA00E007E07910000F8D9FF8C91F4CF3C463B000F007E076A
:20380000910000F8D9FFA091F4CF3C3D3BC00F007E07910000F8D9FFB491F4CF3C343B2017
:2038200010007E07910000F8D9FF88A1F4CF3C2B3B8010007E07910000F8D9FF9CA1F4CF8E
:203840003C223BE010007E07910000F8D9FFB0A1F4CF3C193B4011007E07910000F8D9FF1E
:2038600084B1F4CF3C103BB01A007E04A00FF4CF3C0A820491000048D94400D33B90095052
:203880006DFF38DF1D00A6013B2013005F05088091000028D922B8C1F4F23C143B301300A6
:2038A0005F05088091000028D922A8C1F4F23C0A820491000048D94400D33BF009506DFF94
:2038C00019DF3B8013005F08088091000028D92288C1E8223C1E3BA013005F080880910064
:2038E0000028D92298C1E8223C143B9013005F08088091000028D922B8B1E8223C0A820432
:2039000091000048D94400D33B400A506DFFF2DE3BE013005F09088091000028D92298B1B2
:20392000E8423C143BF013005F09088091000028D922A8B1E8423C0A820491000048D944E6
:2039400000D33B800A506DFFD5DE3B4014007E07910000F8D9FF88D1F4CF3C6A3BA014003A
:203960007E07910000F8D9FF9CD1F4CF3C613B0015007E07910000F8D9FFB0D1F4CF3C5886
:203980003B6015007E07910000F8D9FF84E1F4CF3C4F3B7015007E07910000F8D9FF98E1BF
:2039A000F4CF3C463BC015007E07910000F8D9FFACE1F4CF3C3D3BD015007E07910000F8D5
:2039C000D9FF80F1F4CF3C343B2016007E07910000F8D9FF94F1F4CF3C2B3B8016007E070F
:2039E000910000F8D9FFA8F1F4CF3C223BE016007E07910000F8D9FFBCF1F4CF3C193B4055
:203A000017007E07910000F8D9FFD001F4CF3C103BB01A007E04A00FF4CF3C0A8204910073
:203A20000048D94400D33B600B506DFF63DE1D00D1003B8019005F05088091000028D92249
:203A4000D421F4F23C283B9019005F05088091000028D922E421F4F23C1E3BA019005F0506
:203A6000088091000028D922F421F4F23C143BB019005F05088091000028D922C431F4F240
:203A80003C0A820491000048D94400D33BE00B506DFF30DE3BE019005F08088091000028C5
:203AA000D922E411E8223C1E3BF019005F08088091000028D922F411E8223C143B001A0017
:203AC0005F08088091000028D922C421E8223C0A820491000048D94400D33B300C506DFF8C
:203AE00009DE3B401A005F09088091000028D922F401E8423C283B501A005F0908809100FD
:203B00000028D922C411E8423C1E3B601A005F09088091000028D922D411E8423C143B70C6
:203B20001A005F09088091000028D922E401E8423C0A820491000048D94400D33B900C50FC
:203B40006DFFD8DD3BC01B007E07910000F8D9FFD041F4CF3C3D3B401D007E07910000F855
:203B6000D9FFF841F4CF3C343B501D007E07910000F8D9FFE441F4CF3C2B3B601B007E07E9
:203B8000910000F8D9FFFC31F4CF3C223B001B007E07910000F8D9FFE831F4CF3C193BA02E
:203BA0001A007E07910000F8D9FFD431F4CF3C103BB01A007E04A00FF4CF3C0A820491009B
:203BC0000048D94400D33B200D506DFF93DD3C0100900B451088370848406DFF228C5348E8
:203BE00020F0910000F7D9FF0C1310FF54F082013710010089202019BB00F00F26908680C0
:203C0000892024193C01092F42181607EEFD534820F0910000F7D9FF0C1310FF54FF8210C9
:203C2000370F01F0892F20198FF90FF1892F24193C01092F41186F3FFE7FBBF0FFFF892F85
:203C4000141900900248404C0259370848406DFFE88B534820F0910000F7D9FF0C1310FF97
:203C600054F08201371001008920201909C0C008BB00F01F26108680892024193C01092F61
:203C800042181607EEFDDF190F80534820F0910000F7D9FF0C1310FF54FF8210370F01F0E6
:203CA000892F201909CFC00816FFB02C892F24193C01092F42181607EEFDC2F9DF09D8FF3C
:203CC0003C01092F41186F3FFE7FBBF0FFFF892F14190090024F0258370F48406DFFA18BBC
:203CE000534F20F0910000F7D9FF0C1310FF54FF8210370F01F0892F2019892824193C014C
:203D0000092F42181607EEFD3C01092F41186F3FFE7FBBF0FFFF892F14190090A00FDA0069
:203D20005F4F2100DA015F4F2300DA025F4F2500DA035F4F2700DA045F4F2900DA055F4F65
:203D40002B00DA065F4F2D00DA085F4F2F00DA095F4F3100DA0A5F4F3300DA0B5F4F35006F
:203D60003C38910000F7D9FF24133C3C910000F7D9FF28633C37910000F7D9FF14833C32FD
:203D8000910000F7D9FF00A33C2D910000F7D9FF2CB33C28910000F7D9FF18D33C239100D9
:203DA00000F7D9FF04F33C1E910000F7D9FF70033C19910000F7D9FF5C233C14910000F704
:203DC000D9FF10333C0F910000F7D9FF3C433C0A820491000048D94428D33B7012506DFF68
:203DE00089DC40F23C01009020200B4510A80B7610884DC0E2FF370FE1F78B0F20C23C0139
:203E00000D00400300003C013C01370A48406DFFBC7B91000047D944484340256DFF9F7FFD
:203E200002A46D00D60302A46D007205910000F7D9FF4843DA0289FF2C08910000F7D9FF29
:203E40004843DA04ACF4910000F7D9FF48434B0B61F16CF1910000F7D9FF4843DA072CFA77
:203E6000A00FF4AFA00FF80449A4180A49A5080A0BA9104802866D002800DA102CACDA80F1
:203E800089AF1C08DA0089AF1D08910000F7D9FF484349A2000AE8A202A46DFF41FF910042
:203EA0000057D955484340246DFF117D820502A46D006503820502A46D009C0602CF6E0314
:203EC0000D00000300900268405C82005F40220082105F40670082205F40FF0082305F40D0
:203EE000730182405F40E70182505F400A0282605F404802DA085F4F7402DA095F4F97028D
:203F0000DA0A5F4FB902DA0B5F4FFF021D002203F658910000F8D9FF101080FF744F3C250C
:203F2000DF150980910000F8D9FF201080FF744F3C1CDF250980910000F8D9FF301080FF2C
:203F4000744F3C13DF350980910000F8D9FF002080FF744F3C0A820491000048D94428D332
:203F60003B7013506DFFC6DBF688910000F8D9FF300080FF74CF3C13DF180980910000F8FD
:203F8000D9FF001080FF74CF3C0A820491000048D94428D33BB013506DFFACDB1D00DB027F
:203FA000DF450980910000F8D9FF309080FF744F3C52DF550980910000F8D9FF00A080FF26
:203FC000744F3C49DF650980910000F8D9FF10A080FF744F3C40DF750980910000F8D9FFBF
:203FE00020A080FF744F3C37DA087E58910000F8D9FF30A080FF744F3C2EDA097E5891006D
:2040000000F8D9FF00B080FF744F3C25DA0A7E58910000F8D9FF10B080FF744F3C1CDA0B23
:204020007E58910000F8D9FF20B080FF744F3C13DA0C7E58910000F8D9FF30B080FF744FA9
:204040003C0A820491000048D94428D33B9014506DFF50DBDF480980910000F8D9FF10803C
:2040600080FF74CF3C37DF580980910000F8D9FF208080FF74CF3C2EDF680980910000F8C5
:20408000D9FF308080FF74CF3C25DF380980910000F8D9FF009080FF74CF3C1CDF780980EA
:2040A000910000F8D9FF109080FF74CF3C13DF280980910000F8D9FF209080FF74CF3C0A45
:2040C000820491000048D94428D33B1015506DFF11DB1D004002DA0D7E58910000F8D9FFE4
:2040E00010D080FF744F3C37DA0E7E58910000F8D9FF20D080FF744F3C2EDA0F7E58910020
:2041000000F8D9FF30D080FF744F3C25DA107E58910000F8D9FF00E080FF744F3C1CDA11A6
:204120007E58910000F8D9FF10E080FF744F3C13DA127E58910000F8D9FF20E080FF744F62
:204140003C0A820491000048D94428D33BC015506DFFD0DADA0B7E88910000F8D9FF00C020
:2041600080FF74CF3C2EDA097E88910000F8D9FF10C080FF74CF3C25DA0A7E88910000F863
:20418000D9FF20C080FF74CF3C1CDA0C7E88910000F8D9FF30C080FF74CF3C13DA087E8817
:2041A000910000F8D9FF00D080FF74CF3C0A820491000048D94428D33B4016506DFF9ADA8E
:2041C0001D00C901DA137E58910000F8D9FF30F080FF744F3C40DA147E58910000F8D9FFD1
:2041E000400080FF744F3C37DA157E58910000F8D9FF500080FF744F3C2EDA167E58910051
:2042000000F8D9FF600080FF744F3C25DA177E58910000F8D9FF700080FF744F3C1CDA18A7
:204220007E58910000F8D9FF401080FF744F3C13DA197E58910000F8D9FF501080FF744F9A
:204240003C0A820491000048D94428D33B0017506DFF50DADA0E7E88910000F8D9FF30E00A
:2042600080FF74CF3C25DA0F7E88910000F8D9FF00F080FF74CF3C1CDA0D7E88910000F84B
:20428000D9FF10F080FF74CF3C13DA107E88910000F8D9FF20F080FF74CF3C0A82049100B5
:2042A0000048D94428D33B6017506DFF23DA1D005201DA1A7E58910000F8D9FF701080FF99
:2042C000744F3C0A820491000048D94428D33BC017506DFF0FDADA117E88910000F8D9FF55
:2042E000601080FF74CF3C0A820491000048D94428D33BF017506DFFFDD91D002C01DA1BBC
:204300007E58910000F8D9FF702080FF744F3C13DA1C7E58910000F8D9FF403080FF744F66
:204320003C0A820491000048D94428D33B6018506DFFE0D9DA127E88910000F8D9FF4020E5
:2043400080FF74CF3C1CDA137E88910000F8D9FF602080FF74CF3C13DA147E88910000F8E1
:20436000D9FF502080FF74CF3C0A820491000048D94428D33BB018506DFFBCD91D00EB001A
:20438000DA1D7E58910000F8D9FF703080FF744F3C0A820491000048D94428D33B1019509C
:2043A0006DFFA8D9DA157E88910000F8D9FF503080FF74CF3C13DA167E88910000F8D9FFD2
:2043C000603080FF74CF3C0A820491000048D94428D33B5019506DFF8DD91D00BC00DA1E37
:2043E0007E58910000F8D9FF504080FF744F3C0A820491000048D94428D33BB019506DFF37
:2044000079D9DA177E88910000F8D9FF404080FF74CF3C0A820491000048D94428D33BE0D8
:2044200019506DFF67D91D009600DA1F7E58910000F8D9FF704080FF744F3C0A8204910035
:204440000048D94428D33B401A506DFF53D9DA187E88910000F8D9FF604080FF74CF3C0A7E
:20446000820491000048D94428D33B701A506DFF41D93C70DA207E58910000F8D9FF10300D
:2044800080FF744F3C13DA217E58910000F8D9FF203080FF744F3C0A820491000048D94405
:2044A00028D33BE01A506DFF25D9DA197E88910000F8D9FF102080FF74CF3C25DA1A7E886B
:2044C000910000F8D9FF202080FF74CF3C1CDA1B7E88910000F8D9FF302080FF74CF3C1364
:2044E000DA1C7E88910000F8D9FF003080FF74CF3C0A820491000048D94428D33B401B50CA
:204500006DFFF8D83C27DA227E58910000F8D9FF008080FF744F3C0A820491000048D94445
:2045200028D33BB01B506DFFE5D8DA1D7E88910000F8D9FF303080FF74CF3C0A8204910024
:204540000048D94428D33BE01B506DFFD3D83C023C010090404F82086DFFE2FBD424094FA1
:204560005208161F3C016E07D424821440F56DFFA778821802823C0100900258910000F7DF
:20458000D9FF4843D4FF370448406DFFFE7791000047D944484340256DFFE17B40F46DFFF4
:2045A0007678370868F06E03DA013C02DA0009F0431837F001F289FF031876850C2196043F
:2045C0002C213C050C21B70F01F12C210090DA005F4F2200DA015F4F4100DA025F4F60002D
:2045E000DA035F4F7F00DA045F4F9E00DA055F4FBD00DA065F4FDC00DA085F4FFB00DA0965
:204600005F4F1901DA0A5F4F3701DA0B5F4F55011D007401910000F7D9FF484391000027EA
:20462000D9222823E8C2910000F7D9FF484391000027D9220023E8E2910000F7D9FF484314
:20464000DA0189FFAE08910000F7D9FF4843DA0189FFB4081D005B01910000F7D9FF4843D3
:2046600091000027D9222C73E8C2910000F7D9FF484391000027D9220473E8E2910000F7D7
:20468000D9FF4843DA0189FFAE08910000F7D9FF4843DA0189FFB4081D003901910000F7B5
:2046A000D9FF484391000027D9221893E8C2910000F7D9FF484391000027D9223083E8E274
:2046C000910000F7D9FF4843DA0189FFAE08910000F7D9FF4843DA0189FFB4081D00170197
:2046E000910000F7D9FF484391000027D92204B3E8C2910000F7D9FF484391000027D9221D
:204700001CA3E8E2910000F7D9FF4843DA0189FFAE08910000F7D9FF4843DA0189FFB40802
:204720001D00F500910000F7D9FF484391000027D92230C3E8C2910000F7D9FF48439100B0
:204740000027D92208C3E8E2910000F7D9FF4843DA0189FFAE08910000F7D9FF4843DA01D8
:2047600089FFB4081D00D300910000F7D9FF484391000027D9221CE3E8C2910000F7D9FF5E
:20478000484391000027D92234D3E8E2910000F7D9FF4843DA0189FFAE08910000F7D9FFA6
:2047A0004843DA0189FFB4081D00B100910000F7D9FF484391000027D9224803E8C291005D
:2047C00000F7D9FF484391000027D92220F3E8E2910000F7D9FF4843DA0189FFAE0891005A
:2047E00000F7D9FF4843DA0189FFB4081D008F00910000F7D9FF484391000027D92274136F
:20480000E8C2910000F7D9FF484391000027D9224C13E8E2910000F7D9FF4843DA0189FFD9
:20482000AE08910000F7D9FF4843DA0189FFB4083C6D910000F7D9FF484391000027D92271
:204840006033E8C2910000F7D9FF484391000027D9227823E8E2910000F7D9FF4843DA0152
:2048600089FFAE08910000F7D9FF4843DA0189FFB4083C4C910000F7D9FF484391000027C5
:20488000D9221443E8C2910000F7D9FF484391000027D9222C33E8E2910000F7D9FF48436A
:2048A000DA0189FFAE08910000F7D9FF4843DA0189FFB4083C2B910000F7D9FF48439100F2
:2048C0000027D9220063E8C2910000F7D9FF484391000027D9221853E8E2910000F7D9FF76
:2048E0004843DA0189FFAE08910000F7D9FF4843DA0189FFB4083C0A820491000048D94448
:2049000028D33BC010506DFFF5D60090DA005F4F2200DA015F4F3D00DA025F4F5800DA034B
:204920005F4F7300DA045F4F8E00DA055F4FA900DA065F4FC400DA085F4FDE00DA095F4FB5
:20494000F800DA0A5F4F1201DA0B5F4F2C011D004701910000F7D9FF4843DA0B89FFA00895
:20496000910000F7D9FF4843DA0A89FFA208910000F7D9FF4843DA0C89FFA408910000F7A9
:20498000D9FF4843DA0089FF26081D003201910000F7D9FF4843DA0D89FFA008910000F74A
:2049A000D9FF4843DA0E89FFA208910000F7D9FF4843DA0F89FFA408910000F7D9FF484387
:2049C000DA0089FF26081D001401910000F7D9FF4843DA1089FFA008910000F7D9FF484325
:2049E000DA1189FFA208910000F7D9FF4843DA1289FFA408910000F7D9FF4843DA0089FF42
:204A000026081D00F600910000F7D9FF4843DA1389FFA008910000F7D9FF4843DA1489FFEC
:204A2000A208910000F7D9FF4843DA1589FFA408910000F7D9FF4843DA0089FF26081D0026
:204A4000D800910000F7D9FF4843DA1689FFA008910000F7D9FF4843DA1789FFA2089100D4
:204A600000F7D9FF4843DA1889FFA408910000F7D9FF4843DA0089FF26081D00BA009100D3
:204A800000F7D9FF4843DA1989FFA008910000F7D9FF4843DA1A89FFA208910000F7D9FF28
:204AA0004843DA1B89FFA408910000F7D9FF4843DA0089FF26081D009C00910000F7D9FFAE
:204AC0004843DA1C89FFA008910000F7D9FF4843DA1D89FFA208910000F7D9FF4843DA1E2E
:204AE00089FFA408910000F7D9FF4843DA0089FF26083C7E910000F7D9FF4843DA1F89FFE1
:204B0000A008910000F7D9FF4843DA2089FFA208910000F7D9FF4843DA2189FFA40891002B
:204B200000F7D9FF4843DA0089FF26083C61910000F7D9FF4843DA2289FFA008910000F74F
:204B4000D9FF4843DA2389FFA208910000F7D9FF4843DA2489FFA408910000F7D9FF4843BB
:204B6000DA0089FF26083C44910000F7D9FF4843DA2589FFA008910000F7D9FF4843DA2620
:204B800089FFA208910000F7D9FF4843DA2789FFA408910000F7D9FF4843DA0089FF260848
:204BA0003C27910000F7D9FF4843DA2889FFA008910000F7D9FF4843DA2989FFA2089100C4
:204BC00000F7D9FF4843DA2A89FFA408910000F7D9FF4843DA0089FF26083C0A820491006B
:204BE0000048D94428D33B000B506DFF83D500900258910000F7D9FF4843D4FF3704484090
:204C00006DFFC37491000047D944484340256DFFA67840F46DFF4875370868F06E03DA0142
:204C20003C02DA0009F0431837F081F389FF031876850C2196042C213C050C21B70F01F195
:204C40002C210090404F025F6DFF6AF8D42440F502F46DFF2B760090200834A56DFF60F834
:204C6000D42449A5000A82146DFF207600900248404F3C0909FF0008B01F370F685002849B
:204C80006DFFECFF09FF0008EEF60090913000FFD9FF0C9654FF370F6EF18FFF83813C0138
:204CA000913000FFD9FF28A654FF370F6EF18FFF83F13C019130004FD9440C9602846DFF96
:204CC000619B02F46DFF799B913000FFD9FF0C9654FF2E1B8F2800F0960154F0370070085B
:204CE0008F000100A60F74FF8F2800F0960254F0370070088F000100A60F74FF54FFDA00E5
:204D0000B70F81F0CDCF20090D00C0040D00C004DA00B70F81F0CD0F04090D00C0040D001D
:204D2000C00491000000D900000091000080D988000091000090D9990000910000F8D9FFDF
:204D4000004080FFCD4FE20F0D00C004910003F8D9FF000E80FFCD0FE20F0D00C004914056
:204D600000F7D9FF80C980FFCD8FE20F0D00C004913000FFD9FF0C9654FF2E1B8F2800F001
:204D8000960154F0370070088F000100A60F74FF06288F3840F154F0370070088F00010028
:204DA000A60F74FF54FF6DFFA79A6DFF8798913000FF19FF28A66F1F12008F2220F09601A2
:204DC000913000FF19F028A6370070088F002100A60F913000FF59FF28A686228F2240F1B8
:204DE000913000FF19F028A6370070088F002100A60F913000FF59FF28A63C01913000FF25
:204E000019FF28A61601DF1FFB7FDA00913000FF59FF18169120884F910003FAD9FF00808F
:124E200080F46DFF669B911000F8D9FFE28BDC0F009046
:204E340091000010D91100003B0098F0CD4FE00F0D00C004913000FF19FF10167BD03801B2
:204E540026F07603DA003C248FBF0F01BF10138016FB913000FF19F018160F0FB0F18BFF64
:204E740001F1061F570062FF5E23DA013C02DA003C0FEF4F0400DA013C0B911088FF19FFEC
:204E9400000D370FE2F06E03DA013C02DA003C011E17911000F8D9FFC0B4DC0F3C06911050
:0A4EB40000F8D9FFE4B4DC0F009011
:204EC000911000F8D9FF1A482D0F2000911000F8D9FF2C882D0F2000911000F8D9FFE8D4F5
:204EE000DC0F0090914000A7D9AA40890D008004914000F7D9FFC00991400027D922C00BBB
:204F0000A004802080FFA2F0DA404BF0114282003C1E80FFB70F1CF08F4F1F1080FFBBF030
:204F2000FF2F0662262F06AFA6F1F606CD81E30F0D00C0043C0274419AD47E05CDC1E30FC9
:204F40000D00C00440F449FF001AC2103F40E3FFDA00744F0D0080040D00C004911000F81F
:204F6000D9FF0415DC0F0090914000A7D9AA40890D008004914000F7D9FFC009914000270F
:204F8000D922C00BA004802080FFA2F0DA404BF0114282003C1E80FFB70F1CF08F4F1F1014
:204FA00080FFBBF0FF2F0662262F06AFA6F1F606CD81E30F0D00C0043C0274419AD47E059F
:204FC000CDC1E30F0D00C00440F449FF001AC2103F40E3FFDA00744F0D0080040D00C004B8
:204FE000911000F8D9FFECF4DC0F0090913000FFD9FF0C9654FF370F6EF18FFF83413C0124
:20500000913000FFD9FF28A654FF370F6EF18FFF83F13C019130004FD9440C966DFF269AF8
:2050200002F46DFF3B9A91000048D944DC616DFF5191DF12038000A0911000F8D9FF04151A
:20504000DC0F0090911000F8D9FF1015DC0F0090911000F8D9FFCC24DC0F00906DFFB8AC18
:025060000090BE
:2050640000000000000000000000000000000000000000000000000000000000000000002C
:2050840000000000000000000000000000000000000000000000000000000000000000000C
:2050A4000000000000000000000000000000000000000000000000000000000000000000EC
:2050C4000000000000000000000000000000000000000000000000000000000000000000CC
:2050E4000000000000000000000000000000000000000000000000000000000000000000AC
:2051040000000000000000000000000000000000000000000000000000000000000000008B
:2051240000000000000000000000000000000000000000000000000000000000000000006B
:20514400000000000000000000000000007E0370000000000000000000000000000000005A
:2051640000000000000000000000000000000000000000000000000000000000000000002B
:2051840000000000000000000000000000000000000000000000000000000000000000000B
:2051A4000000000000000000000000000000000000000000000000000000000000000000EB
:2051C4000000000000000000000000000000000000000000000000000000000000000000CB
:2051E4000000000000000000000000000000000000000000000000000000000000000000AB
:2052040000000000000000000000000000000000000000000000000000000000000000008A
:2052240000000000000000000000000000000000000000000000000000000000000000006A
:2052440000000000000000000000000000000000000000000000000000000000000000004A
:2052640000000000000000000000000000000000000000000000000000000000000000002A
:2052840000000000000000000000000000000000000000000000000000000000000000000A
:2052A4000000000000000000000000000000000000000000000000000000000000000000EA
:2052C4000000000000000000000000000000000000000000000000000000000000000000CA
:2052E4000000000000000000000000004C1601804C1601804C1601804C1601804C1601803B
:205304000000000000000000000000000000000000000000000000000000803F3200000098
:2053240000006F12833BFB04C139FB04C13900000000000000000000000000000000000038
:20534400000000000000000000000000000000000000000000000000000000000000F04118
:20536400000000000000000000000000000000000000000000000000000000000000000029
:20538400000000000000000000000000000000000000000000000000000000000000000009
:2053A4000000000000000000000000000000000000000000000000000000000000000000E9
:2053C4000000000000000000000000000000000000000000000000000000000000000000C9
:2053E4000000000000000000000000000000000000000000000000000000000000000000A9
:20540400000000000000000000000000000000000000000000000000000000000000000088
:20542400000000000000000000000000000000000000000000000000000000000000000068
:20544400000000000000000000000000000000000000000000000000000000000000000048
:20546400000000000000000000000000000000000000000000000000000000000000000028
:20548400000000000000000000000000000000000000000000000000000000000000000008
:2054A4000000000000000000000000000000000000000000000000000000000000000000E8
:2054C4000000000000000000000000000000000000000000000000000000000000000000C8
:2054E4000000000000000000000000000000000000000000000000000000000000000000A8
:20550400000000000000000000000000000000000000000000000000000000000000000087
:20552400000000000000000000000000000000000000000000000000000000000000000067
:20554400000000000000000000000000000000000000000000000000000000000000000047
:20556400000000000000000000000000000000000000000000000000000000000000000027
:20558400000000000000000000000000000000000000000000000000000000000000000007
:2055A4000000000000000000000000000000000000000000000000000000000000000000E7
:2055C4000000000000000000000000000000000000000000000000000000000000000000C7
:2055E4000000000000000000000000000000000000000000000000000000000000000000A7
:20560400000000000000000000000000000000000000000000000000000000000000000086
:20562400000000000000000000000000000000000000000000000000000000000000000066
:20564400000000000000000000000000000000000000000000000000000000000000000046
:20566400000000000000000000000000000000000000000000000000000000000000000026
:20568400000000000000000000000000000000000000000000000000000000000000000006
:2056A4000000000000000000000000000000000000000000000000000000000000000000E6
:2056C4000000000000000000000000000000000000000000000000000000000000000000C6
:2056E4000000000000000000000000000000000000000000000000000000000000000000A6
:20570400000000000000000000000000000000000000000000000000000000000000000085
:20572400000000000000000000000000000000000000000000000000000000000000000065
:20574400000000000000000000000000000000000000000000000000000000000000000045
:20576400000000000000000000000000000000000000000000000000000000000000000025
:20578400000000000000000000000000000000000000000000000000000000000000000005
:2057A4000000000000000000000000000000000000000000000000000000000000000000E5
:2057C4000000000000000000000000000000000000000000000000000000000000000000C5
:2057E4000000000000000000000000000000000000000000000000000000000000000000A5
:20580400000000000000000000000000000000000000000000000000000000000000000084
:20582400000000000000000000000000000000000000000000000000000000000000000064
:20584400000000000000000000000000000000000000000000000000000000000000000044
:20586400000000000000000000000000000000000000000000000000000000000000000024
:20588400000000000000000000000000000000000000000000000000000000000000000004
:2058A4000000000000000000000000000000000000000000000000000000000000000000E4
:2058C4000000000000000000000000000000000000000000000000000000000000000000C4
:2058E4000000000000000000000000000000000000000000000000000000000000000000A4
:20590400000000000000000000000000000000000000000000000000000000000000000083
:20592400000000000000000000000000000000000000000000000000000000000000000063
:20594400000000000000000000000000000000000000000000000000000000000000000043
:20596400000000000000000000000000000000000000000000000000000000000000000023
:20598400000000000000000000000000000000000000000000000000000000000000000003
:2059A4000000000000000000000000000000000000000000000000000000000000000000E3
:2059C4000000000000000000000000000000000000000000000000000000000000000000C3
:2059E4000000000000000000000000000000000000000000000000000000000000000000A3
:205A0400000000000000000000000000000000000000000000000000000000000000000082
:205A2400000000000000000000000000000000000000000000000000000000000000000062
:205A4400000000000000000000000000000000000000000000000000000000000000000042
:205A6400000000000000000000000000000000000000000000000000000000000000000022
:205A8400000000000000000000000000000000000000000000000000000000000000000002
:205AA4000000000000000000000000000000000000000000000000000000000000000000E2
:205AC4000000000000000000000000000000000000000000000000000000000000000000C2
:205AE4000000000000000000000000000000000000000000000000000000000000000000A2
:205B0400000000000000000000000000000000000000000000000000000000000000000081
:205B2400000000000000000000000000000000000000000000000000000000000000000061
:205B4400000000000000000000000000000000000000000000000000000000000000803F82
:205B6400000000000000010000000100010000000000000000000100000000000000CDCC84
:205B84004C3FFFFF400100F8F000E401E201E10100000000000000000000000000000000A5
:205BA4000000000100000100000000000000010000010000010301000101010000000000D5
:205BC4000100000000000070645001802C000000010000002C000070985B018001000000DD
:205BE4000100000030000070905001808800000001000000B8000070995B01800100000078
:205C040001000000BC000070045301801000000001000000CC00007018510180380000000C
:205C240001000000040100701453018002000000010000000801007016530180020000009A
:205C4400010000000C010070185301800200000001000000100100701A5301800200000062
:205C640001000000140100701C5301800400000001000000180100709A5B018001000000A5
:205C8400010000001C010070205301800200000001000000200100702253018004000000F0
:205CA40001000000240100709B5B0180010000000100000028010070505101800400000012
:205CC400010000002C010070265301800E000000010000003C010070345301800200000062
:205CE4000100000040010070545101807801000001000000B80200709C5B018001000000AB
:205D040001000000BC0200709D5B01800100000001000000C0020070365301800800000091
:205D240001000000C8020070CC5201801400000001000000DC0200709E5B018001000000A7
:205D440001000000E00200709F5B01800100000001000000E40200703E5301800200000005
:205D640001000000E8020070405301800200000001000000EC020070425301800200000037
:205D840001000000F0020070445301800200000001000000F40200704653018002000000FF
:205DA40001000000F8020070485301800200000001000000FC0200704A53018002000000C7
:205DC40001000000000300704C530180140000000100000014030070A05B0180040000000F
:205DE4000100000018030070605301800008000001000000180B0070E05201801000000080
:205E040001000000280B0070605B01800A00000001000000340B00706A5B01800600000098
:205E2400010000003C0B0070705B01800200000001000000400B0070725B01800C00000042
:205E4400010000004C0B0070A45B01800100000001000000500B0070A55B018001000000A7
:205E640001000000540B00707E5B01800400000001000000580B0070A65B01800100000099
:205E8400010000005C0B0070A75B01800100000001000000600B0070825B01800400000064
:205EA40001000000640B0070A85B01800100000001000000680B0070A95B0180010000000F
:205EC400010000006C0B0070AA5B01800100000001000000700B0070AB5B018001000000DB
:205EE40001000000740B0070AC5B01800100000001000000780B0070AD5B018001000000A7
:205F0400010000007C0B0070AE5B01800100000001000000800B0070AF5B01800100000072
:205F240001000000840B0070B05B01800100000001000000880B0070865B01800200000068
:205F4400010000008C0B0070B15B01800100000001000000900B0070B25B0180010000000C
:205F640001000000940B0070B35B01800100000001000000980B0070885B01800200000003
:205F8400010000009C0B00708A5B01800200000001000000A00B00708C5B018002000000F7
:205FA40001000000A40B00708E5B01800200000001000000A80B0070905B018002000000BF
:205FC40001000000AC0B0070925B01800200000001000000B00B0070945B01800400000085
:205FE40001000000B40B0070B45B01800100000001000000B80B0070B55B01800100000016
:2060040001000000BC0B0070F05201801400000001000000D00B0070B65B0180010000008E
:2060240001000000D40B0070B75B01800300000001000000D80B0070BA5B0180010000008B
:2060440001000000DC0B0070BB5B01800100000001000000E00B0070BC5B01800100000057
:2060640001000000E40B0070BD5B01800100000001000000E80B0070BE5B01800100000023
:2060840001000000EC0B0070BF5B01800500000002000000F40B007000000000BB190000AF
:2060A40002000000B02500700000000065000000020000001826007000000000310200004D
:2060C400020000004C28007000000000160800000200000064300070000000004100000071
:2060E40002000000A8300070000000002500000002000000D030007000000000410000007A
:2061040002000000143100700000000025000000020000003C31007000000000410000007F
:206124000200000080310070000000002500000002000000A8310070000000004100000087
:2061440002000000EC3100700000000025000000020000001432007000000000410000008E
:20616400020000005832007000000000250000000200000080320070000000004100000095
:2061840002000000C4320070000000002500000002000000EC32007000000000410000009D
:2061A4000200000030330070000000002500000002000000583300700000000041000000A3
:2061C400020000009C330070000000002500000002000000C43300700000000041000000AB
:2061E4000200000008340070000000002500000002000000303400700000000041000000B1
:2062040002000000743400700000000025000000020000009C3400700000000041000000B8
:2062240002000000E0340070000000002500000002000000083500700000000040000000C0
:10624400000000000000000000000000000000004A
:02000004802F4B
:0AE14000911000E8D9EE6A7EDC0EB3
:0AE16000911000E8D9EE7E7EDC0E7F
:0AE18000911000E8D9EE4E7EDC0E8F
:0AE1A000911000E8D9EE7E7EDC0E3F
:0AE1C000911000E8D9EE6A8EDC0E23
:0AE1E000911000E8D9EE4E8EDC0E1F
:0AE20000911000E8D9EE7E7EDC0EDE
:0AE22000911000E8D9EE649EDC0EB8
:0AE24000911000E8D9EE489EDC0EB4
:0AE26000911000E8D9EE7E7EDC0E7E
:0AE28000911000E8D9EE5EAEDC0E4E
:0AE2A000911000E8D9EE42AEDC0E4A
:0AE64000911000E8D9EE22FEDC0E76
:0AE66000911000E8D9EE6A2EDC0EDE
:0AE68000911000E8D9EE4C3EDC0ECC
:0AE6A000911000E8D9EE6E3EDC0E8A
:0AE78000911000E8D9EE6E4EDC0E99
:0AE7A000911000E8D9EE5A5EDC0E7D
:0AE7C000911000E8D9EE546EDC0E53
:0AE8C000911000E8D9EE504EDC0E76
:0AFB8000911000E8D9EE8C51DC0E64
:0200000480304A
:200000000000000000000000000000000000000000000000000000000000000000000000E0
:200020000000000000000000000000000000000000000000000000000000000000000000C0
:200040000000000000000000000000000000000000000000000000000000000000000000A0
:20006000000000000000000000000000000000000000000000000000000000000000000080
:20008000000000000000000000000000000000000000000000000000000000000000000060
:2000A000000000000000000000000000000000000000000000000000000000000000000040
:2000C000000000000000000000000000000000000000000000000000000000000000000020
:2000E000000000000000000000000000000000000000000000000000000000000000000000
:200100000000000000000000000000000000000000000000000000000000000000000000DF
:200120000000000000000000000000000000000000000000000000000000000000000000BF
:2001400000000000000000000000000000000000000000000000000000000000000000009F
:2001600000000000000000000000000000000000000000000000000000000000000000007F
:2001800000000000000000000000000000000000000000000000000000000000000000005F
:2001A00000000000000000000000000000000000000000000000000000000000000000003F
:2001C00000000000000000000000000000000000000000000000000000000000000000001F
:2001E0000000000000000000000000000000000000000000000000000000000000000000FF
:20022C0085F81001913000FFD9FF189654FF370F6EF18FFF83113C01914000A6D9AA4089C4
:20024C000D0080043B0098F0CD4FE00F0D00C004913000FFD9FF189654FF2E1B8F2100F0E0
:20026C00960154F0370070088F000100A60F74FF8F2100F0960254F0370070088F00010075
:20028C00A60F74FF54FFDA00B70F81F0CDCF20090D00C0040D00C004DA00B70F81F0CD0F72
:2002AC0004090D00C0040D00C004910003F8D9FF000080FFCD4FE20F0D00C004910006F833
:2002CC00D9FF000C80FFCD0FE20F0D00C004914000F6D9FF80C980FFCD8FE20F0D00C0048C
:2002EC00913000FFD9FF189654FF2E1B8F2100F0960154F0370070088F000100A60F74FF2E
:20030C0006218F3140F154F0370070088F000100A60F74FF54FF91000000D90000009100C0
:20032C000010D911000091000080D988000091000090D9990000914000F6D9FFC009914079
:20034C000026D922C00BA004802080FFA2F0DA404BF0114282003C1E80FFB70F1CF08F4F9D
:20036C001F1080FFBBF0FF2F0662262F06AFA6F1F606CD81E30F0D00C0043C0274419AD473
:20038C007E05CDC1E30F0D00C00440F449FF001AC2103F40E3FFDA00744F0D0080040D0079
:2003AC00C0046DE81540BB7071FB9B1F8DF34BF241F04B0F71013C0185FF1001A28F3F0F67
:2003CC00FDFF9140884F910003FAD9FF208080F46DE88940911000F8D9FFC09BDC0F00908E
:2003EC0085F81001913000FFD9FF249654FF370F6EF18FFF83113C01911000A5D9AA40852C
:20040C000D0080043B0098F0CD4FE00F0D00C004913000FFD9FF249654FF2E1B8F2100F012
:20042C00960154F0370070088F000100A60F74FF8F2100F0960254F0370070088F000100B3
:20044C00A60F74FF54FFDA00B70F81F0CDCF20090D00C0040D00C004DA00B70F81F0CD0FB0
:20046C0004090D00C0040D00C004910003F8D9FF004080FFCD4FE20F0D00C004910006F831
:20048C00D9FF000E80FFCD0FE20F0D00C004911000F5D9FF80C580FFCD8FE20F0D00C004FD
:2004AC00913000FFD9FF249654FF2E1B8F2100F0960154F0370070088F000100A60F74FF60
:2004CC0006218F3140F154F0370070088F000100A60F74FF54FF91000000D90000009100FF
:2004EC000010D911000091000080D988000091000090D9990000911000F5D9FFC00591101D
:20050C000025D922C007A004802080FFA2F0DA404BF0114282003C1E80FFB70F1CF08F4FE0
:20052C001F1080FFBBF0FF2F0662262F06AFA6F1F606CD81E30F0D00C0043C0274419AD4B1
:20054C007E05CDC1E30F0D00C00440F449FF001AC2103F40E3FFDA00744F0D0080040D00B7
:20056C00C0046DE8353FBB7071FB9B1F8DF34BF241F04B0F71013C0185FF1001A28F3F0F86
:0E058C00FDFF911000F8D9FFC09BDC0F00901E
:02000004805F1B
:0ADBA000911000E8D9EEB251DC0E3E
:0AFBC000911000E8D9EE9861DC0E08
:02000004A0005A
:20000000911000F8D9FFF484DC0F009000000000000000000000000000000000000000007C
:02000004A0302A
:20020000910003F8D9FF2C80DC0F0090000000000000000000000000000000000000000053
:0C022000910003F8D9FF2CF0DC0F0090D7
:02000004AF400B
:200000007E0059B3000000A0E2E59F801D1A607F00000000000000000000000000000000BA
:200020000000000000000000000000000000000000000000000000000000000000000000C0
:200040000000000000000000000000000000000000000000000000000000000000000000A0
:20006000000000000000000000000000000000000000000000000000000000000000000080
:20008000000000000000000000000000000000000000000000000000000000000000000060
:2000A000000000000000000000000000000000000000000000000000000000000000000040
:2000C000000000000000000000000000000000000000000000000000000000000000000020
:2000E000000000000000000000000000000000000000000000000000000000000000000000
:200100000000000000000000000000000000000000000000000000000000000000000000DF
:200120000000000000000000000000000000000000000000000000000000000000000000BF
:2001400000000000000000000000000000000000000000000000000000000000000000009F
:2001600000000000000000000000000000000000000000000000000000000000000000007F
:2001800000000000000000000000000000000000000000000000000000000000000000005F
:2001A00000000000000000000000000000000000000000000000000000000000000000003F
:2001C00000000000000000000000000000000000000000000000000000000000000000001F
:1401E000000000000000000000000000000000003412214361
:200200007E0059B3000000A0E2E59F801D1A607F00000000000000000000000000000000B8
:200220000000000000000000000000000000000000000000000000000000000000000000BE
:2002400000000000000000000000000000000000000000000000000000000000000000009E
:2002600000000000000000000000000000000000000000000000000000000000000000007E
:2002800000000000000000000000000000000000000000000000000000000000000000005E
:2002A00000000000000000000000000000000000000000000000000000000000000000003E
:2002C00000000000000000000000000000000000000000000000000000000000000000001E
:2002E0000000000000000000000000000000000000000000000000000000000000000000FE
:200300000000000000000000000000000000000000000000000000000000000000000000DD
:200320000000000000000000000000000000000000000000000000000000000000000000BD
:2003400000000000000000000000000000000000000000000000000000000000000000009D
:2003600000000000000000000000000000000000000000000000000000000000000000007D
:2003800000000000000000000000000000000000000000000000000000000000000000005D
:2003A00000000000000000000000000000000000000000000000000000000000000000003D
:2003C00000000000000000000000000000000000000000000000000000000000000000001D
:1403E00000000000000000000000000000000000341221435F
:200400007E0059B3000000A0E2E59F801D1A607F00000000000000000000000000000000B6
:200420000000000000000000000000000000000000000000000000000000000000000000BC
:2004400000000000000000000000000000000000000000000000000000000000000000009C
:2004600000000000000000000000000000000000000000000000000000000000000000007C
:2004800000000000000000000000000000000000000000000000000000000000000000005C
:2004A00000000000000000000000000000000000000000000000000000000000000000003C
:2004C00000000000000000000000000000000000000000000000000000000000000000001C
:2004E0000000000000000000000000000000000000000000000000000000000000000000FC
:200500000000000000000000000000000000000000000000000000000000000000000000DB
:200520000000000000000000000000000000000000000000000000000000000000000000BB
:2005400000000000000000000000000000000000000000000000000000000000000000009B
:2005600000000000000000000000000000000000000000000000000000000000000000007B
:2005800000000000000000000000000000000000000000000000000000000000000000005B
:2005A00000000000000000000000000000000000000000000000000000000000000000003B
:2005C00000000000000000000000000000000000000000000000000000000000000000001B
:1405E00000000000000000000000000000000000341221435D
:200600007E0059B3000000A0E2E59F801D1A607F00000000000000000000000000000000B4
:200620000000000000000000000000000000000000000000000000000000000000000000BA
:2006400000000000000000000000000000000000000000000000000000000000000000009A
:2006600000000000000000000000000000000000000000000000000000000000000000007A
:2006800000000000000000000000000000000000000000000000000000000000000000005A
:2006A00000000000000000000000000000000000000000000000000000000000000000003A
:2006C00000000000000000000000000000000000000000000000000000000000000000001A
:2006E0000000000000000000000000000000000000000000000000000000000000000000FA
:200700000000000000000000000000000000000000000000000000000000000000000000D9
:200720000000000000000000000000000000000000000000000000000000000000000000B9
:20074000000000000000000000000000000000000000000000000000000000000000000099
:20076000000000000000000000000000000000000000000000000000000000000000000079
:20078000000000000000000000000000000000000000000000000000000000000000000059
:2007A000000000000000000000000000000000000000000000000000000000000000000039
:2007C000000000000000000000000000000000000000000000000000000000000000000019
:1407E00000000000000000000000000000000000341221435B
:201000007E0059B3000000A0E2E59F801D1A607F00000000000000000000000000000000AA
:201020000000000000000000000000000000000000000000000000000000000000000000B0
:20104000000000000000000000000000000000000000000000000000000000000000000090
:20106000000000000000000000000000000000000000000000000000000000000000000070
:20108000000000000000000000000000000000000000000000000000000000000000000050
:2010A000000000000000000000000000000000000000000000000000000000000000000030
:2010C000000000000000000000000000000000000000000000000000000000000000000010
:2010E0000000000000000000000000000000000000000000000000000000000000000000F0
:201100000000000000000000000000000000000000000000000000000000000000000000CF
:201120000000000000000000000000000000000000000000000000000000000000000000AF
:2011400000000000000000000000000000000000000000000000000000000000000000008F
:2011600000000000000000000000000000000000000000000000000000000000000000006F
:2011800000000000000000000000000000000000000000000000000000000000000000004F
:2011A00000000000000000000000000000000000000000000000000000000000000000002F
:2011C00000000000000000000000000000000000000000000000000000000000000000000F
:1411E000000000000000000000000000000000003412214351
:201200007E0059B3000000A0E2E59F801D1A607F00000000000000000000000000000000A8
:201220000000000000000000000000000000000000000000000000000000000000000000AE
:2012400000000000000000000000000000000000000000000000000000000000000000008E
:2012600000000000000000000000000000000000000000000000000000000000000000006E
:2012800000000000000000000000000000000000000000000000000000000000000000004E
:2012A00000000000000000000000000000000000000000000000000000000000000000002E
:2012C00000000000000000000000000000000000000000000000000000000000000000000E
:2012E0000000000000000000000000000000000000000000000000000000000000000000EE
:201300000000000000000000000000000000000000000000000000000000000000000000CD
:201320000000000000000000000000000000000000000000000000000000000000000000AD
:2013400000000000000000000000000000000000000000000000000000000000000000008D
:2013600000000000000000000000000000000000000000000000000000000000000000006D
:2013800000000000000000000000000000000000000000000000000000000000000000004D
:2013A00000000000000000000000000000000000000000000000000000000000000000002D
:2013C00000000000000000000000000000000000000000000000000000000000000000000D
:1413E00000000000000000000000000000000000341221434F
:201400007E0059B3000000A0E2E59F801D1A607F00000000000000000000000000000000A6
:201420000000000000000000000000000000000000000000000000000000000000000000AC
:2014400000000000000000000000000000000000000000000000000000000000000000008C
:2014600000000000000000000000000000000000000000000000000000000000000000006C
:2014800000000000000000000000000000000000000000000000000000000000000000004C
:2014A00000000000000000000000000000000000000000000000000000000000000000002C
:2014C00000000000000000000000000000000000000000000000000000000000000000000C
:2014E0000000000000000000000000000000000000000000000000000000000000000000EC
:201500000000000000000000000000000000000000000000000000000000000000000000CB
:201520000000000000000000000000000000000000000000000000000000000000000000AB
:2015400000000000000000000000000000000000000000000000000000000000000000008B
:2015600000000000000000000000000000000000000000000000000000000000000000006B
:2015800000000000000000000000000000000000000000000000000000000000000000004B
:2015A00000000000000000000000000000000000000000000000000000000000000000002B
:2015C00000000000000000000000000000000000000000000000000000000000000000000B
:1415E00000000000000000000000000000000000341221434D
:201600007E0059B3000000A0E2E59F801D1A607F00000000000000000000000000000000A4
:201620000000000000000000000000000000000000000000000000000000000000000000AA
:2016400000000000000000000000000000000000000000000000000000000000000000008A
:2016600000000000000000000000000000000000000000000000000000000000000000006A
:2016800000000000000000000000000000000000000000000000000000000000000000004A
:2016A00000000000000000000000000000000000000000000000000000000000000000002A
:2016C00000000000000000000000000000000000000000000000000000000000000000000A
:2016E0000000000000000000000000000000000000000000000000000000000000000000EA
:201700000000000000000000000000000000000000000000000000000000000000000000C9
:201720000000000000000000000000000000000000000000000000000000000000000000A9
:20174000000000000000000000000000000000000000000000000000000000000000000089
:20176000000000000000000000000000000000000000000000000000000000000000000069
:20178000000000000000000000000000000000000000000000000000000000000000000049
:2017A000000000000000000000000000000000000000000000000000000000000000000029
:2017C000000000000000000000000000000000000000000000000000000000000000000009
:1417E00000000000000000000000000000000000341221434B
:04000005A000000057
:00000001FF
