:0200000480007A
:1200200073646820737468A0036568CA0BC30030009058
:200034004E414E000F05D011174580010B00D0010F00B02142218B0101110F2010006B0591
:20005400002000903256FF0626003B00FEFF3FF617000F6510308B0602601745802600906C
:200074003256FF0618003B00FEFF3FF60F000F6500308B060260174580260090A2F637054E
:20009400C13F0F6510200090A2F682030F6500200090DA207FF60700174580360F640020BC
:2000B4000090A2F682020F64003000906E616E00494E4600696E6600000600F000AE03F05F
:2000D4000100000000000000000600F000AF03F00300000001000000000600F000AE03F0D8
:0800F400000000009000000074
:200100000000000000000000000000000000000000000000000000000000000000000000DF
:200120000000000000000000000000000000000000000000000000000000000000000000BF
:2001400000000000000000000000000000000000000000000000000000000000000000009F
:2001600000000000000000000000000000000000000000000000000000000000000000007F
:2001800000000000000000000000000000000000000000000000000000000000000000005F
:2001A00000000000000000000000000000000000000000000000000000000000000000003F
:2001C00000000000000000000000000000000000000000000000000000000000000000001F
:2001E0000000000000000000000000000000000000000000000000000000000000000000FF
:20020000820C822D3C130757FFCF8755BFDFCE57460546048B1480408B05A050CE77460781
:2002200046068B1680608B07A07082028203820082013A260B2700F26E023C4F0B6430F132
:200240000B7500F20B75A0F26E04024002513C453A640B7500F26E0382123C3F3B0004E0E3
:200260000B6030F10B7100F20B71A0F2DE1087559FFF06116701801F8B1FE00602480259BB
:2002800006156745805F0614C2FE3CEB0284029506F067101F0006F1C21E82087AE86E1DC0
:2002A00087559FFF06116701801F8B1FE0060B60C0A00B71D0B007BB9FFF06156745805F49
:2002C000061406136723803F8B1FE0266E0302A002B1C2183FE8E67F76C7460346028B125B
:2002E00080208B03A030DF2D0B00071DE0FF76F7460146008B1080008B01A01000903B00CA
:20030000034040F440C5007074DF3B00034040C4007061000E00370A6800DA0A4BF0110262
:200320000070610006003BE0024040C4007054DFC21F74DF0070404F6D007729022F02F47B
:200340006D00732814F0B700010034F002F46D008C290090DA0C7FF40B00538420F0911021
:2003600000F8D9FFDCDE10FFD4F23C02A0023C0100902010094F4C18161F3C0182003E074C
:2003800082203E0782405F0F28003C2982023C298202911000F8D9FF987F49FF000A49A287
:2003A000000AA0F404FF242FFC4E913000FF39FF0016160F6E0F82246D00FE1C913000FF62
:2003C00039FF0016160F10AF14FF4B0F61F14BF251203C013C066D007D1B3C0382023C01FA
:2003E0003C01009082F282003C17538020F0911000F8D9FFDCDE10FFD4FF7D4F0D805380CB
:2004000020F0911000F8D9FFDCDE10FF481F370F48203C04C210BFC0EAFF3C010090404FA7
:2004200040F46DFFA8FF09FFD408370F6CF0C21F4B0F41F14BF251203C0100906DFFD4FFC8
:2004400053C220F060FF9140003F30F3D93F101849F2080A3C0100906DFFC6FF53C220F035
:2004600060FF9140003F30F3D9321018B0423C0100906DFFB9FF53C220F060FF9140003F40
:2004800030F3D93210183C010090494F081A3C0554FF345FB015C2F4FF14FCFF02423C014E
:2004A00000902010404F0B541088026A89A7080909FF4C18161F78033C0140F46DFFB1FFA0
:2004C000C2188B4860F3370F68F074AF8B1A60F3370F68F0780154AF4B0F61F14BF94150C8
:2004E0003BF026F19B3FA8F34BF5413082044B5251004B00716182108F461FF06E0D7B0097
:2005000018144B1941104B1251104B0171118F411FF06E023C010269821882074B006101A7
:200520004B0241F04B0661014B0F51006B0031F582014B1F01F0AE046B0031B53C056B00C1
:2005400031F567FFBFBF4B3B01F016038B0F20F26E028214822D3C39DF2D05808210821E68
:200560003C0773D70A004B8011028B1000E03C234B0D61A14BA241A0036D0AC04B0C61F121
:200580004BFA51C06B0C31F5820A4BAF01F0AE046B0C31A53C056B0C31F567FFBFAF4BAB4A
:2005A00001F0370F61F16E0602AB02D8036D0A900207C2107F0EDEFF4B3B01F016038B0F3E
:2005C00020F26E023C09C21DF647736D0AF03BF0FF007FF0C3FF820440F46D00360009FF9E
:2005E000E00837097000370F0CF089FFA00809FFE20837087000370F0CF089FFA20809F0E3
:20060000560854AFC2FF370F68F037F004F089FF160809F05708580137F004F089FF1708E6
:2006200058026E03DA013C02DA0009F0570837F081F389FF170840F409A40C096D000500FA
:2006400082123C010090094F4C18374F05F0894F0C18F6493C01094F4F18370FE1F33C0174
:20066000EEFB3C093C01094F4F18370FE1F33C01DF1FFBFF0090494F041A3C0A145F74FF8F
:20068000B015C2F43C010C4E161FFF1FFE7FFF14F7FF02423C0100902008F4A4405DD4DF4E
:2006A000F44F40F46DFF49FE820440F46DFFCDFFDA0009F05A0837F002F089FF1A0809DF3E
:2006C000C80809F0D408C2FF370F70F037F00CF0ACFA09D46C0840F46DFFB7FF09D40409B4
:2006E00009D54A0809D64D0809D74C0840F46DFFDAFE0228820440F46DFFA7FF09DF7C0888
:200700006E0382103C028200087F370F01F22CF709DF56086E03DA013C02DA0009F05B082D
:2007200037F001F389FF1B0809DF540809F05B0837F081F389FF1B0809DF510809F0590872
:2007400037F083F089FF190809DF530809F05B0837F001F289FF1B0809DF550809F05C0850
:2007600037F004F089FF1C0809D0580808CF370F02F32CFC09DF590809F0500837F002F389
:2007800089FF100809DF500809F0D80837F003F3ACFC09D05A0808DF8BF02003370068007C
:2007A000370F04F02CFD09DF5B0809F051088BFF20F3370F68F037F004F089FF110809D069
:2007C0005D0808CF370F02F22CFC09DF5E0809F0500837F002F289FF100809DF520809F0E6
:2007E0005A0837F002F089FF1A0809DCA809BD0C7900D4CEBD0E280009C0040809C95D085B
:200800004CE16E2109E4840909E44808370068506D00840909E4840909E4480802956D00C1
:20082000AF09D4E2DA016E0382103C0282000C27370F81F22C27D4E20CEC0920460837F021
:2008400002F02C2609CE8809BD0E1E0009C00C0809C95D084CE16E1709E4840909E4480886
:20086000370068506D005A0909E4840909E4480802956D008509D4E20CEC0920440837F026
:2008800003F02C2409CE9009BD0E150009C5540809C95D0809E4840909E448080CECA6F51A
:2008A0006D003C0909E4840909E4480802956D00670909CE9809BD0E150009C55C0809C9FF
:2008C0005D0809E4840909E448080CECA6F56D00250909E4840909E4480802956D005009BA
:2008E00009D46C0840F46DFFB0FEDA0089FF001982FF6CFFDA00D4A22C2E09DF6D082E0CB1
:20090000DA016E03DA013C02DA0009F0421837F001F089FF021809DF6D082E1CDA016E0398
:20092000DA013C02DA0009F0421837F001F189FF021809DF6D082E2CDA016E03DA013C029A
:20094000DA0009F0431837F001F189FF031809DF6D082E3CDA016E03DA013C02DA0009F0AE
:20096000431837F081F189FF031809DF6D082E4CDA016E03DA013C02DA0009F0431837F04F
:2009800001F389FF0318DA002C2DDA002C2C09DF7D082C2FD20089205409DA006C240C2F16
:2009A00082003E0482103E043C0682193C063BC000903C0382093C014CDC6E0C09D4B009B6
:2009C00009D4AE0802956D003D28D4A4894284093C0909D4AE0802956D002028D4A48942E4
:2009E00084094CDE6E0C09D4B80909D4B40802956D002828D4A4894288093C0909D4B40889
:200A000002956D000B28D4A48942880909D9660809DFE208EE03DF19228040F46DFF1EFD63
:200A200009DFE2081420370F68F037F008F0342F0C21379F83F12C210C2396022C23DA01DB
:200A40006E03DA013C02DA0009F0431837F001F289FF03180C2196042C2109DFE008EE034C
:200A6000DF19228040F46DFF06FD09DFE0081420370F68F037F008F0342F0C21379F83F19E
:200A80002C210C2396022C23DA016E03DA013C02DA0009F0431837F081F389FF03180C21F5
:200AA00096042C2109DFE4086E2140F46DFFC8FC09DFE4081420370F68F037F008F0342F60
:200AC0000C21379F83F12C210C2396022C23DA016E03DA013C02DA0009F0421837F001F092
:200AE00089FF02180C2196042C21DA016E03DA013C02DA0009F0500837F081F089FF100878
:200B0000DA016E0382103C02820008CF370F81F02CFC09FF5008960189FF100808CF96017C
:200B20002CFC02823C010090F445DA00894F3C08DA02894F2C08DA01AC447B107EF46C41B0
:200B4000DA032C4ADA002C4CDA032C4DDA00894F1008DA01894F1108DA01894F1208DA005D
:200B6000894F1308DA00894F1608DA00894F1408DA07894F1508DA01894F1808DA01894F88
:200B80001908DA00894F1A08DA00894F1B08DA00894F1C08DA00894F1D08DA00894F1E0806
:200BA000DA00894FA208DA00894FA008DA00894FA408DA00894F2608DAFF894F2D08A00FAC
:200BC000EC4AA00FEC4EA00FEC4CDA00894FAE08DA00894FB408DA00894F3D080090D44F8F
:200BE00009FF760816013C016E0909FF7E08960189FF3E080C4E96012C4E09FF7608370F7A
:200C000061F13C016E0909FF7E08960489FF3E080C4E96022C4E09FF7708370F61F13C0110
:200C20006E0909FF7F08960489FF3F080C4E96042C4E09FF7708370FE1F13C016E0909FF7C
:200C40007F08960889FF3F080C4E96082C4E09FF7708370F61F33C016E0909FF7F089640F4
:200C600089FF3F080C4E96102C4E0090404F6D00DC24022F02F46D00D823821074F002F424
:200C80006D00F3243C0114FF370FE1F0BA0F3C01DF1FFB7F0090404F6D00C724022F02F44D
:200CA0006D00C32314F0B700010034F002F46D00DC243C0114FF370FE1F0BA0F3C016EFBC8
:200CC0000090FF240B00538420F0911000F8D9FF200F10FFD4F23C02A0023C01009082F2D9
:200CE00082003C17538020F0911000F8D9FF200F10FFD4FF7D4F0D80538020F0911000F8E5
:200D0000D9FF200F10FF481F370F48203C04C210BF20EAFF3C01009002486DFFE2FF914099
:200D200000FFD9FF00B8530221F010FF534820F010F23C0100907643DF140980094F6C2814
:200D4000375F02F0894F2C283C42DF240400DF340980094F6C28375F02F1894F2C283C37AA
:200D6000DF440400DF540980094F6C28375F02F2894F2C283C2CDA0C7E48094F6C28375F58
:200D800002F3894F2C283C23DA0A3E43DA0D7E48094F6D28375F02F0894F2D283C18DF6488
:200DA0000400DF740980094F6D28375F02F1894F2D283C0DDA083E43DA097E48094F6D286E
:200DC000375F02F2894F2D283C0200A00090404F0B451088026A6D002018022B4B8B5140D2
:200DE0006D000E35022082033C0782224B200102F6023C05C213DA103FF3F9FFDA107FF3C9
:200E00004B8076A682204B0911029AF03C029AF9370F700009F1E4083701100089F0A4087E
:200E2000DA018200820137F101133701011789F138198F7300F182005380201082700F10F2
:200E4000000009F2301982F4C64026020F1F00F0A6F289F230198F8300F18B0F20F26E0D06
:200E6000DA00538F20F0C23F82100FF0000009FF3019A60F89FF301909FF701837AF81F353
:200E800089FF3018DA010F3F00F04B0F61F14BFB51203C0282023C010090094054080C5C6A
:200EA0008B4FA0F237F001F3894F1408094051080C5C37F002F3894F11080090404F024F30
:200EC00002586D00AA1702294BF951406D009834022082033C0782224B200102F6023C051C
:200EE000C213DA103FF3F9FFDA107FF33F80C2F83708700009F1D4183701100089F0941832
:200F0000820082118202370201233712012789F238198F7300F182105380201082700F1005
:200F2000000009F2301982F4C64026020F1F00F0A6F289F230198F8300F18B0F20F26E0D25
:200F4000DA01538F20F0C23F82100FF0000009FF3019A60F89FF3019DA010F3F00F04B0FE8
:200F600061F14BF951203C0282023C010090094054080C5C8B4FA0F237F081F3894F1408D3
:200F8000094054080C5C37F002F0894F14080090404D405FC86C89DC900914CF370FE1F04F
:200FA000BA0F3C01EE0440C46DFF77FE09FF5C081E1409FF5D086E5CDA0182100FF0000013
:200FC0004CC1260F6E03DA013C02DA003C01EE08DA0182100FF000004CC1A60F6CC109FFD5
:200FE00069086E2248BF6E05C864C8B56DFFC1FFDA0109F07008532F2010C22182320F12EB
:2010000000204CC582F3C632262F0F100000A60F6CC5483F370F70F009C0D41837F010F0CF
:2010200089CF94183C064824483540C46DFF48FF09FFF80809C0D01837F010F089CF9018EA
:2010400009FF5D186E1409FF5D08EE1109FF7A0809C0741837F003F189CF341809FF7B08FC
:2010600009C0741837F082F289CF34183C0109FF5C086E0709FF5D18EE0409FF5D086E6410
:201080004818820182100F1000004CC126F07603DA013C02DA003C01EE08820082110F01D5
:2010A00000104CC1A61F6CC109FF5D186E0B09FF5D08EE08484F6E0609FF7A085E524848F3
:2010C0003C0109FF60086E31489F6E05C864C8956DFFE5FEDA0009F06808532F20F092210A
:2010E000DA030F1F00204CC582F3C632262F0F100000A60F6CC509FF740809C0701837F0F1
:2011000081F389CF301809FF74085E16DA024BF811028BF01F80370870F009C0E40837F0FC
:2011200010F089CFA4083C0854F409F6740840C402856DFF4EFE09FFF60809C0E00837F083
:2011400010F089CFA00809FEA019BD0E2300D4ECBCCF09EF080809C4840909C44808370FD1
:2011600068506D00DB04D4C440C56DFF98FE09EC8409BCCF09EF080809C4840909C4480840
:20118000370F68506D00CA04D4C440C56DFFF1FE09FFFE086E2CC86209F07C08DA010F0FD6
:2011A00000F009203029A6F089203029C86409F47C0809F57D086DFFC0FDC86409F47D081E
:2011C0006DFFACFD09F0401809FFFE081421370F68F037F108F0342F0C21370F83F12C2111
:2011E0000C2396022C230C2196042C2109FFC4186E2CC86209F04218DA010F0F00F00920B8
:201200003029A6F089203029C86409F4421809F543186DFF92FDC86409F443186DFF7EFD9B
:2012200009F0461809FFC4181421370F68F037F108F0342F0C21370F83F12C210C23960222
:201240002C230C2196042C2109FFCA186E2CC86209F04818DA010F0F00F009203029A6F023
:2012600089203029C86409F4481809F549186DFF64FDC86409F449186DFF50FD09F04C1817
:2012800009FFCA181421370F68F037F108F0342F0C21370F83F12C210C2396022C230C2197
:2012A00096042C2109FFD0186E2CC86209F04E18DA010F0F00F009203029A6F08920302931
:2012C000C86409F44E1809F54F186DFF36FDC86409F44F186DFF22FD09F0521809FFD0180D
:2012E0001421370F68F037F108F0342F0C21370F83F12C210C2396022C230C2196042C213A
:2013000009FF5C0889DF140849FF141A49D2180AA02444FF642FFC4E00902068911000F895
:20132000D9FFFCEE49FF000A49A2000AC506180044FF642FFC6E49AF000A4942000AC5061F
:20134000180044FF642FFC6E894598090090404F09FF5408DF1F3780C842DA008210820195
:2013600037F10113370101178921381909FF6108EE28487F6E1BC842821009FF6008532090
:2013800020008B80001082300F1000000922341982F3C63026020F1F00F0A6F28922341988
:2013A000C844C8756DFFE5FD3C0BC842DA008210820137F1811037018114892138193C0198
:2013C0003C0109FF54086E0409FF61086E32C842DA018200820137F10113370101178921C9
:2013E0003819486F6E1BC842820009FF6008532020008B80001082300F1000000922341969
:2014000082F3C63026020F1F00F0A6F289223419C844C8656DFF43FD3C0BC84FDA018200EB
:20142000820137F181103701811489F138193C010090DA000950DA08370F0EF009505C08F5
:20144000370F03F809505D08370F81F909505E08370F01FA09505F08370F83FA0950610888
:20146000370F01FE09506008370F03FC6C458201095064083701031009506508370181114D
:20148000095066083701041409506B083701011A095067083701031209506808370181136C
:2014A000095069083701041609506C083701811A09506A083701041809506D083701011B2F
:2014C00009506E083701011C09506F083701811C095F70086E0382203C028200095F7108AF
:2014E0006E03DA013C02DA00A6F03701021D095F720837F1041E89411009095F0408534F76
:2015000020F0D45FD4FF10FF19F0C081095F730837F00102095F0408534F20F0D45FD4FF23
:2015200010FF59F0C081095F06096C42095F0A096C43095F16096C41095F1209744F095FE1
:201540006A086E0A095F6A081E17095F6A081E24095F0E096C460090F4450090404F405CC1
:20156000D4C2D42DF4FD09CF04082CF409CF0408530F22F010D2D9220002E822C82440C5AD
:201580006DFF59FF820009CF63086E05DA0137F001083C04DA0137F0810809FF0408534FC3
:2015A00020F010D25920C08109CFF4086E22D4F209FF0408BC21534F20F060FF9140003F43
:2015C00030F3D93F30D83C0109C0760809CFF40814F1370F68F037F108F034FF081F370F0D
:2015E00083F12CF1083F96022CF3081F96042CF100902038911000F8D9FF300F49FF000A94
:2016000049A2000AA0D644FF642FFC6E49AF000A4942000AA0D644FF642FFC6EF445009009
:20162000404F6D000220022F02F46D00FE1E91A0003030F3D933C04F1430B700010091A010
:20164000003030F3D933C04F343002F46D000D200090094F302953242000570F62F0EE03A7
:2016600082023C076D0008004B0F61F14BF251203C010090913000FF39FF3006370F64F23D
:20168000EE0382023C105E186D00C7137B0000F44BF241203C0882046D008E134B0F61F13B
:2016A0004BF251203C013C01009037046800DA084BF00102DA0203F10AF6370F68F0DF154D
:2016C000068082220FF210203C0482120FF210203C010090404F026F82066DFFE8FF6E0490
:2016E000681268223C0268120090404F026F82066DFFDDFF6E04684268523C026842009080
:20170000404F3B0001606DFFD2FF74F20090404F024F0269820602F46DFFC9FF02283B0009
:2017200001600BF910486DFFC2FF8F0201F0A6F868680090DA01744F0090BC41DA024BF5F8
:201740000102534020F053042100600F9140003F30F3D93FF0B810F23C010090804F530414
:201760002800420F60FF3C0168550090804F53042800420F60FF3C0168350090804F530479
:201780002800420F60FF3C0168450090804F53042800420F60FF3C0168250090804F530479
:2017A0002800420F60FF3C01481F375F02F06CF10090804F53042800420F60FF3C01489025
:2017C000DA006CF948BF375F02F06CFB68907663DA013C02DA0037F001F0767382103C023F
:2017E0008200370F81F06CF90090804F53042800420F60FF3C01DF15048082103C028200B6
:20180000481F370F81F56CF10090404C405F8218D4F2F4C2084F2CC4084F3B008000E20F2D
:20182000D4F2102291F000303023D93D000889CD880909FF05082CC549DE001A89CE8C0974
:2018400009FF53085E1709F40508821540E46DFF59FF09F405088215821640E46DFF59FF06
:2018600009F4050809F5500840D46DFFC0FF09F40508086540D46DFF93FF487F6E08C874C7
:2018800009F4600809F561086D001D0109FF56081E1509FF5708DF1F278009F4050809F544
:2018A000580809F6560809F7570840D46DFF83FFD4F4084409F505086DFF41FF09F05908E5
:2018C00009FFDA081421370F68F037F108F0342F0C21370F83F12C210C2396022C230C2151
:2018E00096042C2109FF53085E1E09F40508482540D46DFF4DFF09F40508483540D46DFFD8
:2019000037FF3C0D09F40508482540D46DFF38FF09F40508483540D46DFF22FF09F40508E8
:201920008215820640E46DFFD7FE09F405088215820640E46DFFDBFE09FF54085E1509C4ED
:201940008C096DFFF9FE02823C010090F445DA002C44DA002C45DA146C42DA0A6C43DA0166
:20196000894F1008DA022C46DA00894F1108DA00894F1308DA01894F1408DA00894F1608F2
:20198000DA00894F1708DA02894F1808DA00894F1908DA00AC4DA00FEC47DA80894F2008C0
:2019A000DA00894F21080090404F024FC83409F40508820502F66DFF8FFEC83409F4050858
:2019C000820502F66DFF93FEC8346DFFB5FE0090594400C00090194F08C0370F78F04B0FBB
:2019E00041F1194004C0370078004B0041014B0F51F06D0006004BF241203C01009082045D
:201A00006DFF29FE3C010090404F0B54108840F46DFFE3FF4B8251007B00F8136B0131001D
:201A20004B0071814B0861116B0131007B00F0134B1001F0370F61F16E02C2186D00F51DDC
:201A4000022A02A46D00F11CDA00BE90DA013E9EDA023E9CDA033E9ADA043E98DA053E9689
:201A6000DA06BE91DA07BE9C3C28534920F010F2534920F010FF19FF0CC0378F18F0592FF5
:201A80000CC03C1C534920F010F2534920F010FF19FF0CC0378F18F0592F0CC03C0F5349CC
:201AA00020F010F2534920F010FF19FF0CC0378F18F0592F0CC03C023C0102A46D00D51DD3
:201AC0000090404F0258481F8FDF1F00481F1607534F2020082F0F2F0010DA0F0F2F002067
:201AE00091A0012FD922E05F534020F01022542F82F0C620260F2621A61F742FC82408CFF4
:201B000009F55008A64502F46D000800C82408C402856D0035000090404F0B4510A849FCCC
:201B2000100A82404B0A01828F3A00F1538F20C09140002FD922800C7D2F15806D00751DAE
:201B4000022F02F46D00711C09F0201982110FA1101082F2C621261089F0201902F46D0029
:201B6000841D534820F010CFDAFF0FCF00F00FCB10B002F302B249F240080090404F0B455E
:201B800010886D00521D022A02A46D004E1C49FF001ADA084BF801028F7800F1534F2040A4
:201BA000534020F010FFDA0F0F4F00F00F49109002F3029249F2400802A46D00561D009022
:201BC0002020404CDA084BF401826D00CD10534920F010A2534920F010CF488F742F09CF10
:201BE000500816FFC21F4B0F41F14BF25100534920F010AF14FF163FC21F4B0F41F14BF002
:201C00005100534920F010AF14FF370F62F39211534920F010AF081F160342F1534920F02D
:201C200010AF081F370F62F142F14B0141F14BF051203C01009020080248405F3705E8FBCB
:201C40008B0F20F26E01820949A6000A028440F56D003900DA0037F9019014AF37F98390E3
:201C60000CA137F903920CA237F983930CA337F903950CA437F983960CA537F90398081FEB
:201C8000AE63DA003C02DA0137F98199DA0037F9019A14FFAE53DA003C02DA0137F9819AFF
:201CA000DA0037F9019B09FFC008370F66F3C2FF370F70F037F9859B3789049E02923C0125
:201CC0000090406C82088209DA084BF40122094F500816FF9210534320F0104F09FF600893
:201CE000163FC21FE2F0534320F0104F09FF6008370F62F39211534320F0104F09FF6108B3
:201D0000160342F1534320F0104F09FF6108370F62F142F173100AA0B025405D820B3C4E7F
:201D2000534B20F010DF54FFE2AF4B0F61F17B0000044B0F51C0820D820E3C328210532EEC
:201D400020F00FF010004B0041F14BFC51F07B00F0036B00214F6D00252DFF922180532EA4
:201D600020F00FF210F04B0F41F14BCF01F016068B0F20F26E09C2F28B0240F3370F6890CA
:201D800002E8821D3C0FFF820B809A12C2FF8B0F40F3370F689002E8821D3C04C21EBF8EF5
:201DA000CFFFF6D382798278532B20F010CF2819532B20F010CF34F8C21BBF3BB3FF009037
:201DC000404C405F7641820854CF6E016D00CC0F3C0109CF500816FFC21F4B0F41F14BF291
:201DE00051F03C017B00F8034BF0513048103B800040821502463700E81BBA016E037B0020
:201E0000F8037B00F8134B0151703B0040929B499794024A3C4D4B0A41014B0341004B07CB
:201E200051107B00F0236B0221114B0131B1DA407FBF05003B0004B03C0973AB0A10FF41DD
:201E40000400822B3C034EB2821B4B0B41114B1041006B07311082024B2101F0AE046B07F9
:201E600031003C056B0731F067FFBF0F4B9001F06F2F1E804B9001F0AE264B9001F0AE0304
:201E80006F060580020902A602B56F061180DA004BF001F0AE27DA004BF001F0370F61F060
:201EA0006E03DA003C02DA016E023C04C2FAFF2AB47F3F5409006F0607006F050580025F84
:201EC000026502F6DA024BF601229AD2370F4800C2F5370568F037F80680DA024BF6014209
:201EE0001A52C2FF370F68F037F802838E03020F3C02DA0037F802858E0382323C01370238
:201F000068F037F80284088FAE43DA013C02DA0037F80186088FAE33DA003C02DA0137F8E9
:201F20008186089F370FE1F237F8018702823C0100907B0000F44BF45180544F6E016D00D4
:201F4000130F3C01BB0068099B80B104820182033C1DDA01534320400F4F00F04B0F61F1FA
:201F60004BF251406B0831F482054B5F01F0AE046B0831443C056B0831F467FFBF4F4B04A3
:201F800001F0AE230B431008C213BF83E4FF02123C0100900248BC416D00E60EDA004BF879
:201FA00001F0AE217B0008F44BF841F04BF251004B0031F14B0F41F16B0F31F07B00F013D6
:201FC0004B1F01F0AE244B0031F13C044B0031F1C21F8B1F40134B0161F14BF251F06B0F46
:201FE00031F882004B0F01F0AE084B0161F14BF251F06B0F31583C094B0161F14BF251F0B5
:202000006B0F31F867FFBF5F82463C2C4B0661F14BF841F04BF251F07B00F0036B0021FFDB
:202020004B0F710173600AF04B0F61F14BF251306B0331F882044B4F01F0AE046B0331386C
:202040003C056B0331F867FFBF3F4B5301F0AE247603023502013705E8FB6E02F6023C0667
:20206000C2163B801FF07F6FD3FFC2F18B0140233C010090FF540B00538420F0911000F8B1
:20208000D9FFB06F10FFD4F23C02A0023C01009082F282003C17538020F0911000F8D9FF2A
:2020A000B06F10FFD4FF7D4F0D80538020F0911000F8D9FFB06F10FF481F370F48203C04EF
:2020C000C210BF50EAFF3C010090494F102A3C0554FFB45FB025C2F4FF14FC7F0090494FAF
:2020E000102A3C0554FF745FB045C2F4FF14FC7F0090494F102A3C0554FF345FB015C2F402
:20210000FF14FC7F0090DA010F4F10F0370F70F009410819765737017008A6F037011018E4
:202120003C083701700882F2C6F2262037011018766737017000A6F0370110103C083701EA
:20214000700082F2C62F26F037011010894108190090DA084BF40102534120F0104F49FF4E
:20216000241A3C06095FC00874FFB025C2F5FF15FB7F0090DA084BF40102534120F0104F6B
:2021800049FF241A3C05545F74FFB045C2F5FF15FC7F0090DA084BF40102534120F0104F60
:2021A00049FF241A3C05145F74FFB015C2F5FF15FC7F0090094F5418EE047B1000F03C0268
:2021C000DA01CC4D094078080F0F10F06CF10090094288093C010090094F5418EE03DA01FE
:2021E0003C037B1000F0CC4D094078080F0F10F06CF10090404F405C406D0248D4FE40E420
:202200006D00A4050229DF093680ECE2084F96012CF4E84CA8A8821089F01618E86DA8E861
:2022200048FF6E05C8F240F42D02000009FF58181E1409FF58185E3540F46D008E093C1A84
:2022400009FF5818DE4209E2A80909E4A809094FD818C2F837087000370F10F0892F98184D
:2022600040F46D007A093C06C8AF09E488092D0F000002923C01009082020C44AE04D44FBD
:20228000481F6E0282123C0100902010404C405DD4D2D42FF802C8AFF4AFD4DFF4CF0CC4AA
:2022A000B70F01F02CC409DF640889CF171809DF650889CF181809DF260989CF1A1909DF35
:2022C0002A0989CF1E190CD8370F61F1D4AF09F0510837F0010389F0110849DF1C0AF801E7
:2022E0005E1754FFEE05DA0089CF04183C07CCD7481F370F68F089CF041809C04418DA086F
:202300004BF00182534920F0D4A4104F029440D56DFF58FD022F6CF809C4441849D5080A22
:202320004CD1D4A402F56DFF88FC022F6CCC09CF5018DE1309D40409D4A46DFFFCFDD4A448
:20234000094F682837026800370F03F0894F282849C5081A6D000305821009CF44180FF029
:2023600000008F0001100CD9AE43DA003C02DA0109C444180F4F10F0D4A4494F081A8F00AC
:202380000140A640A6F10203021249F2400809CF7308370F64F28F7F00416DFF13FC4B02DD
:2023A00031F189CF0A09D80154FFEE07A00FECCFA00F89CF80193C47D4FF09F2C80989C2F8
:2023C000F4090CD9370F61F289CF14180CD86F1F2280910000F8D9FF3462ECCF910000F8AF
:2023E000D9FF187289CF801940C46DFFF7FED801D4FF09D5600809DA6108DA80C82408C4D5
:20240000A6F56DFF8BFBC82408C402A56DFFB8FB3C1AA00FECCFA00F89CF801909A2840919
:20242000D42F09D5600809DA6108D422092F5008C82408C4A6F56DFF71FBC82408C402A5F7
:202440006DFF9EFB09DFC808370F66F389CF1518910000F8D9FFF092ECCA910000F8D9FFA1
:20246000FE62ECCBD80209FF46186E119110002F09F00518534920F0D4AF10FF49FF241ADC
:20248000530022F0102280FF592F0C0282023C010090404C40C46D00171CA00FECC7DA8053
:2024A00089CF2008DA0089CF2108A00FECC7DA0089CF2008DA0089CF2408DA0289CF2508C6
:2024C00082FF89CF2609DA0089CF2A0900902040404C405DCCD5F80F6D00A71802280284F2
:2024E0006D00A31714FFB70F01F034FF09DF58086E03DA003C02DA0114F037F081F134FF3C
:2025000002846D00B218820809D4100909A4BC096DFF42FD370268F037F80880DA0F37F801
:202520000485DA0037F8828C09DF59086E03DA013C02DA0037F8818DDA0137F8028FDA019B
:2025400037F8818E68484CD489CF0819820009DFC6086E043BF01FF03C02DA0037F00900C8
:20256000820109DFC408EE0409DF66086E02821137108104820109DFC208EE0409DF660890
:202580006E0282113710010509DF5B0837F0020809DF5C0837F0020909DF680837F0020D63
:2025A00009DF690837F0020E685009DEA009BD0E3B00D4EFBCFF0CE409E85508C814088419
:2025C00008C5A6F56DFFAAFAC814088402856DFFD7FACCE2BCFF0CEC09E85508C814088440
:2025E00008C5A6F56DFF9AFAC814088402856DFFC7FACCE4BD0F180009EF140809E8550861
:20260000C8140884370F68506DFF88FAC814088402856DFFB5FAD4F2D4F40C4408C0370F70
:2026200003F02C24D80FECCAF4CCDA006CC1A00FECC2910000F8D9FF3472ECC5910000F855
:20264000D9FF3892ECC609DF66086E0C910000F8D9FF8482ECC7910000F8D9FFB852ECC81D
:202660003C0B910000F8D9FFEE42ECC7910000F8D9FFD442ECC8910000F8D9FFB6F2ECC9E6
:2026800009DF6608DF0F8C00DA0189CF061849A4000A9110005F6DFF61F749A4040A49A575
:2026A000000A6DFFA8F709DF250889CF051809CF05182CA8DA0089AF2708DA0189AF340822
:2026C000DA0089AF0A09DA0089AF2A08DA0089AF2F08DA00ACAFDA0089AF2308D80F49FFA7
:2026E000241A80FF89AF0E09DA0089AF2D08DA0189AF3008DA0089AF2108DA0089AF2208C5
:20270000DA0089AF20080CD889AF3A0809DFC40889AFB80849C4380A49A5040A6DFF20F7A7
:2027200009DF240889CF041809CF04182CA8DA0089AF2708DA0189AF3408D80F49FF102A50
:2027400080FF89AF0A09DA0089AF2A08DA0189AF2F08DA0089AF0E09DA0089AF2D08DA00D7
:2027600089AF3008DA00ACAFDA0089AF2108DA0089AF2208DA0089AF2308DA0089AF2008C6
:202780000CD889AF3A0809DFC20889AFB80849C42C0A49A5040A6DFFE3F63C04DA0089CF3B
:2027A0000618BBF0FFFFD80F89FF141909CF46186E4509A4BC096DFF6DFC914000FFD9FFDE
:2027C0003038534221F010FF3C01821009DF2508370F70F014F1370F68F037F108F034FF5C
:2027E000081F370F83F12CF1083F96022CF3081F96042CF109A4BC096DFF4CFC914000FF09
:20280000D9FF3038534221F010FFB04F3C01821009DF2408370F70F014F1370F68F037F170
:2028200008F034FF081F370F83F12CF1083F96022CF3081F96042CF13C6D09DFC4086E21A7
:2028400009A4BC096DFF26FC914000FFD9FF3038534221F010FF3C0109D0480809DFC40899
:2028600014F1370F68F037F108F034FF081F370F83F12CF1083F96022CF3081F96042CF188
:2028800009DFC2086E2209A4BC096DFF03FC914000FFD9FF3038534221F010FFB04F3C0118
:2028A00009D0480809DFC20814F1370F68F037F108F034FF081F370F83F12CF1083F96026A
:2028C0002CF3081F96042CF109DFC6086E2309A4BC096DFFDFFB914000FFD9FF3038534257
:2028E00021F010FF49FF080A3C0109D0480809DFC60814F1370F68F037F108F034FF081F25
:20290000370F83F12CF1083F96022CF3081F96042CF1D80F09FF5308960189FF13080090F0
:20292000404F405C40F46D001B1AE85CDA0089FF1808DA0089FF1908DA0089FF1A08DA00EF
:2029400089FF1B08DA0089FF1C08DA0089FF2808DA0089FF2908A002E88282FF89FF2408E0
:2029600082FF89FF2508DA0089FF2608BB00C2FB9BEFC3F46CF40090911000CF094804180B
:202980006DFF28FC402F530822F010C2392F1E02370F61F18B0F2002DF100D80530822F034
:2029A00010C2530822F010C4394F1F029604E92F1F023C01DF00110009FF00196E0609F2CB
:2029C000801940F42D020000084FB70F01F02CF4D4F46D004C02530822F010CF39FF1E02A6
:2029E000370FE1F18B0F20F25E1C530822F010CF530822F010C2392F1F029604E9FF1F02E2
:202A00003C010090404C40C46DFFE4FB402F9110005F09C1051809C6A80949F7100A53018A
:202A200022F01052392F1E02370FE1F18B0F2002DF100D80530122F01052530122F01054B8
:202A4000394F1F029604E92F1F023C01DF001A00530122F0105F39FF1E02370F61F18B0F65
:202A600020F25E1C530122F0105F530122F01052392F1F029604E9FF1F023C011D00BC00EB
:202A800009FF58181E1509FF5818DF3F2580530122F0105F39FF1E02370F61F18B0F20F2DF
:202AA0005E1C530122F0105F530122F01052392F1F029604E9FF1F023C01534120F0105F83
:202AC000534120F01052392FC2819602E9FFC2811D00920009FF5818DF4F2480530122F023
:202AE000105F39FF1E02370F61F18B0F20F25E1C530122F0105F530122F01052392F1F022B
:202B00009604E9FF1F023C01534120F0105F534120F01052392FC2819602E9FFC2813C6BA7
:202B2000530122F01052392F1E02370F61F18B0F2002DF100D80530122F01052530122F047
:202B40001054394F1F029604E92F1F023C01DF00530088AFBF2F5000530122F01052530195
:202B600022F01054394F1F029604E92F1F02534120F01052534120F01054394FC2819602F2
:202B8000E92FC281547FEE0C48CF8210370F01F0896F201909FF1A19896F24193C2C48CF0D
:202BA0008210370F01F0896F201909FF5518FF9F0A80D47288AF102F09FF7FF8896F24190E
:202BC0003C1A09F05518DA103F0F0D8088AFC2FF532F20F0D47F10FF09FFC008896F241983
:202BE0003C0A88AFC2FF534F20F0D47F10FF54FF896F24190090404C09C2A809092FC01853
:202C00008FFF1F813C01BBF0FF0F8920141940C46DFFE0FA402F911000DF6F08070009FFFB
:202C20005918960189FF19186F18070009FF5918960289FF19186F28070009FF59189604CA
:202C400089FF19186F78070009FF5918968089FF19186F38070009FF5918960889FF191807
:202C60006F48070009FF5918961089FF19186F58070009FF5918962089FF19186F6807002A
:202C800009FF5918964089FF1918DF08110009FF00196E0609F2801940F42D020000084F51
:202CA000B70F01F02CF4D4F46D00E10009CF46186E3109C00418530022F010DF39FF1E02C1
:202CC000370F61F18B0F20F25E1C530022F010DF530022F010D2392F1F029604E9FF1F026F
:202CE0003C0109C00518530022F010DF39FF1E02370F61F18B0F20F25E1C530022F010DFF3
:202D0000530022F010D2392F1F029604E9FF1F023C010090404F40F46DFF5CFA0925AC090B
:202D200040242D050000484FC21F6CF40090404F40F46DFF4FFA0925A80940242D050000A8
:202D4000483FC21F6CF30090DA01494F0408EE0382023C0282123C0100900C5109406A2851
:202D600037F001F0894F2A280C5209406A2837F001F1894F2A280C5309406A2837F081F1C2
:202D8000894F2A280C5409406A2837F001F2894F2A280C5509406A2837F001F3894F2A2809
:202DA0000C5609406A2837F081F3894F2A280C5709406B2837F001F3894F2B280090404F6D
:202DC000D4F2D4220924A80949FC180A094F4218370FE3013C0188EF0B0F80F1370F5080C1
:202DE00054CFEE0A82003C05094110293C01C2103F80FC7F3C2609F05518FF900B80D4C5AE
:202E000002846DFF78F9D4C201280026F4C23C1909F05518DA103F0F0C80D4C502846DFFAA
:202E200056F9532820F0D4C21022F4C23C0AD4C502846DFF56F9534820F0D4C21022F4C2F1
:202E400088EFA28FACFE88EFEE1009FF00196E0609F2801940F42D020000084FB70F01F011
:202E60002CF4D4F46D0003000090DA006C4100902008404F49FD100AD4F2D42C09CF461840
:202E8000DF0F7E02911000EF09C4A809F4A46DFF01F9534221F03C0109C8051809C90418F9
:202EA0004DC0E2FF370FE1F78B0F20A23C010D00400300003C0188AFBF2FE50088AF92F01D
:202EC000530822F010E2530822F010E4B94F140237007000370F0EF0F92F140209FF551876
:202EE000FF9F10808200530822F010E2530822F010E4394F1602370F83F2E92F16023C217A
:202F000009F05518DA103F0F10808210530822F010E2530822F010E4394F1602370F83F2D6
:202F2000E92F16023C0E8220530822F010E2530822F010E4394F1602370F83F2E92F16022A
:202F400054DFEE4049F21A1A802FB70F1C007B0000FDFE014DC0E1FF16073C0149F21A1AE3
:202F60008020B7000C0AB770030E7B000011E21FA2F03C0449F21A1A8020530822F010E2DF
:202F800059200802820082118222530822F010E2192310023703033037138131372304344D
:202FA000530822F010E259231002530822F010E2530822F010E4394F12029610E92F1202F6
:202FC0003C3A54DFB70F1C007B0000FD7E0F4DC0E1FF16073C0154D0B7000C0AB770030EF1
:202FE0007B000011E21FA2F03C0254D0530822F010E259200802820082118202530822F068
:2030000010E219231002370303303713813137230434530822F010E259231002530822F01B
:2030200010E2530822F010E4394F1202B70F01F2E92F1202D4A24922241A530822F010E43C
:20304000802F594F0C02820082118202530822F010E21923100237030332371381333723FE
:203060000436530822F010E259231002530822F010E2530822F010E4394F1F029604E92F0E
:203080001F0288A0530922F010E2530922F010E4B94F140237007000370F0EF0F92F1402DE
:2030A00009FF5518FF9F10808200530922F010E2530922F010E4394F1602370F83F2E92FB6
:2030C00016023C2109F05518DA103F0F10808210530922F010E2530922F010E4394F160259
:2030E000370F83F2E92F16023C0E8220530922F010E2530922F010E4394F1602370F83F2DC
:20310000E92F1602486FEE4049F21E1A802FB70F1C007B0000FDFE014DC0E1FF16073C01D8
:2031200049F21E1A8020B7000C0AB770030E7B000011E21FA2F03C0449F21E1A80205309A9
:2031400022F010E259200C02820082118222530922F010E219231002370303323713813310
:2031600037230436530922F010E259231002530922F010E2530922F010E4394F12029620B9
:20318000E92F12023C3B486FB70F1C007B0000FDFE004DC0E1FF8F7F00013C01486FB70FC7
:2031A0000CFAB77F031E7B0000F1E2F0A2013C024861530922F010E259210C0282008211ED
:2031C0008202530922F010E219231002370303323713813337230436530922F010E25923E0
:2031E0001002530922F010E2530922F010E4394F1202B70F81F2E92F1202530922F010E29A
:20320000530922F010E4394F1F029604E92F1F02BBF0FFFFD4A4894F14196DFF3BF791403B
:20322000002FD9223038534221F010223C010C2396022C23D4A46DFF2DF79140002FD922CE
:203240003038534221F01022B0423C010C2396022C23D4A46DFF1EF79140002FD92230388D
:20326000534221F010224922080A3C010C2396022C23530922F010E2530922F010E4394F5C
:203280001F029604E92F1F02534920F010E2534920F010E4394FC2819601E92FC28188AF08
:2032A000BF2F2B00530822F010E2530822F010E4394F1F029604E92F1F02534820F010E21C
:2032C000534820F010E4394FC2819601E92FC28109FF5718EE0948CF8200370F01F0D4AFD1
:2032E00089FF20193C0848CF8210370F01F0D4AF89FF20193C3F54DFEE0E48CF8210370F0C
:2033000001F0D4A2892F201909FF1A19D4AF89FF24193C3048CF8210370F01F0D4A2892F58
:20332000201909FF5518FF9F0B80D4D288AF102F09FF7FF8D4AF89FF24193C1C09F0551815
:20334000DA103F0F0E8088AFC2FF532F20F0D4DF10FF09FFC008D4AF89FF24193C0B88AFC5
:20336000C2FF534F20F0D4DF10FF54FFD4AF89FF241976A30D0000031D00EE0088AFBF1F34
:20338000EB00D4F2D422092CA80909FF7308370F644209CF421816073C018B4F000109FFC2
:2033A00056185E12C2F088AF7E02C2F088AF0B0F80F1370F5080BF18CF0088AF5280A8A045
:2033C00088AFEE0382113C02820109FF5618DE11BF28100088AF6E0D4DC0E20F3700E10746
:2033E0008B0020923C010D00400300003C013C084DC0E20F3700E1078B0020923C0109FFE3
:203400005618DE14820089F0161809FF5718EE0848CF8200370F01F089CF20193C0748CFFB
:203420008210370F01F089CF201954DFEE1E09F01A19DF01130082013C0489C02419C211B8
:203440009AF83FF1FC7F48CF8211371F01F089CF201989C024193C08DA003C0489C0241943
:20346000C21F3F8FFD7F3C7409FF5518FF9F2480DF011800BF280800D4D59AF840C402F59D
:203480006DFF8AF648CF8210370F01F089CF2019D4DF01F800F609FF7FF889CF24193C06D7
:2034A000D4D540C402856DFF77F6D4DF01F800F6F4DF3C4E09F05518DA103F0F2780DF01DB
:2034C0001A00BF280800D4D59AF840C402F56DFF42F648CF8210370F01F089CF2019C2F8DE
:2034E000532820F0D4DF10FF09FFC00889CF24193C0BD4D540C402856DFF2DF6532820F085
:20350000D4DF10FFF4DF3C24DF011900BF280800D4D59AF840C402F56DFF2EF648CF82105F
:20352000370F01F089CF2019C2F8534820F0D4DF10FF54FF89CF24193C0BD4D540C4028539
:203540006DFF1AF6534820F0D4DF10FFF4DF76930D00000300902008404D49DF100AD4D269
:20356000D42C8CDA82404B0F0102F6188CDA82404B0F0102370068F03C088CDA82404B0FDE
:203580000102370068F0C21F370F688009DF58189E4B8CDA3B0001004B0F0102F6198CDAD5
:2035A0003B0001004B0F0102370068F03C098CDA3B0001004B0F0102370068F0C21F42F8F5
:2035C000C2F83708688009CF4618DF0F2102911000EF09C4A809F4A46DFF5CF5534221F0BA
:2035E0003C0109C9051809CA04184DC0E2FF370FE1F78B0F20B23C010D00400300003C016E
:20360000530922F010E2530922F010E4B940140237800E00F92014028220530922F010E2E3
:20362000530922F010E4394F1602370F83F2E92F160254FFB70F1C007B0000FD7E0F4DC056
:20364000E1FF16073C0154F0B7000C0AB770030E7B000011E21FA2F03C0254F0530922F0D8
:2036600010EF59F00802820082118202530922F010EF19F310023703033037138131372311
:203680000434530922F010EF59F31002530922F010EF530922F010E2392F1202B70F01F225
:2036A000E9FF120209DF58189E4DD4AF49FF1C1A530922F010E280FF592F0C028200821140
:2036C0008202530922F010EF19F31002370303323713813337230436530922F010EF59F321
:2036E0001002530922F010EF530922F010E2392F1F029604E9FF1F028CDA82404B0F01023A
:20370000F6188CDA82404B0F0102370068003C088CDA82404B0F010237006800C210530AE0
:2037200022F010EF530A22F010E2B92F140237007000370F0EF0F9FF14028220530A22F00F
:2037400010EF530A22F010E2392F1602370F83F2E9FF16024CD6EE4049DF1E1A80FFB70FD9
:203760001C007B0000FDFE014DC0E1FF16073C0149DF1E1A80F0B7000C0AB770030E7B001F
:203780000011E21FA2F03C0449DF1E1A80F0530A22F010EF59F00C02820082118222530A9A
:2037A00022F010EF19F31002370303323713813337230436530A22F010EF59F31002530AB0
:2037C00022F010EF530A22F010E2392F12029620E9FF12023C3C4CD6B70F1C007B0000FD55
:2037E000FE004DC0E1FF8F7F00013C014CD6B70F0CFAB77F031E7B0000F1E2F0A2013C032D
:2038000009D11809530A22F010EF59F10C02820082118202530A22F010EF19F31002370388
:2038200003323713813337230436530A22F010EF59F31002530A22F010EF530A22F010E226
:20384000392F1202B70F81F2E9FF1202530A22F010EF530A22F010E2392F1F029604E9FFDD
:203860001F02BBF0FFFFD4A4894F14196DFF12F4914000FFD9FF3038534221F010FF3C018D
:20388000083F96022CF3D4A46DFF04F4914000FFD9FF3038534221F010FFB04F3C01083F06
:2038A00096022CF3D4A46DFFF5F3914000FFD9FF3038534221F010FF49FF080A3C01083FE2
:2038C00096022CF3530A22F010EF530A22F010E2392F1F029604E9FF1F02534A20F010EF8A
:2038E000534A20F010E2392FC2819601E9FFC28109DF5818DF3F308009D09408DA103FF008
:203900000A0009D0F208DA0F37F085F389DFB2083C0B09D0F2088CDAC2FF370F70F037F012
:2039200085F389DFB20809D09408DA103FF0090009DF7008B70F01F089DF30083C0609DF75
:203940007008960189DF300809DF7208964089DF32083C3709DF5818DF1F248009D09408FC
:20396000DA103FF00A0009D0F208DA0F37F085F389DFB2083C0B09D0F2088CDAC2FF370F20
:2039800070F037F085F389DFB20809DF7008960189DF300809DF7208964089DF32083C1148
:2039A00009DF7008960189DF300809DF7208964089DF320809DFF208B70F85F389DFB20854
:2039C000530922F010EF530922F010E2392F1F029604E9FF1F02534920F010EF534920F097
:2039E00010E2392FC2819601E9FFC28109DF58181E464CDCD4AF89FF1C193C054CDCD4AF58
:203A000089FF201976B30D0000033C010090534420F0911000F8D9FFA87F10FF54F1404CC0
:203A2000B04C913000FFD9FF00069130002F392F1B06370F62F3EE06BB00C2FB9BEFCBF423
:203A40003C1A9130002F392F1B06370F62F35E16BB0068F99B8FB9F43C0E9130002F392FF3
:203A60001B06370F62F35E26BB0068F99B8FB9F43C02DA003C0109F059083700E700C21074
:203A80004B0041014B0F410009FF5B081607C21F4B0F41F14BF051F07B802C044B015100C5
:203AA0007B0000144B104100BB00A01B9BB1A5144B1F51F04BF041F0744F544F7B00200444
:203AC0007B00F0136B0F61416D009A1EB4C2009020108208911000F8D9FF987F49FF000A8D
:203AE00049A2000AA0F404FF242FFC4E913000FF39FF0116370F62F282103E048220BE07B9
:203B00003C1C82146D005801913000FF39FF0116160F6E0C913000FF39FF0116160F10AF50
:203B200014FF4B0F61F14BF251803C08BB0068899B88B9843C013C023C0102823C0100905F
:203B400002486D00B2018200DA003E86DA013E89DA023E8C3C10913000FF19F000263C0D0F
:203B6000913000FF19F004263C08913000FF19F008263C0382023C01760B8B0004F14B0FBC
:203B800061F17B0028044B0F51F04BF241203C010090913000FFD9FF00069130002F392F30
:203BA0001B06370F62F3EE06BB00C2FB9BEFCBF43C1A9130002F392F1B06370F62F35E16B6
:203BC000BB0068F99B8FB9F43C0E9130002F392F1B06370F62F35E26BB0068F99B8FB9F41D
:203BE0003C02DA003C0109F069083700E700C2104B0041014B0F411009FF6B0816079210A4
:203C000009FF6C081607C21FE2F04B0041F14BF151203C010090913000FFD9FF0006913002
:203C2000002F392F1B06370F62F3EE06BB00C2FB9BEFCBF43C1A9130002F392F1B06370F67
:203C400062F35E16BB0068F99B8FB9F43C0E9130002F392F1B06370F62F35E26BB0068F9AA
:203C60009B8FB9F43C02DA003C0109F068086F001F8009F069083700E700C2104B004101BA
:203C80004B0F411009FF6B081607921009FF6D081607C21FE2F04B0041F1BBD0CC0C9BC0B7
:203CA000FC034B0F41F04BF151203C1909F069083700E700C2104B0041014B0F411009FFDE
:203CC0006B081607921009FF6D081607C21FE2F0532020F04B0F41F14BF151203C010090DC
:203CE000913000FFD9FF00069130002F392F1B06370F62F3EE06BB00C2FB9BEFCBF43C1A07
:203D00009130002F392F1B06370F62F35E16BB0068F99B8FB9F43C0E9130002F392F1B0665
:203D2000370F62F35E26BB0068F99B8FB9F43C02DA003C0109F059083700E700C2104B0087
:203D400041014B0F411009FF5C081607921009FF5B081607C21FE2F04B0041F14BF15120E6
:203D60003C01009082088202913000FF39FF3706370F62F282103E0482203E063C09821404
:203D80006D001A003C0682246D0016003C023C01913000FF39FF3706160F6E0A913000FF24
:203DA00039FF3706160F4B0F41F14BF2518002823C010090913000FF39FF3306370F62F2B3
:203DC00082003E0482103E083C23BB00C22B9BE2CB243C013C1FDA003E46DA013E47DA02A2
:203DE000BE413C136DFF7EFF3C126DFFD4FE913000FF39FF3406AE757B0000F44BF251208E
:203E00003C066DFF0AFF3C0382023C013C0382023C013C01009082046DFFCEFF913000FF9F
:203E200039FF3106370F6302DA003E0EDA015F0F2400DA025F0F2600DA035F0F2800DA0414
:203E40005F0F2A003C2D913000FF39FF3206160F6E07913000FF39FF3206160F5E1382024D
:203E60003C0A913000FF39FF3206160F4B0F41F14BF251203C177B001FF44BF251203C1290
:203E80007B0027F44BF251203C0D7B002FF44BF251203C087B0037F44BF251203C038202EE
:203EA0003C013C01009082046DFF86FF913000FF39FF3106370F6302DA003E0CDA01BE0CDE
:203EC000DA02BE0FDA035F0F2200DA045F0F24003C27913000FF39FF3106160FEE03820230
:203EE0003C0A913000FF39FF3106160F4B0F41F14BF251203C177B001FF44BF251203C1211
:203F00007B0027F44BF251203C0D7B002FF44BF251203C087B0037F44BF251203C0382026D
:203F20003C013C010090404F82029130002FD92228A6542F370F6EF18FFF83113C01913063
:203F4000002F192F28A66F1F12008F2120F096019130002F192028A6370070088F002100CF
:203F6000A60F9130002F592F28A68F2120F096029130002F192028A6370070088F00210098
:203F8000A60F9130002F592F28A63C019130002F192F28A61601DF1FFB7F3B0000013C05D7
:203FA000C2F04E0382123C089130002F392F3306370FE1F3EEF69130002F192F30068200A7
:203FC000370F02FE8210370F01FF9130002F592F30063B0000013C05C2F04E0382123C08BD
:203FE0009130002F392F3306370FE1F3EEF6DABC9130002F592FB4069130002F192FA0563C
:204000003B20FE0F260F9130002F592FA0569130002F192FA4563B20FE0F260F9130002FD6
:20402000592FA4569130002F192FA8563B20FE0F260F9130002F592FA856DA009130002FEB
:20404000592FB4069130002F392F1A06B70F01F09130002FE92F1A069130002F392F2A063F
:20406000B70F01F09130002FE92F2A063B0000F33C05C2FF4EF382123C0D9130002F3920BA
:2040800014066F10F87F9130002F392024066F10F27F084F1E13084FDE289130002F192F90
:2040A00010068200370F82F254F03B90D03306634B3011428B141F0037006800370F05F8C5
:2040C0009130002F592F10069130002F19201806086F37F0030C087F37F08704084F37F0A7
:2040E000020F9130002F592018069130002F1920280608EF37F0010008AF37F0030C08BFFE
:2041000037F087049130002F592028069130002F392F1A0696019130002FE92F1A0691305E
:20412000002F392F2A0696019130002FE92F2A063B0000F33C05C2FF4EF382123C119130D6
:20414000002F392014063700E100DF10F67F9130002F392024063700E100DF10EE7F3B001F
:2041600000063C05C2F04E0382123C169130002F392F1406370FE1F26EF69130002F392FC8
:204180002406370FE1F26EEF9130002F392F2406370F61F26EE89130002F39201C06088F0C
:2041A00037F003F09130002FE92F1C069130002F19202C0608CF37F0030008DF37F003044A
:2041C0009130002F59202C063B0000063C05C2F04E0382123C169130002F392F1406370F21
:2041E000E1F26EF69130002F392F2406370FE1F26EEF9130002F392F2406370F61F26EE81F
:204200003BF0490206503C05C2F04E0382123C0C9130002F392F1006AE179130002F392F27
:2042200011066F0FF37F9130002F392F1A0696049130002FE92F1A069130002F392F2A06B5
:2042400096049130002FE92F2A063B0000F33C05C2FF4EF382123C0D9130002F39201406DB
:204260006F20F87F9130002F392024066F20F27FDABC9130002F592FB406DA059130002F2E
:20428000592FA006DA1D9130002F592FA076DA009130002F592FB4069130002F1920300600
:2042A000DA0137F0020EDA0137F0010F3B0000313C05C2F34E3382123C089130002F392FC7
:2042C0003306370FE1F3EEF69130002F592030063B0000013C05C2F04E0382123C089130EF
:2042E000002F392F3306370FE1F3EEF69130002F192F28A66F1F12008F2120F09601913032
:20430000002F192028A6370070088F002100A60F9130002F592F28A686218F3140F19130B4
:20432000002F192028A6370070088F002100A60F9130002F592F28A63C019130002F192F78
:2043400028A66F0FFC7F022F3C01EE0509F498196D008502DF0FCF8149F21C0A82029130AF
:20436000004FD94428A6544F370F6EF18FFF83113C019130004F194F28A66F1F12008F21C6
:2043800020F096019130004F194028A6370070088F002100A60F9130004F594F28A68F21F5
:2043A00020F096029130004F194028A6370070088F002100A60F9130004F594F28A63C0147
:2043C0009130004F194F28A61601DF1FFB7F9130004F19403006488F82F3C63F26F0488F2B
:2043E0005423263FA6F03B0000313C05C2F34E3382123C089130002F392F3306370FE1F3E5
:20440000EEF69130002F592030063B0000013C05C2F04E0382123C089130002F392F330630
:20442000370FE1F3EEF69130002F19203406370062F2EE07370062FAEE04370062FE6E36DB
:204440009130002F1920340648AF82F3C63F26F048AF4893263FA6F0DA0037F00202DA00C6
:2044600037F0020ADA0037F0020E3B0000313C05C2F34E3382123C089130002F392F3706A8
:20448000370FE1F3EEF69130002F592034063B0000013C05C2F04E0382123C089130002F33
:2044A000392F3706370FE1F3EEF69130002F1920340648AF82F3C63F26F048AF4893263F38
:2044C000A6F03B0000313C05C2F34E3382123C089130002F392F3706370FE1F3EEF6913037
:2044E000002F592034063B0000013C05C2F04E0382123C089130002F392F3706370FE1F3D3
:20450000EEF69130002F192F0016370F62F66E309130002F1920001648CF82F3C63F26F047
:2045200048CF48B3263FA6F0DA0037F002063B0000313C05C2F34E3382123C089130002FBA
:20454000392F0316370FE1F3EEF69130002F592000163B0000013C05C2F04E0382123C0805
:204560009130002F392F0316370FE1F3EEF69130002F1920001648CF82F3C63F26F048CFCF
:2045800048B3263FA6F03B0000313C05C2F34E3382123C089130002F392F0316370FE1F3DF
:2045A000EEF69130002F592000163B0000013C05C2F04E0382123C089130002F392F0316CF
:2045C000370FE1F3EEF69130002F19200C1648EF82F3C63F26F048EF48D3263FA6F0DA01A3
:2045E00037F0010F3B0000313C05C2F34E3382123C089130002F392F0F16370FE1F3EEF64E
:204600009130002F59200C163B0000013C05C2F04E0382123C089130002F392F0F16370FF4
:20462000E1F3EEF69130002F1920002609FF001982F3C63F26F009F3001948FF26F3A63077
:204640009130002F592000269130002F192F042609F0081982F3C630260F09F0081909F399
:2046600004192630A60F9130002F592F04269130002F192F082609F0101982F3C630260F48
:2046800009F0101909F30C192630A60F9130002F592F08269130002F192F28A66F1F120080
:2046A0008F2120F096019130002F192028A6370070088F002100A60F9130002F592F28A652
:2046C00086218F3140F19130002F192028A6370070088F002100A60F9130002F592F28A6F1
:2046E0003C019130002F192F28A66F0FFC7F022F3C01DF0FB18049FC140A82089130002F14
:20470000D92228A6542F370F6EF18FFF83A13C0182091D009C009130002F192F28A66F1FE1
:2047200012008F2A20F096019130002F192028A6370070088F002100A60F9130002F592F84
:2047400028A68F2A20F096029130002F192028A6370070088F002100A60F9130002F592FA7
:2047600028A63C019130002F192F28A61601DF1FFB7F3B0000063C05C2F04E0382183C0836
:204780009130002F392F1406370FE1F26EF69130002F39201C06536920F0C8621022142F54
:2047A00037F003F09130002FE92F1C069130002F192F28A66F1F12008F2A20F096019130EE
:2047C000002F192028A6370070088F002100A60F9130002F592F28A68F2A20F09603913026
:2047E000002F192028A6370070088F002100A60F9130002F592F28A63C019130002F192FB4
:2048000028A66F0FFC7F536920F0C8621022092B020982046DFFD0FA9130002F392F300620
:20482000160F4B0F41F14BF251F03C014BBF41F04B0F71F185F110013C0185F01001A21019
:204840003FF0FDFFC2193709689014CF3FF965FF028F3C0102F23C0100902008144F094434
:204860004108DF1F298049A4000A6DFFD2F86D00F006022F02F46D000006913000FF19F154
:20488000200609A0C408BB00402FA62037011010913000FF59F12006913000FF19F018061E
:2048A000821137100101913000FF59F0180602F46D0002070090DA018B0401000F0F10F070
:2048C000913000FF59FF248600908FF43F10913000FFD9FF28A654FF370F6EF18FFF832124
:2048E0003C01913000FF19FF28A66F1F12008F2220F09601913000FF19F028A63700700897
:204900008F002100A60F913000FF59FF28A68F2220F09602913000FF19F028A637007008AD
:204920008F002100A60F913000FF59FF28A63C01913000FF19FF28A61601DF1FFB7F6F0447
:204940001500913000FFD9FF1086534120F010F2913000FFD9FF1086534120F010FF083F46
:20496000375F03F22C233C13913000FFD9FF1086534120F010F2913000FFD9FF1086534178
:2049800020F010FF081F375F03F22C21913000FF19FF28A66F1F12008F2220F0960191309A
:2049A00000FF19F028A6370070088F002100A60F913000FF59FF28A686228F3240F19130CC
:2049C00000FF19F028A6370070088F002100A60F913000FF59FF28A63C01913000FF19FFF2
:2049E00028A66F0FFC7F00908FF43F10913000FFD9FF28A654FF370F6EF18FFF83213C01C1
:204A0000913000FF19FF28A66F1F12008F2220F09601913000FF19F028A6370070088F0023
:204A20002100A60F913000FF59FF28A68F2220F09602913000FF19F028A6370070088F008C
:204A40002100A60F913000FF59FF28A63C01913000FF19FF28A61601DF1FFB7F6F041500A0
:204A6000913000FFD9FF1086534120F010F2913000FFD9FF1086534120F010FF083FB70F74
:204A800001F02C233C13913000FFD9FF1086534120F010F2913000FFD9FF1086534120F0E1
:204AA00010FF081FB70F01F02C21913000FF19FF28A66F1F12008F2220F09601913000FF5E
:204AC00019F028A6370070088F002100A60F913000FF59FF28A686228F3240F1913000FFAB
:204AE00019F028A6370070088F002100A60F913000FF59FF28A63C01913000FF19FF28A602
:204B00006F0FFC7F00908FF43F10913000FFD9FF28A654FF370F6EF18FFF83213C019130AC
:204B200000FF19FF28A66F1F12008F2220F09601913000FF19F028A6370070088F002100A2
:204B4000A60F913000FF59FF28A68F2220F09602913000FF19F028A6370070088F0021006B
:204B6000A60F913000FF59FF28A63C01913000FF19FF28A61601DF1FFB7F6F0415009130DF
:204B800000FFD9FF1086534120F010F2913000FFD9FF1086534120F010FF083FB70F81F0A3
:204BA0002C233C13913000FFD9FF1086534120F010F2913000FFD9FF1086534120F010FFA2
:204BC000081FB70F81F02C21913000FF19FF28A66F1F12008F2220F09601913000FF19F0C3
:204BE00028A6370070088F002100A60F913000FF59FF28A686228F3240F1913000FF19F08A
:204C000028A6370070088F002100A60F913000FF59FF28A63C01913000FF19FF28A66F0F6B
:204C2000FC7F00908FF43F10913000FFD9FF28A654FF370F6EF18FFF83213C01913000FF0A
:204C400019FF28A66F1F12008F2220F09601913000FF19F028A6370070088F002100A60FCB
:204C6000913000FF59FF28A68F2220F09602913000FF19F028A6370070088F002100A60F4A
:204C8000913000FF59FF28A63C01913000FF19FF28A61601DF1FFB7F6F041400913000FF75
:204CA000D9FF1086534120F010F2913000FFD9FF1086534120F010FF083F96012C233C1284
:204CC000913000FFD9FF1086534120F010F2913000FFD9FF1086534120F010FF081F960161
:204CE0002C21913000FF19FF28A66F1F12008F2220F09601913000FF19F028A63700700883
:204D00008F002100A60F913000FF59FF28A686228F3240F1913000FF19F028A63700700868
:204D20008F002100A60F913000FF59FF28A63C01913000FF19FF28A66F0FFC7F00908FF439
:204D40003F10913000FFD9FF28A654FF370F6EF18FFF83213C01913000FF19FF28A66F1F03
:204D600012008F2220F09601913000FF19F028A6370070088F002100A60F913000FF59FF06
:204D800028A68F2220F09602913000FF19F028A6370070088F002100A60F913000FF59FF29
:204DA00028A63C01913000FF19FF28A61601DF1FFB7F6F041400913000FFD9FF2C8653414E
:204DC00020F010F2913000FFD9FF2C86534120F010FF083F96202C233C12913000FFD9FF92
:204DE0002C86534120F010F2913000FFD9FF2C86534120F010FF081F96202C21913000FF74
:204E000019FF28A66F1F12008F2220F09601913000FF19F028A6370070088F002100A60F09
:204E2000913000FF59FF28A686228F3240F1913000FF19F028A6370070088F002100A60F47
:204E4000913000FF59FF28A63C01913000FF19FF28A66F0FFC7F00908FF43F10913000FF6E
:204E6000D9FF28A654FF370F6EF18FFF83213C01913000FF19FF28A66F1F12008F2220F01E
:204E80009601913000FF19F028A6370070088F002100A60F913000FF59FF28A68F2220F029
:204EA0009602913000FF19F028A6370070088F002100A60F913000FF59FF28A63C019130CB
:204EC00000FF19FF28A61601DF1FFB7F6F041400913000FFD9FF1086534120F010F2913042
:204EE00000FFD9FF1086534120F010FF083F96022C233C12913000FFD9FF1086534120F044
:204F000010F2913000FFD9FF1086534120F010FF081F96022C21913000FF19FF28A66F1F6E
:204F200012008F2220F09601913000FF19F028A6370070088F002100A60F913000FF59FF44
:204F400028A686228F3240F1913000FF19F028A6370070088F002100A60F913000FF59FF26
:204F600028A63C01913000FF19FF28A66F0FFC7F00908FF43F10913000FFD9FF28A654FF6C
:204F8000370F6EF18FFF83213C01913000FF19FF28A66F1F12008F2220F09601913000FF9F
:204FA00019F028A6370070088F002100A60F913000FF59FF28A68F2220F09602913000FF07
:204FC00019F028A6370070088F002100A60F913000FF59FF28A63C01913000FF19FF28A61D
:204FE0001601DF1FFB7F6F041400913000FFD9FF1086534120F010F2913000FFD9FF108699
:20500000534120F010FF083F96082C233C12913000FFD9FF1086534120F010F2913000FFC7
:20502000D9FF1086534120F010FF081F96082C21913000FF19FF28A66F1F12008F2220F036
:205040009601913000FF19F028A6370070088F002100A60F913000FF59FF28A686228F32BF
:2050600040F1913000FF19F028A6370070088F002100A60F913000FF59FF28A63C01913070
:2050800000FF19FF28A66F0FFC7F0090DA010F4F00F0913000FF19F0208626F076038212E7
:2050A0003C0282023C0100908FF43F10913000FFD9FF28A654FF370F6EF18FFF83213C01C2
:2050C000913000FF19FF28A66F1F12008F2220F09601913000FF19F028A6370070088F005D
:2050E0002100A60F913000FF59FF28A68F2220F09602913000FF19F028A6370070088F00C6
:205100002100A60F913000FF59FF28A63C01913000FF19FF28A61601DF1FFB7F6F041500D9
:20512000913000FFD9FF1086534120F010F2913000FFD9FF1086534120F010FF082F375FED
:2051400003F22C223C13913000FFD9FF1086534120F010FF9130002FD9221086534120F0B7
:205160001022142F375F03F234FF913000FF19FF28A66F1F12008F2220F09601913000FF9E
:2051800019F028A6370070088F002100A60F913000FF59FF28A686228F3240F1913000FFE4
:2051A00019F028A6370070088F002100A60F913000FF59FF28A63C01913000FF19FF28A63B
:2051C0006F0FFC7F009002410262913000FFD9FF28A654FF370F6EF18FFF83313C01913001
:2051E00000FF19FF28A66F1F12008F2320F09601913000FF19F028A6370070088F002100DB
:20520000A60F913000FF59FF28A68F2320F09602913000FF19F028A6370070088F002100A3
:20522000A60F913000FF59FF28A63C01913000FF19FF28A61601DF1FFB7F6F011F008B0542
:20524000014082100F40100086F1913000FFD9FF2C86534120F010FF9130002FD9222C860B
:20526000534120F01022542F82F1C610260F0F420020A62F74FF3C1B82100F50100086F1CF
:20528000913000FFD9FF2C86534120F010FF9130002FD9222C86534120F01022542F82F1A8
:2052A000C610260F0F520020A62F74FF913000FF19FF28A66F1F12008F2320F096019130BA
:2052C00000FF19F028A6370070088F002100A60F913000FF59FF28A686238F3340F19130A1
:2052E00000FF19F028A6370070088F002100A60F913000FF59FF28A63C01913000FF19FFC9
:2053000028A66F0FFC7F00908FF43F10913000FFD9FF28A654FF370F6EF18FFF83213C0197
:20532000913000FF19FF28A66F1F12008F2220F09601913000FF19F028A6370070088F00FA
:205340002100A60F913000FF59FF28A68F2220F09602913000FF19F028A6370070088F0063
:205360002100A60F913000FF59FF28A63C01913000FF19FF28A61601DF1FFB7F6F04150077
:20538000913000FFD9FF2C86534120F010F2913000FFD9FF2C86534120F010FF083F375F43
:2053A00002F32C233C13913000FFD9FF2C86534120F010F2913000FFD9FF2C86534120F07C
:2053C00010FF081F375F02F32C21913000FF19FF28A66F1F12008F2220F09601913000FF61
:2053E00019F028A6370070088F002100A60F913000FF59FF28A686228F3240F1913000FF82
:2054000019F028A6370070088F002100A60F913000FF59FF28A63C01913000FF19FF28A6D8
:205420006F0FFC7F00904DC0E1FF16073C0153CF20F060FF9130003F30F3D93F0C9654FFDB
:205440002E1B8F2420F0960154F0370070088F002100A60F74FF86248F2440F154F03700D5
:2054600070088F002100A60F74FF3C0154FF1601DF1FFE7F0090913000FF19FF28A66F1FF6
:2054800012008F2420F09601913000FF19F028A6370070088F002100A60F913000FF59FFDD
:2054A00028A686248F2440F1913000FF19F028A6370070088F002100A60F913000FF59FFCD
:2054C00028A63C01913000FF19FF28A61601DF1FFB7F00904DC0E1FF16073C01913000FFF5
:2054E000D9FF0C9653CF20F010FF54FF2E1B8F2420F0960154F0370070088F002100A60FA3
:2055000074FF8F2420F0960254F0370070088F002100A60F74FF3C0154FF1601DF1FFE7FD0
:20552000084F96082CF454FF2E1B8F2420F0960154F0370070088F002100A60F74FF8624EB
:205540008F3440F154F0370070088F002100A60F74FF3C0154FF6F0FFF7F0090913000FFB0
:2055600019FF28A66F1F12008F2420F09601913000FF19F028A6370070088F002100A60FA0
:20558000913000FF59FF28A68F2420F09602913000FF19F028A6370070088F002100A60F1F
:2055A000913000FF59FF28A63C01913000FF19FF28A61601DF1FFB7F913000FF39FF2CA6C9
:2055C0009608913000FFE9FF2CA6913000FF19FF28A66F1F12008F2420F09601913000FF53
:2055E00019F028A6370070088F002100A60F913000FF59FF28A686248F3440F1913000FF7C
:2056000019F028A6370070088F002100A60F913000FF59FF28A63C01913000FF19FF28A6D6
:205620006F0FFC7F00904DC0E1FF16073C0153CF20F060FF9130003F30F3D93F0C9654FFD9
:20564000370F6EF18FFF83213C013C010090913000FFD9FF28A654FF370F6EF18FFF8321D9
:205660003C013C0100904DC0E1FF16073C0153CF20F060FF9130003F30F3D93F0C9654FF18
:205680002E1B8F2420F0960154F0370070088F002100A60F74FF86248F3440F154F0370083
:2056A00070088F002100A60F74FF3C0154FF6F0FFF7F0090913000FF19FF28A66F1F120038
:2056C0008F2420F09601913000FF19F028A6370070088F002100A60F913000FF59FF28A6DF
:2056E00086248F3440F1913000FF19F028A6370070088F002100A60F913000FF59FF28A67B
:205700003C01913000FF19FF28A66F0FFC7F0090F647094F40189601894F00183C08DF1472
:205720000780094F40189604894F00180090F647094F7C089601894F3C083C08DF1407808E
:20574000094F7C089610894F3C080090FF340B00538420F0911000F8D9FFA8EF10FFD4F219
:205760003C02A0023C01009082F282003C17538020F0911000F8D9FFA8EF10FFD4FF7D4F9A
:205780000D80538020F0911000F8D9FFA8EF10FF481F370F48203C04C210BF30EAFF3C0146
:2057A0000090404C405F09C0380909C13C0914FFEE0C083F37F00500082F37F00504081F07
:2057C00037F1011182183C0F14FF5E1C083F37F00508082F37F0050C081F37F10113821836
:2057E0003C02820889C13C0989C0380940C46DFFBDFF09FFC8086E26081FEE099140002F12
:20580000D92200C8538220F010223C099140002FD92200C8538220F01022B04208A009FFED
:20582000C8081421370F68F037F108F0342F0C21370F83F12C210C2396022C230C21960431
:205840002C2108264CC4820102F009C32C0982020F20A0400F31A0503C016DFF0DD43C01BD
:2058600014FF534F20F010C28922300914F440C46DFF50FF14F440C46DFF5BFF08264CC4D6
:20588000820102F009C32C0982020F20A0400F31A0503C016DFFF0D33C0114FF534F20F061
:2058A00010C2481F42F28922300902823C01009091100048D944206F82129130002F192FE5
:2058C00034A6370F6EF18FFF83313C019150022F392F2C081601DF1F7080094584093C649C
:2058E0008F2320F07BC0FF0FA60F9130002F592F34A63C019130002F192F34A6370FE1F030
:20590000DF1FFA7FCC513C0DD4F25420482F82F1C61F26F0481FA6F0D4F2742049FF0C0AD6
:2059200080F0145F53CF20104C5142F13F10EEFF9150022F392F0B4896409150022FE92F59
:205940000B488F2320F07BC0FF0FA60F96029130002F592F34A63C01913000FF19FF34A65B
:205960006F1FFC7F3B0010F0C2FF4EF382023C09915002FF39F00B4837006103DF10F67FBB
:205980004C52BB00520C9BB0BF044B0F41F04B0F71F185F110013C0185F01001A2103FF0D0
:2059A000FDFF49550C0A8050144F53CF20104C4142F13F1097FF022F3C01EE0200A0DC0B28
:2059C000009091100028D922286F8210915002FF39FF2C081601DE1C82023C0DCC2153C21C
:2059E00020F010FFD4F45441482F26F1481F3E128200C212142F3FF2F37FDF100A80915050
:205A000002FF39FF2E08370FE1F21E1282003C01F60200A0DC0B0090025FC234B7040200EC
:205A2000370050808BC801008B8000406D00CE1ABC2640240B8F10486D0004003C010090F5
:205A4000C234B70402F0370F5000DA00894F1808DA01894F1908804F8BCF01F0C27FB70F46
:205A600003F0744FDA00AC42DA00AC47DA00894F0A09894F0609DA00AC49AC488940940807
:205A80008945960840423C0100906D00710F0090544F2E1B8F2400F0960154403700700865
:205AA0008F000100A60F744F06248F2440F15440370070088F000100A60F744F544F009052
:205AC000913000FF19FF28A66F1F12008F2400F09601913000FF19F028A6370070088F0071
:205AE0000100A60F913000FF59FF28A606248F2440F1913000FF19F028A6370070088F0027
:205B00000100A60F913000FF59FF28A6913000FF19FF28A6009002484DC0E1FF16078B5F75
:205B200020F33C0153CF20F060FF9130003F30F3D93F0C9640F402846DFFACFF084F9608E1
:205B40002CF440F402846D005C000090024802846DFFB8FF913000FF39FF2CA696089130F6
:205B600000FFE9FF2CA602846D0063000090BB00C20B9BE0CB04913000FF39FF1B06370F55
:205B800062F35E26BB0068199B81B9143C0B5E16BB0068199B81B9143C05BB00C21B9BE1D2
:205BA000CB14913000FF39FF3306370F62F26E1D913000FF39FF1906370FE7F0C21F4B0F41
:205BC00061F14BF14110913000FF39FF1B0616079210913000FF39FF1C061607C21FE2F024
:205BE0004B0061F14BF15100913000FF39FF3006160F4B0F41F14BF051203C010090544F80
:205C00002E1B8F2400F096015440370070088F000100A60F744F06248F3440F154403700CD
:205C200070088F000100A60F744F544F0090913000FF19FF28A66F1F12008F2400F0960131
:205C4000913000FF19F028A6370070088F000100A60F913000FF59FF28A606248F3440F1B5
:205C6000913000FF19F028A6370070088F000100A60F913000FF59FF28A6913000FF19FFDB
:205C800028A600909120003030434933088A543F06F4374F9FF09120003030434933088A40
:205CA000743F9120003030434933148A543FEF8F0A00B70F01FC9120003030434933148A77
:205CC000743F0090F445DA006C410C4896012C480C4896022C480C48B70F01F12C480C482E
:205CE000B70F81F12C480C48B70F01F22C480C4896202C480940C808DA0837F006F3AC44EE
:205D00000C49B70F01F22C49DA00894F0E09DA00894F1209DA00894F0A090C49B70F81F217
:205D20002C490C49B70F01F32C49094F5808B70F01F0894F1808094F5808B70F81F0894F3C
:205D40001808094F5808B70F01F1894F1808094F5808B70F81F1894F18080090DA00344FE6
:205D6000DA00AC41DA00AC42DA00AC43DA002C48DA00AC45A00FEC43DA006C440090404C2E
:205D8000405D0B451088821A82046D0060333BD03E406D00273591000057D955243082041A
:205DA000820540D46D000F013BD03E406D001A3591000057D95524308204820540D46D008E
:205DC00002013B80B5416D000D3591000057D955243082043BB003503BC0016040D46D0055
:205DE00022013B4006406D00FD3491000057D95524308204823540D46D00E5003BD03E408B
:205E00006D00F03482146D0022333B4006406D00E93491000057D955243082043B000850CB
:205E20003B20BD6340D46D00FE003B4006406D00D93491000057D955243082043B3008507A
:205E400040D440C66D000F013B4006406D00CA3491000057D955243082043B300A5049C6BB
:205E6000001A40D46D00EF003B4006406D00BA3482046D00EC323B4006406D00B3349100C5
:205E80000057D95524308204820540D46D009B00DACD7FF905803BD00C403C0202946D00C4
:205EA000A13491000057D95524308204820540D46D008900DACD7FF905803BD00C403C0253
:205EC00002946D008F3491000057D95524303B20085040D402846D00860091000057D9553C
:205EE0002430820540D402846D006D0002946D007934820B3C3291000057D9552430538B60
:205F000020F08B3F08F0370F685040D402846D007A00022F02946D006534EE1C82003C1685
:205F2000532020F0910000F7D9FF243010FF09F1D008DA0803FB0AF0532F20F010CF09FFF6
:205F4000C0083E13820A3C05C210DA083FF0EA7F3C03820A3C04C21BBF5BCF7F02A23C01DE
:205F60000090404F405C40F440C56D002F0A3B4001406D00373440F440C56D00BB083C014D
:205F80000090404F405C40F440C56D000A0A3B4001406D00273440F440C56D00A7083C0176
:205FA0000090404F405C40F440C56D00370A3B4001406D00173440F440C56D00BD083C0123
:205FC0000090404F405C40F440C56D001F0B3B4001406D00073440F440C56D00CF083C0118
:205FE0000090404F405C40F440C56D00260B3B2003406D00F73340F440C56D00E1083C010E
:206000000090404F405C40F440C56D002D0B3BE00B406D00E73340F440C56D0004093C010A
:206020000090404F405C40F440C56D00340B3B4001406D00D73340F440C56D003C093C0165
:206040000090404F405C40F440C56D003E0B3B4001406D00C73340F440C56D004E093C0139
:206060000090404F405C40F440C56D00540B3B4001406D00B73340F440C56D0060093C0101
:20608000009091000057D95524306D007A093C01009082020CAA1E130CAADE3A0CA76E03EC
:2060A0008F4240210CA46E038F8240210CA36E038F0241210CA16E038F0242210CA26E03D7
:2060C0008F02442114AF6E038F0248213C038F2240213C0100902010404F024F9100005786
:2060E000D9552430820540F402F46DFF6CFF3B2003406D00773391000057D95524308205F0
:2061000040F402F46DFF5FFF3B8038416D006A3391000057D955243040F402F46DFF43FF0B
:206120003B2003406D005E3391000057D955243040F402F46DFF27FF3BA00F406D00523381
:2061400091000057D955243040F402F46DFF1BFF022F3B2003406D004533EE10910000F7EB
:20616000D9FF243049FF300A49A2000AA02444FF642FFC4E6DFF8FFF3C0282123C010090FF
:20618000911000F8D9FF445CEC48911000F8D9FF623CEC49911000F8D9FF7C0CEC4A6D00DA
:2061A000A207009020104046910000F7D9FF2430405440F56DFFD7FEDF021180910000F738
:2061C000D9FF243049FF101A49A2000AA02444FF642FFC4E6DFF5FFF3C0282123C010090DF
:2061E000404F40F4B02440F5B0456D00300049F5080A40F46D00C7010090404FDA55345FA7
:20620000DA002C52DA002C53DA002C54DA002C5514FF2C5614F46D00D70134F20090F64347
:2062200082023C123B0071F27E443BF00F203C0C7BF00FF03B0071024B0F1102E2048F048C
:206240001FF08FFF0F213C0100908250144F8FFF011182020C52866F8F0F0C310C51863FFB
:206260001638A6F3145F1607A6F3A6328FF101F1C6F0911000F8D9FFC00F01F000F614FFD4
:20628000911000F8D9FFE04F10FF14FFC62F911000F8D9FFE00F10FF14FF2C4100908251F5
:2062A0008202820314400C41861FA6F00C42862FA6F00C43863FA6F00C44864FA6F00C45AA
:2062C000865FA6F00C46866FA6F00C47867FA6F0A6023702680014520C51861FA6F20C52D1
:2062E000863FA6F2A62337036820C601911000F8D9FFE00F01F100F614FF911000F8D9FF23
:20630000E04F10FF14F08FF201F1C6F0911000F8D9FFC00F01F000F614F00C537E03821273
:206320003C0282023C010090DAFF82003C17014000F614F1C61F82013C0C2E77861F370FA4
:2063400068F08FDF81F13C04861F370F68F0C211BF81F5FFC210370068003F40EAFF8FFF14
:206360008F213C010090DAFFC65F82003C0C2E77861F370F68F08FDF81F13C04861F370FE5
:2063800068F0C210BF80F5FF82003C17014000F614F1C61F82013C0C2E77861F370F68F0F7
:2063A0008FDF81F13C04861F370F68F0C211BF81F5FFC210370068003F40EAFF8FFF8F215C
:2063C0003C010090404F40F4B02440F5B0456DFF3EFF49F51C0A40F46D00D5000090404C90
:2063E000405F02488209DA1F3F8F26808219DA5534FF2828DA002CF3DA012CF4DA002CF580
:2064000014CF2CF6DA0089FF3E08DA0089FF3F0814C46D00D90034C2768E01C80026142FDC
:2064200089FF3F0801C800F601C8002614246D00CB0034F202923C010090404F40F4B02451
:2064400040F5B0456DFF03FF49F51C0A40F46D009A00088F89FF1F08089F89FF200808AFB1
:2064600089FF210808BF89FF220808CF89FF230808DF89FF240808EF89FF250808FF89FF92
:20648000260809FF500889FF270809FF510889FF280809FF520889FF290809FF530889FF98
:2064A0002A0809FF540889FF2B0809FF550889FF2C0809FF560889FF2D0809FF570889FF58
:2064C0002E0849F41F0A3B0001406DFF2FFF89F2180809FF580889FF2F080090404C405F8D
:2064E00002488209DA1F3F8F26808219DA5534FF2828DA002CF3DA012CF4DA042CF514CF37
:206500002CF6DA0089FF3E08DA0089FF3F0814C46D005A0034C2768E01C80026142F89FFB5
:206520003F0801C800F601C8002614246D004C0034F202923C010090404C405F082FEE039B
:2065400082323C1F49F4300A49F5380A6DFFA9FEF62382423C1648E83708680409FF7F0889
:206560003E0E082F10CC370868446D002D0034C2370868F489FF3F0882523C0382023C0103
:206580000090144F345FDA002C5182000C43865F8F0F0E110C42161FA6F1A61089500108F9
:2065A000DA002C5282000C46866F8F0F0C110C45863F1638A6F10C441607A6F1A610895071
:2065C000020800908202DA003E48DA013E48DA023E48DA033E483C0982123C0882223C0614
:2065E00082323C0482023C023C013C010090404F40F4B02440F5B0456DFF29FE49F5041A2B
:2066000040F46DFFC0FFDA0089FF0718DA0089FF0818DA0089FF0918DA0089FF0A18DA0037
:2066200089FF0B18DA0089FF0C18DA0089FF0E1809F1471809FF5708867F8F0F080109FF2D
:206640005608866F1640A6F009FF5508865F1620A6F009FF5408864F1610A6F009FF53088D
:20666000863F1608A6F009FF5208862F1604A6F009FF5108861F1602A6F009FF50081601AF
:20668000A6F0A60189F1071809F1481808FF867F8F0F080108EF866F1640A6F008DF865F73
:2066A0001620A6F008CF864F1610A6F008BF863F1608A6F008AF862F1604A6F0089F861FFE
:2066C0001602A6F0088F1601A6F0A60189F1081809F1491809FF6708867F8F0F080109FF01
:2066E0006608866F1640A6F009FF6508865F1620A6F009FF6408864F1610A6F009FF6308AD
:20670000863F1608A6F009FF6208862F1604A6F009FF6108861F1602A6F009FF60081601DE
:20672000A6F0A60189F1091809F14A1809FF5F08867F8F0F080109FF5E08866F1640A6F0BB
:2067400009FF5D08865F1620A6F009FF5C08864F1610A6F009FF5B08863F1608A6F009FF32
:206760005A08862F1604A6F009FF5908861F1602A6F009FF58081601A6F0A60189F10A183E
:2067800009F14B1809FF7708867F8F0F080109FF7608866F1640A6F009FF7508865F162062
:2067A000A6F009FF7408864F1610A6F009FF7308863F1608A6F009FF7208862F1604A6F04B
:2067C00009FF7108861F1602A6F009FF70081601A6F0A60189F10B1809F14C1809FF6F0897
:2067E000867F8F0F080109FF6E08866F1640A6F009FF6D08865F1620A6F009FF6C08864F0F
:206800001610A6F009FF6B08863F1608A6F009FF6A08862F1604A6F009FF6908861F1602B3
:20682000A6F009FF68081601A6F0A60189F10C18DA0089FF0D1809F14E1809FF7F08867FDD
:206840008F0F080109FF7E08866F1640A6F009FF7D08865F1620A6F009FF7C08864F16105D
:20686000A6F009FF7B08863F1608A6F009FF7A08862F1604A6F009FF7908861F1602A6F0B3
:2068800009FF78081601A6F0A60189F10E1849F4071A3B8000406DFF49FD89F2001809FFD6
:2068A000401889FF0F180090404C405F02488209DA1F3F8F26808219DA5534FF2828DA00AD
:2068C0002CF3DA032CF4DA032CF514CF2CF6DA0089FF1E18DA0089FF1F1814C46DFF74FEB2
:2068E00034C2768E01C80026142F89FF1F1801C800F601C8002614246DFF66FE34F202923D
:206900003C010090404C405F082FEE0382323C2049F4101A49F5181A6DFFC3FCF623824268
:206920003C1709F81819370868F409F05F183E0E082F10CC370868446DFF46FE34C2370898
:2069400068F489FF1F1882523C0382023C010090DA00344F82003C06014000F6DA002CF169
:20696000C210DA1F3FF0FAFF0090404F40F4B02440F5B0456DFF6BFC49F50C0A40F46DFF0C
:2069800002FE088F2CFFDA0089FF100849F40F0A82246DFFCBFC2892089F89FF11080090FA
:2069A000404C405F02488209DA1F3F8F26808219DA5534FF2828DA002CF3DA062CF4DA0149
:2069C0002CF514CF2CF6DA0089FF2208DA0089FF230814C46DFFF8FD34C2768E01C8002656
:2069E000142F89FF230801C800F601C8002614246DFFEAFD34F202923C010090404C405FB6
:206A0000082FEE0382323C1F49F4140A49F51C0A6DFF47FCF62382423C1648783708680437
:206A200009FF63083E0E082F10CC370868446DFFCBFD34C2370868F489FF230882523C030E
:206A400082023C010090404F40F4B02440F5B0456DFFFDFB49F50C0A40F46DFF94FD088FA4
:206A60002CFF0090404C405F02488209DA1F3F8F26808219DA5534FF2828DA002CF3DA05C9
:206A80002CF4DA012CF514CF2CF6DA0089FF2508DA0089FF260814C46DFF96FD34C2768EE5
:206AA00001C80026142F89FF260801C800F601C8002614246DFF88FD34F202923C01009090
:206AC000404C405F082FEE0382323C2B49F4200A822408F56DFF49FC022849F4140A49F5CA
:206AE0001C0A6DFFDEFBF62382423C1B48793709680409FF66083E0E082F10CC37096844C9
:206B00006DFF62FD34C2370968F489FF260882523C0809FF52083E8382623C0382023C0143
:206B20000090404C405F02488209DA1F3F8F26808219DA5534FF2828DA002CF3DA052CF413
:206B4000DA042CF514CF2CF6DA0089FF0318DA0089FF041814C46DFF37FD34C2768E01C8FB
:206B60000026142F89FF041801C800F601C8002614246DFF29FD34F202923C010090404C7D
:206B8000405F082FEE0382323C2C49F4300A3B00014008F56DFFE9FB022849F4240A49F5FF
:206BA0002C0A6DFF7EFBF62382423C1B48B93709680409FF44183E0E082F10CC370968442A
:206BC0006DFF02FD34C2370968F489FF041882523C0809FF60083E8382623C0382023C01E7
:206BE0000090DA0F3F4F0D00DA003FF40A005AF4911000F8D9FF80FF90FFD4FFDC0F1D00C2
:206C00008B008FF50FF12C488FF50FF1894F1F081D0083008FF50FF12C498FF50FF1894F79
:206C200020083C7A8FF50FF12C4A8FF50FF1894F21083C728FF50FF12C4B8FF50FF1894FF2
:206C400022083C6A8FF50FF12C4C8FF50FF1894F23083C628FF50FF12C4D8FF50FF1894FEA
:206C600024083C5A8FF50FF12C4E8FF50FF1894F25083C528FF50FF12C4F8FF50FF1894FE2
:206C800026083C4A8FF50FF1894F10088FF50FF1894F27083C418FF50FF1894F11088FF5CB
:206CA0000FF1894F28083C388FF50FF1894F12088FF50FF1894F29083C2F8FF50FF1894F8E
:206CC00013088FF50FF1894F2A083C268FF50FF1894F14088FF50FF1894F2B083C1D8FF5C5
:206CE0000FF1894F15088FF50FF1894F2C083C148FF50FF1894F16088FF50FF1894F2D08B4
:206D00003C0B8FF50FF1894F17088FF50FF1894F2E083C023C010090404F40F4B02440F548
:206D2000B0456DFF94FA49F5100A40F46DFF2BFC088F89FF130809FFCA08BB00F00F260F42
:206D4000868F89FF140809FFCA0816FF89FF150849F4130A82346DFFE9FA28C208CF89FF3E
:206D600016080090404C405F02488209DA1F3F8F26808219DA5534FF2828DA002CF3DA04D4
:206D80002CF4DA012CF514CF2CF6DA0089FF2608DA0089FF270814C46DFF16FC34C2768E61
:206DA00001C80026142F89FF270801C800F601C8002614246DFF08FC34F202923C0100900D
:206DC000404C405F082FEE0382323C1F49F4180A49F5200A6DFF65FAF62382423C164888C0
:206DE0003708680409FF67083E0E082F10CC370868446DFFE9FB34C2370868F489FF27088F
:206E000082523C0382023C010090404F40F4B02440F5B0456DFF1BFA49F51C0A40F46DFFC8
:206E2000B2FB088F89FF1F0882003C1B532020F010F2532020F010F4094FCA08BB00F01F86
:206E4000261F868F892F2008532020F010F2532020F010F4094FCA0816FF892F2108C210FA
:206E6000BF80E6FF49F41F0A3B1001406DFF5EFA89F21A0809FF5A0889FF30080090404C55
:206E8000405F02488209DA1F3F8F26808219DA5534FF2828DA002CF3DA042CF4DA042CF5CE
:206EA00014CF2CF6DA0089FF0218DA0089FF031814C46DFF89FB34C2768E01C80026142FE0
:206EC00089FF031801C800F601C8002614246DFF7BFB34F202923C010090404C405F082F5E
:206EE000EE0382323C1F49F4340A49F53C0A6DFFD8F9F62382423C1648F83708680409FF34
:206F000043183E0E082F10CC370868446DFF5CFB34C2370868F489FF031882523C0382023E
:206F20003C010090404F40F4B02440F5B0456DFF8EF949F50C1A40F46DFF25FB088F89FF8D
:206F40000F1882003C1B532020F010F2532020F010F4094FCA08BB00F01F261F868F892F1F
:206F60001018532020F010F2532020F010F4094FCA0816FF892F1118C210DA203FF0E5FFDE
:206F800049F40F1A3B1004406DFFD0F989F20A1809FF4A1889FF10280090404C405F0248FB
:206FA0008209DA1F3F8F26808219DA5534FF2828DA002CF3DA042CF4DA072CF514CF2CF68E
:206FC000DA0089FF2228DA0089FF232814C46DFFFBFA34C2768E01C80026142F89FF232820
:206FE00001C800F601C8002614246DFFEDFA34F202923C010090404C405F082FEE038232CA
:207000003C2049F4142A49F51C2A6DFF4AF9F62382423C1709F81C29370868F409F06328D1
:207020003E0E082F10CC370868446DFFCDFA34C2370868F489FF232882523C0382023C019B
:2070400000908F1400F16E03DA013C02DA00344F8F2400F16E03DA013C02DA002C418F44DD
:2070600000F16E03DA013C02DA002C428F8400F16E03DA013C02DA002C438F0401F16E0380
:20708000DA013C02DA002C448F0402F16E03DA013C02DA002C458F0404F16E03DA013C0220
:2070A000DA002C468F0408F16E03DA013C02DA002C478F1500F16E03DA013C02DA002C48B4
:2070C0008F6500F186FF2C498F8501F186DF2C4A8F050EF186BF2C4B8F050EF186BF2C4B52
:2070E00000906DFF37FC00906D0004003C010090404F405C0CC2EE06DA03C8AF2D0F000016
:207100003C17C89249C43C0A82242D020000762F49C4300A09C47C0809C57D086DFF93FF0C
:2071200040F440C56DFF0AFA022F3C02DA0202F23C010090404F405C0CC2EE06DA03C8AF59
:207140002D0F00003C17C89249C41C1A82242D020000762F49C4101A09C45C1809C55D18CE
:207160006DFF71FF40F440C56DFFCEFB022F3C02DA0202F23C010090404F405C0CC2EE06CC
:20718000DA03C8AF2D0F00003C17C89249C4200A82242D020000762F49C4140A09C46008A1
:2071A00009C561086DFF4FFF40F440C56DFF28FC022F3C02DA0202F23C010090404C405FDE
:2071C000082FEE06DA03CCCA2D0F00003C2809C2A40949F4200A82542D020000DF021F008D
:2071E00049F4140A09F4630809F564086DFF2BFF09FF6108ACF809FFD00809F060088F8067
:207200002000A60FACF809FF620889FF120840C440F56DFF57FC022F3C02DA0202F23C016D
:207220000090404C405D0CD2EE06DA03CCCA2D0F00003C3D09C2A40949D4300A3B30014020
:207240002D020000DF02330049D4240A09D4411809D542186DFFF7FE82013C1C532120F072
:2072600010DF532120F010D2092F7108ACF8532120F010DF532120F010D20920D008532116
:2072800020F010D2092F70088F8F20F0A6F0A880C211BF81E5FF09DF401889DF200840C495
:2072A00040D56DFF6EFC022F3C02DA0202F23C010090404F405C0CC2EE06DA03C8AF2D0F5A
:2072C00000003C17C89249C4240A82242D020000762F49C4180A09C4640809C565086DFF3D
:2072E000B2FE40F440C56DFF6DFD022F3C02DA0202F23C010090404F405C0CC2EE06DA03F9
:20730000C8AF2D0F00003C17C89249C4001A82242D020000762F49C4340A09C4401809C52E
:2073200041186DFF90FE40F440C56DFFD8FD022F3C02DA0202F23C010090404F405C0CC27B
:20734000EE06DA03C8AF2D0F00003C17C89249C4202A82242D020000762F49C4142A09C413
:20736000602809C561286DFF6EFE40F440C56DFF44FE022F3C02DA0202F23C010090404FD4
:20738000405C40F440C56DFF3AF740C46DFF2AF7C88F49C4080A82342D0F00000090404F63
:2073A000405C40F440C56DFF1CF8762C40C46DFF0BF8C88F49C41C0A82342D0F0000821253
:2073C0003C0382023C010090404F405C406D40F440C56DFF85F8DF021E0082083C0C09D475
:2073E000C0086DFF1EF740C40B8210486DFFFBFBB02DC218DA103FF8F4FF40C46DFF1FF8A7
:20740000C88F49C41C0A3B4001402D0F000082123C0382023C0100902060DA0189AF3008FB
:20742000DA0189AF3108DA0189AF3208DA0189AF3308DA0189AF3408DA0189AF3508DA01EB
:2074400089AF3608DA0189AF3708DA0189AF3808DA0189AF3908DA0189AF3A08DA0189AF55
:207460003B08DA0189AF3C08DA0189AF3D08DA0189AF3E08DA0189AF3F08DA0189AF00183C
:20748000DA0189AF0118DA0189AF0218DA0189AF0318DA0189AF0418DA0189AF0518DA012B
:2074A00089AF0618DA0189AF0718DA0189AF0818DA0189AF0918DA0189AF0A18DA0189AF95
:2074C0000B18DA0189AF0C18DA0189AF0D18DA0189AF0E18DA0189AF0F18DA0189AF10186C
:2074E000DA0189AF1118DA0189AF1218DA0189AF1318DA0189AF1418DA0189AF1518DA017B
:2075000089AF1618DA0189AF1718DA0189AF1818DA0189AF1918DA0189AF1A18DA0189AFE4
:207520001B18DA0189AF1C18DA0189AF1D18DA0189AF1E18DA0189AF1F18DA0137F6086C7A
:20754000DA0137F70870DA0137F60860DA0137F70874DA0137F70878DA0137F60864DA01DD
:2075600037F60868DA0137F7087C49AF300A49A2000AA03644FF642FFC6E49AF001A49A2A7
:20758000100AA03644FF642FFC6E49AF101A49A2200AA03644FF642FFC6E6D0004003C01C0
:2075A0000090404F405C0B67108840F440C56DFF7DF9022F6E2749A2000A49C4080AA0353C
:2075C000442F644FFC5E49A2100A49C4180AA035442F644FFC5E49A2200A49C4280AA03579
:2075E000442F644FFC5E89C8780940C46DFF01F8C88F49C4041A3BC000402D0F0000821243
:207600003C0382023C010090404F405C025F40F440C56DFFC7F9762D2CC840C46DFFA7F942
:20762000C88F49C40C0A82642D0F000082123C0382023C010090404F405C025F40F440C5C5
:207640006DFF12FA762D2CC840C46DFFFEF9C88F49C40C0A82442D0F000082123C038202E1
:207660003C010090404F405C025F40F440C56DFF5AFA762D2CC840C46DFFE7F9C88F49C46D
:207680000C0A82442D0F000082123C0382023C010090404C405F025F026840C440F56DFF13
:2076A00063FB762F2CF8A85840F46DFF37FB09C2A00949F4100A82742D02000082123C030E
:2076C00082023C010090404C405E025F406D40C440E56DFFD6FBDF021B002CE882003C09E4
:2076E000532020F010EF09DFC008ACF5B02DC210BF80F8FF40E46DFF8AFBCCC849E41C0AD6
:207700003B5001402D0F000082123C0382023C010090404C405E025F406D40C440E56DFF70
:207720003EFCDF021C002CE882003C09532020F010EF09DFC008ACF5B02DC210DA203FF08C
:20774000F7FF40E46DFFF0FBCCC849E40C1A3B5004402D0F000082123C0382023C010090A2
:207760008F841EF08F0F0801B70408FC3704E81BB71F812BDA7F7FF1048082020090DA96F1
:207780007F1F048082023C068B6109F1325F0FF20020370248207604325237024820009099
:2077A000B70408FC3704E80BB71F811BDA7F3FF00580DA967F0F0480820200908B6009F1E2
:2077C000325F0FF10010370168200090B70408FC3704E80BB71F814BDA7F7FF00480D20209
:2077E0000090DA967FF0078082058B6009611DFF43C482058BA016601DFF3FC4B70408FC8E
:207800003704E80BB71F811BDA7F3FF00580DA967F0F0480820200908B6009F1325F0FF1AF
:2078200000103701702000908B0420F28B0500F5EE0A7B0008008203B700892B8F7301F05C
:20784000A6F2009082029B02F02FBBF0FF3F9BF3FF3F0F2480000F358010BA008B0100F44A
:20786000EE4C3B7001800B451068BB00FF1F9BF1FF1F8F0400012651BA008B0100F4EE2103
:2078800082019BF1FF1F8F0400012651BA008B0100F4EE098F751E107745804302153B007C
:2078A00003803C0F8F351F107745804902153B4002803C078FF51F107745804F0215C218FC
:2078C0000F2480000F3580108B0020F28B0100F5EEF202490B6710A8D2148B881E606DFFCB
:2078E000CCC30F2A80000F3B8010BA008B0100F4EE2B3B0008703C293B600930BB00000F5D
:207900009BF00F0026408F0500118B0020F28B0100F5EE073BA00830774500568FC40040F7
:2079200082009B00080082013C05C2F37745805006140B0430F10B1500F20B15A0F2EEF62B
:2079400002401DFF7BFF82078BF29F008BF3BF1026A026B1BA008B0100F4EE038F0744714A
:207960008BF80760820402951D00B91391100048D9443C711D0002008208404F8209820A15
:20798000820BC81CC82D483C09FF1001DF1F238080CF160180D08F100001FE046E04C2FCBB
:2079A00004DF24CF76CF8F3C00018FEC1FF06E0902F140D2C2F16014442164C1FC4E90DD72
:2079C000020CDF0CE07FC2FC60C204DF24CFFC2E3CD9DE2580CF2E03C2FC24C9DF0CD37FEF
:2079E0008F3C00F106EC76C5C2FC60C264CAFC2F6EC9C2FF60F224CBFC2F3CC48F0F1F0044
:207A0000DF002E008F3F0001DF102B8080CF8F3F00D180DF1603FEDB76DB02D440C440D571
:207A20006D00EE0601CD00C601DD00D6A2DC76CF8F3C00018FEC1FF06E0902F140D2C2F155
:207A40006014442164C1FC4E90DD020CDF0C9B7F02C440C440D56D00D3063C9400901603C0
:207A6000DF2F91FF80CF16036E0702F440C46D00B00610CCA2FCDF0C867F8F3C004106EC06
:207A800076C5C2FC60C264C8FC2FDF047C7F40C46D009F061DFF77FF205089A4380989A6E1
:207AA0002C0989A73409DA01A00F820909AA1019780C89A9081989A9280902A089A900190C
:207AC000B70089FBF80678113700E8FB78080258404C029D405D8BFF0FC27B00F8B376C66B
:207AE00058116E04029C09AD30095808BA0F7813F68A3B700600580B3E043B7004007E0364
:207B000082183C23580D6F5F21803B100600580B3E043B100400FE095811EE0382083C1517
:207B200082788F3F000082013C06C2F88FC31F107723000E0B011028FBF000002620263109
:207B4000BA008B0100F4EEF2DA00780F02A46D0014087625DA2D780F67AABFAFEE0E580D72
:207B60008F8F0101DA087E03DA2B3C068B000102580FAB0FA2F0780F09A00019AA1089A0CE
:207B80000019DF0D1600580B911000F8D9FFE84F10FF081F2E37910000F8D9FF3400F80691
:207BA0003C1B910000F8D9FF0030F8063C15DF0C1D00580B911000F8D9FFE84F10FF081F45
:207BC0002E36910000F8D9FF04303C05910000F8D9FF0830F8065810BB90FF0F9239580DE3
:207BE000260F780D1D008C013B100600580B3E053B1004005F0F27805808AB1F18FF780805
:207C000058109230F683580D2E22C210428058083BC0F91FC2207FF106003B4006103F1FBE
:207C20000400DA033C0A3B60FF1F7FF106003BA000103F1F0400DA02780C580C12091D00A5
:207C40005F01580849AF0A0A6E7549A4140A02A46D00031209AC1409022A370CE8FB82009C
:207C60006E55BBF028EC49AE130A7B0012D49B5ECFE33C3F49A20A0A7D2E0C8049AF120A9D
:207C800049AE130AA07209F03FF489E03FF4FC2CBBD0CC0C58059BC0DC0349A4140A4B0F6F
:207CA00041406D00DA1189A20609DF0914806B0E21F24BDB41B04BDF41406DFF53FD762A8B
:207CC0004BBC514049A4140A82196D00C61189A2060909AF06096B0E21FF4BDF41406DFF71
:207CE00041FD8B0203F089EF3FF4580AC21F780A5805370FE8FBEEBF3C0304EF24FF49A2E3
:207D0000130A012E20F4EEFA3C154B0A01F06F2F12007B0012043C064B0A41A0580AC2FFA8
:207D2000780A4B0A41F089AF06094BBF01F06F0FF5FF3B600610580B028082093E143B6079
:207D400004107E13580A12803B500610580B3E143B5004107E12C210CE03DA003C038B704E
:207D600000F310A2492E0A0A3C117B0012F449A4060A4BFA41406D007011022A09A406096C
:207D80006DFFF0FC8B0203F024FF01FE20F4EE0649A2130A012F20F4EEE909EF000840EF8F
:207DA000C25F3C0A49AF0A0A01EF30F4EE0740EF09EF3FF4C21F34EF3C08DA3134EF49EF3F
:207DC000010A580AC21F780A09E00008DA393F0FEB7F89F93FF049A20A0A012F20F4EE062F
:207DE00009F00008DA305F0FF67F3B500600580BBE013B5004003E0E3B6006005F0F3C00BC
:207E00003B6004005F0F3800580A3FF80400FFDF330058103B50062049AF0A0A9210580B45
:207E200009A10A083E243B5004207E2C761349AF0B0A14FFEE04580DAE227682C21042806F
:207E40003C17028276158BF81F2049AF0B0A14FFEE03580D2E22C21082013C0814FFEE039B
:207E6000580D2E23C210B01FC2113F21F97F8B4000903C453B600600580B3E043B6004003F
:207E80007E0F09A02809FA10AB10A09F581042F9F684580D6F2F34001A8992193C300280E7
:207EA000580A49AF0A0A4EF4581092193C0D09A1280958101219021F14F17612B01FABF030
:207EC0001F00C2FFEEFA14FF6E02F604580D6F2F1700580AC219325F3C04C2FFC219C2F0E7
:207EE0007607FF1FFC7F3C04C219B01FC2F0760314FFEEFB580D16042B09009F580F6E0D27
:207F0000580D16036E0A61FF14C209A43C0940C46D004404DA00780FD806BD0F1A803B109A
:207F20000600580B3E043B100400FE02580D16036E0F54DFC22F61FFE9C16D002F04580B1B
:207F400040C48B7F01406D002904DA017812580D6F0F1680580EA29F3C0F61FFEAC1580DF8
:207F600040C416028B0F20F2864F8B0F02406D001504580EC2FF780EFF1FF17F580F6E08EA
:207F800061FFD7C109A43C0940C46D000704D806BCFA40F440C56D00100454DFC23F74DFA6
:207FA0001D008A013B100600580B3E053B1004005F0F9F808F28200058138B7001018B1F5D
:207FC00003A1BF1022008201DA177FF00800821258110F021020262F6E02821182F2C2F065
:207FE0000F0200F0C6F2F6145811262F6E045811A62F78115811C21F7811EF7F0600DA00A6
:2080000078113B2003A05812EE0D54DFC22F61FF7DC16D00C303580B40C48B7F01406D0060
:20802000BD0361FF86C102A440C46D00B703F683580D2E2561FF77C16D00B00358113B80FB
:2080400001B054D08F1F00A0428074D03C183B000340DF0B1100C2CB02B032500F0A00F060
:20806000160F8B0F0340DA397F4F0600580B8B6F1CF042F440C46D009103C2F8FF18E97F3A
:20808000580B40C48BFF00406D0088035808CEF63BD00240325F78083C033BB0024040C4C5
:2080A0006D007C03580C54D0C22F42F0580C820110AF34F13BA00010580CC2FF370F68F0B0
:2080C000780C10AF58084B1F01228B0303F034FF09A220094B12012289A26009DF02EEFF06
:2080E00074D040A440C56D0068031D00E5003B50060049AF0A0ABE013B5004003E0E3B60A7
:2081000006005F0F78003B6004005F0F7400580A3FF80400FFDF6F0009A00A08580AAB1F21
:2081200020A076093B700610580B3E143B7004107E12C2F861FFFDC076063700684049AF11
:208140000B0A3C033B00034040C46D00270314FFEE0B580DAE29768C3B500600580B3E0432
:208160003B5004007E0561FFDEC06D001703820B3C1A09F00008F60A580DAE283B500610A8
:20818000580B3E143B5004107E1D61FFD2C0760537006840B01F3C033B00034040C46D00A7
:2081A000FD02C21B3F8BE77F61FFC3C0580B40C48FDF0F416D00F202C2FA54DFC21F0EA4C8
:2081C0003BB002403C04325A3BD0024074DF40C46D00E40261FF9FC08B00034040C46D00B1
:2081E000DD0261FF98C08B01034040C46D00D6023C6209AA28094EA854DFC21F61FF86C09E
:208200006D00CC023C1954D0C21074D014F47643B01F3C033B00034040C46D00BF023B607A
:208220000600580B3E063B6004003E03ABF81F88C2FAFF1AEA7F3B600600580B3E063B6046
:2082400004003E0314FF6E02F684580D6F2F340061FF6FC0580A3BE00240325F3C0854D05E
:208260003B000340C21074D0C2FFC2F840C46D009502768BFF1FF57F3C0861FF5AC004F49E
:2082800040C46D008B02C2F8768314FFEEF73B600600580B3E0E3B6004003E0B580D2E2B3F
:2082A0003C0854DFC21F61FF31C06D007702C2F8DF08F9FF580EA29F3C0A54D03B00024008
:2082C00040C4C21074D06D006902C2FFFF1FF77F00902010404C405D89A68C09DA00780256
:2082E00009D40008DF045002DA257E4409D001047E08B01D49A5080A40C46D0048023CF18A
:20830000820A0BAA108809DF01003BD002007E048F1A40A13CF93BB002007E07BBF0FE0F23
:2083200026A08F8040A13CF03B0002007E066F3AECFF8F0A41A13CE83B0003007E048F2AEE
:2083400040A13CE23B3002007E048F4A40A13CDC3BA00200FE03D803B04FF80309F83CF974
:20836000CE848F1A40A1325809DF01003C0D13A820FF8B0F1D8009DF01008B0F1D0037007D
:208380006800BFA0F6FF3BE002005F0F23808F0A42A109DF01003BA00200FE05D803B04FD4
:2083A000F80309F93CF9CE968F1A40F1BBF0FDAF26FA09DF01003C0D13A920FF8B0F1D9082
:2083C00009DF01008B0F1D0037006800BFA0F6FF3BC006007E048F0A48A13C1E3B800600EA
:2083E0007E048F0A44A13C183BC004007E048F0A50A13C123BA006007E04B71A81A43C0C2F
:208400003BA007007E04B71A01A53C063B400700FE01B71A81A53BC006003E043B800600C3
:208420007E0709D000087E04B71A01A6B01D09DF01003B3006005F0F2F808F1A00F1EE0E02
:208440003C093B00024049A5080A40C46D009F01C2F87F890400FF28F67FD80340C449A51A
:20846000080AB04FF80309F03CF9370048406D008E01DF0F377F3C093B00024049A5080AA1
:2084800040C46D008401C2F87F892C7FFF28F67F1DFF28FF3B400600BE013B9006003E0E3D
:2084A0003BF006003E0B3B8007003E083B8005003E053B5007005F0F598082023B40060059
:2084C0003E043B9006007E0282123B0008010F0A80105F0104006F9A05003B8000003C021D
:2084E00082403B8000105F100980D80349FF080AF80309F078F93C15D803B04FF80309F03E
:208500003CF90B0000080B0110483B0004010F0A80105F010D807628370448000B000008A5
:208520000B0110483C13370468403C0F3B0004005F010B807626370450000B0000483C0674
:20854000370470403C02F62282056F5A0600BBD0FF0F260A3C0282190BFA106889A44009EF
:208560000B8910481D00CB003B300700FE066F5A0680BBF0FF9F9BF9FF97D8030BA8104809
:2085800040C5029649A6080AB04FF80309F4BCF96D00AB021DFFA6FE3B600600BE063B60B7
:2085A0000400BE033B500600BE003B5004003E0D3B7006003E0A3B7004003E073B1006008F
:2085C0003E043B1004007E0DD8038F0A0211AB698091B04FF80302F609F03CF974A03C2C37
:2085E0003B200700FE086F6A0800D803B04FF80309F03CFA3C06D803B04FF80309F03CF9E9
:208600008F0A02F1EA69DA004BF051F174AF3B6006603C123B200500FE09D8038F0A02F1E4
:20862000EA6949FF080AF80309F478F96DFF06BD3B60066074A20B89104849A5080A02A749
:2086400040C46DFF2BFA1DFF4DFE3B0007005F0F5D806F8A45006F0A0E80DA113C093B00E1
:20866000024049A5080A40C46D009100C2F83F8FF8FFD803A03E49FF080A09FF3FF449A5FB
:20868000080A370F684040C46D000001FCE73BA0034049A5080A40C46D007900D803A03EC4
:2086A00049FF040A09FF3FF449A5080A370F684040C46D00EB00FCE7DA113C093B0002404F
:2086C00049A5080A40C46D006200C2F83F8FF8FFD80349FF080AF8031DFF04FED8033B8064
:2086E00000400245B04FF8038F2A407109F03CF9820189A040093B80076049A5080A40C446
:208700006D00DF001DFFEEFD3BE006005F0F37803B0008010F0A80F03E036F9A0E00D803C0
:20872000B04FF80309FFBCF909A00809820189F040091DFFD7FD3B000401260ADA407EAAE1
:20874000D803B04FF80309FFBCF95802B4FF1DFFC9FD5F0A0B80D803B04FF80309FFBCF912
:20876000580234FF1DFFBEFDD803B04FF80309FFBCF9580274FF1DFFB5FD910000F7DA19ED
:2087800059FF206009A20809009037046840545FC21F745F1D000200D44FBCF440F41D0028
:2087A000950CCC414C4280F07FF0068034F4CC41B01FEC410090404F405C3C06370F6840FC
:2087C00040C46DFFEBFF09FF0100EEF900903BF00F00804F1603063F0FF0100082FFC6F012
:2087E000C2F4604F804FB70F02F060F2B014542F260F742F77000004FCF60090804F160337
:208800003BF00F008F3F00100F10100082F1C610C2F4604F8041B7010220095101008F3F9F
:208820000030B0140F3110106022C21F542216032602A612742277000004FDF0ED7F009018
:20884000404F0B4510A849FD160A026840FCDA0034DF820702860BAB10486DFFD3BC2382C9
:208860000A0A0B2310A88BA060F2CA708B0003F089DF3FF48B0220F28B0300F5EEEB04DF50
:2088800024FFEEFE40C200900248404F8FC83F40405CDA090B4F2001DA37AB0F83F042F41A
:2088A0006DFF75FF8FF8000140F4DA0940C50B0F2011DA37AB0F834142041DFF68FF026E21
:2088C0002020DA58404F0B4510A8405C027909AC600982085FEF7300DA643EEDDA693EEB3A
:2088E000DA6F5FEF6C00DA75BEE4DA785FEF67001D00ED00D2000B0C50F10B1D00F20BD153
:2089000090F2EE073BD002800BC0C0C00BD1D0D00BCD104840A43BA000606DFF93FFF6B693
:20892000BA0C8B0D00F4DF0FDF8040A46D00A30C370268C0DF081180DA753EE88F89010130
:20894000DA087E043BB002803C078F8901F18B0F01F2AB08A28F768CABFA1FAA8F3900F15F
:208960006E0740F4028440C56DFF11FF82086F0914808F2900F18B0F20F2864F8B0F02F0FB
:208980003C0740F402F440C56DFF01FFC2FA7FAB04003FACF87F768E40F4028440C56DFF7E
:2089A000F6FE3C08C2FB61FFACBC6DFFF0FEABFA1FAA3FBCF97F1D008A008BFE268240A403
:2089C0008F3820F08B8F00600BCD10486DFF3AFFDA78FEE314AF40A26E10092000088BF06F
:2089E0001BF0370F6810DA193F1F05808B0002F0342F092F0104EEF240A46D003C0C370209
:208A000068F078068B0C20F28B0D00F5EE0AF6B6DF086A806F296800821BBBB0FFFF26F9B0
:208A20006F291B006F191300768E61FF6ABC6DFFAEFEABFA1FAA40F402E440C56DFFA7FEA8
:208A4000ABFA1FAABBB0FFFF26F9DA6F7EE558063FBF0300921B6F29090076875806C22B7F
:208A6000C22F370F68F078066F0915808F2900F18B0F20F2864F8B0F02C03C0740F402C419
:208A800040C56DFF84FEC2FA7FAB050058063FAFF77F6F291900DF08170061FF32BC6DFFCD
:208AA00076FEABFA1FAA40F402E440C56DFF6FFEABFA1FAA3C08C2FB61FF23BC6DFF67FE5D
:208AC000ABFA1FAA58063FBFF87FBBF0F74F40A4BBF0FF6F40F5269440C602A59BF6FF67D4
:208AE0001D00030000900248404F025F405C0269406D6D00C00B022A6F0819803C083B00E5
:208B0000024040C440D56DFF42FEC2FF3FFAF97F3FF9F77F3C0BC2F909F40100DF0411003A
:208B200040C440D56DFF33FE8AFFDF09F6FF3C083B00024040C4C2FF40D56DFF28FEEEF905
:208B40000090910000F7D9FF0000D4F291300057D955C08701240046015420F4EE08914037
:208B60000057D955C088014530F4EE0482FF60F20090F4F400908F141E2000906D008F0B79
:208B80006D00460C6D0049006D00BE0A6D00D5106D00910B3C036D0082033CFE00906D0068
:208BA000B60B82046D00C5106D00850B3C013C000090BD043100B0C4404C54CF910000D7A9
:208BC000B70F0180D9DD2860D4DF74C801C800E654EF6E04AE0342F83CF954F001F0002642
:208BE0007DC20580420874F840FCEE1082046DFFAAFFB04E7DE20A80325802846DFFA3FF21
:208C0000802F1EF3DA0074CFD4DF80CF80F00B0F90F174DF009082046D00CE136D000F1324
:208C20008204820591100048D944EC8F6D008B186D00240082043B007D506D0007203BA008
:208C400000406D00591B82043B00015091100048D944FC8F6D0077183B803E406D00A11DF0
:208C600082043B00025091100048D944FC8F6D006A186D00E4120090910000F7D9FF2C6082
:208C8000DA0034FFDA003C09910000F7D9FF2C6010FF82002810C21FBF6FF87F910000F7E5
:208CA000D9FF2C60DA002CF7910000F7D9FF2C60DA002CF8910000F7D9FF2C60DA002CF97E
:208CC00000900D00000282046D00331082046DFFFABF8278DA010F8F00F0892F2829910017
:208CE00000F7D9FF0400910000C7D9CC040014CFC21F34FF910000F7D9FF040014FFBF5F14
:208D00000A80910000F7D9FF0400DA0034FF6D001F1B0D00400200800D00000282046D00E0
:208D2000081082046DFFCFBFDA0982180FF80080892828290D00400200800D000002820431
:208D40006D00F70F82146DFFBEBF8278DA010F8F00F0892F28290D00400200800D000002D7
:208D600082046D00E60F82146DFFADBFDA0982180FF80080892828290D00400200800D00BB
:208D8000000282046D00D50F910000F7D9FF0C30D4FF2D0F00000D00400200800D00000271
:208DA00082046D00C60F82046DFF72E1762482046DFF83DD82446DFF6BE1762482446DFF70
:208DC0007CDD0D00400200800D00000282046D00B00F82146DFF5CE1762482146DFF6DDD85
:208DE00082546DFF55E1762482546DFF66DD0D00400200800D00000282046D009A0F8234AC
:208E00006DFF46E1762B82346DFF57DD910000F7D9FF1030D4FF2D0F000082746DFF38E19E
:208E2000762682746DFF49DD6D0019100D00400200800D00000282046D007B0F9100004745
:208E4000D94440506DFFCDBE0D00400200800D00000282046D006D0F0D00400200800D0045
:208E6000000282046D00650F91000047D9446C606DFFB7BE0D00400200800D000002820483
:208E80006D00570F91000047D94458806DFFA9BE0D00400200800D00000282046D00490F36
:208EA00091000047D94444A06DFF9BBE0D00400200800D00000282046D003B0F910000F771
:208EC000D9FF2C60083F5E136D0039090D00400200800D00000282046D002B0F91000047E4
:208EE000D94470B06DFF7DBE0D00400200800D00000282046D001D0F910000F7D9FF1430ED
:208F0000D4FF2D0F00000D00400200800D00000282046D000E0F91000047D9445CD06DFFC7
:208F200060BE0D00400200800D00000282046D00000F6D00C2100D00400200800D00000216
:208F400082046D00F60E91000047D94448F06DFF48BE0D00400200800D00000282046D00AA
:208F6000E80E91000047D944B4006DFF3ABE0D00400200800D00000282046D00DA0E9100A4
:208F80000047D944A0206DFF2CBE0D00400200800D00000282046D00CC0E91000047D944B7
:208FA0008C406DFF1EBE0D00400200800D00000282046D00BE0E91000047D944B8506DFF97
:208FC00010BE0D0040020080C234B70402F06E659249DF096300910000F7D9FF286054FF1D
:208FE000EE1582046DFFAFFD802F325F160392446DFFA9FD8020DFF051001022F4F2910026
:209000000047B542246082007420D4FC820A3C0310CCB0FC54CF6E036F0FFCFFF4FC3C1DFF
:20902000B70801F010CF6F08188054FFEE1182046DFF89FD49F4040A7D420F80325802841F
:209040006DFF81FD802F1EF874CA82083C0CAE0442F874C840CF40FC54C876856F08E2FF6F
:209060003F98E0FFDF082680BF19180002946DFF6AFD802F9EF249CF040A01F220F4EE0DED
:20908000012F30F4EE12802F325F1603102F92446DFF59FD802F5EF3A002009001CF20200A
:2090A000802F960174CF40FC01C900F674FA3C0A9A493FF8078001C900F6A29874F83C0232
:2090C00002898F1940F174CF49C2040A0090DF043000404FBF842780804F8F3F0001805145
:2090E0008F3100115F101F802E06C2F4045F344F494F010A80FF2E16045F24FFC2E4045FCC
:2091000024FF8F7400018FD41FF06E0B02F14052C2F160160922480189F24801FC6CD055CA
:2091200002047646C2F46042045F24FFFC2E40420090404FBF852380804F2E05C2F53444AC
:20914000494F010A80FF2E1424F4C2E524F48F7500F106D5DF051200D200764A37046800D9
:209160008F802010A6108F002110A6100201C2F5605289F04801FC2E02F57655C2F5605201
:2091800024F4FC2F404200903B400640820591100048D94400706D00D61582183C189100E5
:2091A00000F7D9FF140014FF7E8691100048D94410803C0591100048D94414808204530863
:2091C00021F0370F70506D00BE15C218BF68E97F3B9001403B00015091100048D944DCAFA6
:2091E0006D00B1153B9001403B00025091100048D944D0DF6D00A7153B9001403B0003502B
:2092000091100048D94420006D009D153B9001403B00045091100048D94430306D009315F3
:209220003B9001403B00055091100048D94418806D0089150090024F025802F46D005318E0
:20924000DF282180DF221680910000F7D9FF080010FF14F0F60D910000F7D9FF080010FFDA
:20926000821034F002F46D00351882123C163C09F628910000F7D9FF080010FFDA0034FFBB
:209280003C0ADF180980DF12078002F46D00221882123C0382023C010090820482156DFF46
:2092A000CCFF0228821482156DFFC7FF0229820482256DFFC2FF821482256DFFBEFF8234B9
:2092C00082156DFFBAFF022A910000F7D9FF0C0014F0DA003E0F82115F017B0082215F019E
:2092E0007A00DA155F0F3C01DA165F0F91011D004302DF081900910000F7D9FF1400910003
:209300000027D9221400142FC2FF34FF910000F7D9FF140014FFEE07910000F7D9FF1400F0
:20932000DA0534FFDF091A00910000F7D9FF140091000027D9221400142FC21F34FF9100F6
:2093400000F7D9FF140014FFBF6F0880910000F7D9FF1400DA0134FF6DFF18FFDF0A37003C
:20936000910000F7D9FF140014FF82103E0A82203E0F8230BE048240BE098250BE0E3C24A2
:20938000910000F7D9FF0C00DA0134FF3C1D910000F7D9FF0C00DA0234FF3C16910000F7A5
:2093A000D9FF0C00DA0334FF3C0F910000F7D9FF0C00DA0434FF3C08910000F7D9FF0C0041
:2093C000DA0534FF3C016D003A0F1D00D5011D00D301DF081B00910000F7D9FF1800910099
:2093E0000027D9221800092F0008C2FF34FF910000F7D9FF180009FF0008CEF7910000F72A
:20940000D9FF1800DA0534FFDF091C00910000F7D9FF180091000027D9221800092F0008C3
:20942000C21F34FF910000F7D9FF180009FF0008BF6F0800910000F7D9FF1800DA0134FFD4
:209440006D00DD04DF0A8A00910000F7D9FF180009F00008DA00BE00DA01BE0CDA025F0F4B
:209460004D00DA035F0F5700DA045F0F6700DA055F0F6B003C70910000F7D9FF100009FF6E
:209480000008EE07910000F7D9FF0C00DA0034FF3C62910000F7D9FF2C60081FDF1F218006
:2094A000910000F7D9FF2C60DA002CF1910000F7D9FF2C60DA002CF2910000F7D9FF2C60F9
:2094C000DA002CF3910000F7D9FF2C60DA002CF6910000F7D9FF1000DA0034FF3C0D910054
:2094E00000F7D9FF2C60DA012CF1910000F7D9FF1000DA0134FF3C2F910000F7D9FF2C6044
:20950000081F5E17910000F7D9FF0C00DA1534FF3C22910000F7D9FF2C60081F5E1D9100A4
:2095200000F7D9FF0C00DA1634FF910000F7D9FF2C60DA002CF53C0F910000F7D9FF0C008F
:20954000DA0434FF3C08910000F7D9FF0C00DA0534FF3C016D00730E1D000E01DF081B00DF
:20956000910000F7D9FF1C0091000027D9221C00092F0008C2FF34FF910000F7D9FF1C00F0
:2095800009FF0008CEF7910000F7D9FF1C00DA0434FFDF091C00910000F7D9FF1C00910058
:2095A0000027D9221C00092F0008C21F34FF910000F7D9FF1C0009FF0008BF5F08009100D6
:2095C00000F7D9FF1C00DA0134FF6D000703DF0A1D00910000F7D9FF1C0009FF0008820007
:2095E0003E0482103E093C0F910000F7D9FF0C00DA0234FF3C08910000F7D9FF2C60DA0080
:209600002CF23C016D001B0E1D00B600DF081B00910000F7D9FF200091000027D922200031
:20962000092F0008C2FF34FF910000F7D9FF200009FF0008CEF7910000F7D9FF2000DA0344
:2096400034FFDF091C00910000F7D9FF200091000027D9222000092F0008C21F34FF91009B
:2096600000F7D9FF200009FF0008BF4F0800910000F7D9FF2000DA0134FF6D001D03DF0AD1
:209680007A00910000F7D9FF200009FF000882003E0A8210BE0582205F0F270082305F0F4A
:2096A00043003C66910000F7D9FF2C60083FEE07910000F7D9FF0C00DA0234FF3C599100FC
:2096C00000F7D9FF2C60083F5E18910000F7D9FF2C60DA002CF33C07910000F7D9FF2C605E
:2096E000DA012CF33C45910000F7D9FF2C60083FEE19910000F7D9FF2C60084F5E1791006C
:2097000000F7D9FF2C60DA002CF4910000F7D9FF2C60084FEE07910000F7D9FF2C60DA01F5
:209720002CF43C26910000F7D9FF2C60083FEE1F910000F7D9FF2C60085F5E17910000F717
:20974000D9FF2C60DA002CF5910000F7D9FF2C60085FEE0D910000F7D9FF2C60DA012CF574
:20976000910000F7D9FF0C00DA0234FF3C016D00660D3C010090DAA05F4F7E00DAA15F4FB5
:209780008700DAA25F4F9000DAA35F4F9900DAA45F4FA200DAA55F4FAB00DAA65F4FB4003C
:2097A000DAA75F4FBD00DAB05F4FC600DAB15F4FCF00DAB25F4FD800DAB35F4FE100DAB4FB
:2097C0005F4FEA00DAB55F4FF300DAB65F4FFC00DAB75F4F0501DAB85F4F0E01DAC05F4FAB
:2097E0001701DAC15F4F2001DAC25F4F2901DAC35F4F3201DAC45F4F3B01DAD05F4F4401D0
:20980000DAD15F4F4D01DAD25F4F5601DAD35F4F5F01DAD45F4F6701DAE05F4F6F01DAE1DE
:209820005F4F7701DAE25F4F7F01DAE35F4F8701DAE45F4F8F01DAE55F4F9701DAE65F4FB6
:209840009F01DAE75F4FA701DAFD5F4FBA01DAFE5F4FAC01DAFF3E431D00BE013B9001409C
:209860005305215091100048D944C4BF6D006B121D00B3013B90014053052150911000481D
:20988000D944D8BF6D005F121D00A7013B9001405305215091100048D944ECBF6D00531219
:2098A0001D009B013B9001405305215091100048D944C0CF6D0047121D008F013B90014006
:2098C0005305215091100048D944D4CF6D003B121D0083013B9001405305215091100048FD
:2098E000D944E8CF6D002F121D0077013B9001405305215091100048D944FCCF6D00231209
:209900001D006B013B9001405305215091100048D944D8DF6D0017121D005F013B9001400D
:209920005305215091100048D944ECDF6D000B121D0053013B9001405305215091100048D4
:20994000D944C0EF6D00FF111D0047013B9001405305215091100048D944D4EF6D00F3114A
:209960001D003B013B9001405305215091100048D944E8EF6D00E7111D002F013B9001401E
:209980005305215091100048D944FCEF6D00DB111D0023013B9001405305215091100048B5
:2099A000D944D0FF6D00CF111D0017013B9001405305215091100048D944E4FF6D00C3113A
:2099C0001D000B013B9001405305215091100048D944F8FF6D00B7111D00FF003B9001402F
:2099E0005305215091100048D9440C006D00AB111D00F3003B900140530521509110004895
:209A0000D94428006D009F111D00E7003B9001405305215091100048D9443C006D009311B8
:209A20001D00DB003B9001405305215091100048D94410106D0087111D00CF003B90014036
:209A40005305215091100048D94424106D007B111D00C3003B90014053052150911000486C
:209A6000D94438106D006F111D00B7003B9001405305215091100048D9440C206D006311D8
:209A80001D00AB003B9001405305215091100048D94420206D0057111D009F003B90014046
:209AA0005305215091100048D94434206D004B111D0093003B90014053052150911000484C
:209AC000D94408306D003F111D0087003B9001405305215091100048D9441C306D003311F8
:209AE0003C7B3B9001405305215091100048D94438306D0028113C703B9001405305215045
:209B000091100048D9440C406D001D113C653B9001405305215091100048D94420406D000F
:209B200012113C5A3B9001405305215091100048D94434406D0007113C4F3B9001405305A9
:209B4000215091100048D94408506D00FC103C443B9001405305215091100048D9441C50F6
:209B60006D00F1103C393B9001405305215091100048D94430506D00E6103C2E3B900140CE
:209B80005305215091100048D94404606D00DB103C233B9001405305215091100048D94400
:209BA00018606D00D0103C183B9001405305215091100048D9442C606D00C5103C0D3B90CF
:209BC00001405305215091100048D94408706D00BA103C023C0100903BA005408205911073
:209BE0000048D944C4AF6D00AE1082083C19910000F7D9FF1C0009FF00087E86911000480A
:209C0000D94410803C0591100048D94414808204530821F0370F70506D009510C218BF58C1
:209C2000E87F3B9001403B00015091100048D944D0AF6D008810910000F7D9FF2C60082F78
:209C40005E1B3B800C403B00015091100048D944CC9F6D007810910000F7D9FF2C60082F6F
:209C6000EE0B3B800C403B00015091100048D944D09F6D0068103B2003403B000250911032
:209C80000048D944E4AF6D005E103B4006403B00025091100048D944ECAF6D0054103B9066
:209CA00001403B00075091100048D944F4AF6D004A1000903BA00540820591100048D94424
:209CC0001C706D00401082083C19910000F7D9FF200009FF00087E8691100048D944108032
:209CE0003C0591100048D94414808204530821F0370F70506D002710C218BF48E87F3B90DA
:209D000001403B00015091100048D9442C706D001A103B9001403B00025091100048D9449E
:209D20003C706D0010103B9001403B00035091100048D94404806D000610910000F7D9FFE3
:209D40002C60083F5E1B3B800C403B00015091100048D944CC9F6D00F60F910000F7D9FFE1
:209D60002C60083FEE0B3B800C403B00015091100048D944D09F6D00E60F910000F7D9FF4D
:209D80002C60084FDE1382183C0E910000F7D9FF187001F800F614F49A48370F68506DFFE0
:209DA000ECFCC218DA093FF8F27F910000F7D9FF2C60083F5E1A910000F7D9FF240014F41F
:209DC0003B3001506DFFD9FC3B4006403B000250910000F7D9FF2C0014F682176D00520F3B
:209DE0003B6009403B000250910000F7D9FF280014F682176D00460F00903B40064082052D
:209E000091100048D944C49F6D009D0F82083C19910000F7D9FF180009FF00087E869110B4
:209E20000048D94410803C0591100048D94414808204530821F0370F70506D00840FC21880
:209E4000BF68E87F910000F7D9FF2C60081F5E1B3B800C403B00015091100048D944CC9FE4
:209E60006D00710F910000F7D9FF2C60081FEE0B3B800C403B00015091100048D944D09FE1
:209E80006D00610F3B9001403B00015091100048D944D49F6D00570F910000F7D9FF2C6015
:209EA000082F5E1B3B800C403B00025091100048D944CC9F6D00470F910000F7D9FF2C603E
:209EC000082FEE0B3B800C403B00025091100048D944D09F6D00370F3B9001403B000250FD
:209EE00091100048D944DC9F6D002D0F910000F7D9FF2C60085F5E1B3B800C403B000350D7
:209F000091100048D944E89F6D001D0F910000F7D9FF2C60085FEE0B3B800C403B0003503A
:209F200091100048D944D09F6D000D0F3B9001403B00035091100048D944EC9F6D00030F79
:209F4000910000F7D9FF2C60086F5E1B3B800C403B00045091100048D944CC9F6D00F30EB0
:209F6000910000F7D9FF2C60086FEE0B3B800C403B00045091100048D944D09F6D00E30E1C
:209F80003B9001403B00045091100048D944C0AF6D00D90E3B9001403B000550910000F739
:209FA000D9FF187014F682476D006C0E3B9001403B000650910000F7D9FF1870081682471B
:209FC0006D00600E3B9001403B000750910000F7D9FF1870082682476D00540E3B9001404E
:209FE0003B000850910000F7D9FF1870083682476D00480E3B9001403B000950910000F7F4
:20A00000D9FF3860084682476D003C0E3B9001403B000A50910000F7D9FF38600856824742
:20A020006D00300E3B9001403B000B50910000F7D9FF3860086682476D00240E3B900140F9
:20A040003B000C50910000F7D9FF3860087682476D00180E0090024F370FE81B8F1F1E00A1
:20A06000DAFF7E17024F7444B70F89FB6E123C0B8FF00150DA7F7FF10900DA00B70F81FF96
:20A08000A65F744F02420090DA963FF10A007444DA00B70F81FF8FF00120A6F20090B7041F
:20A0A000890B8F71012082F38B6109110F1300302630B700890BA652A60274426B0231F495
:20A0C000B70F812FA6520090024F8204370F68506D003B2502F23C0100906F770C006F05B9
:20A0E00005808FF707F16E06C215EF850400C21606F5B70589FB8F7601008F840120A60F98
:20A10000A6F2009091000047D9440070820491000057D95518703B0004506D00F103821408
:20A12000BB00205C9B150050824682276D00D51D821482156D009A210090821491000047C5
:20A14000D94424006D007F21DF028400910000F7D9FF240014F0DAFE7E0D910000F7D9FF01
:20A160002800DA0034FF910000F7D9FF1870DAFE2CF9910000F7D9FF240014F0DAFDFE0662
:20A1800091000047D944187082043B0004506DFFD2F7910000F7D9FF2C00DA0034FF9100CE
:20A1A00000F7D9FF2800DA0034FF910000F7D9FF280014FFDF1F3580910000F7D9FF2C00C1
:20A1C00014F0DA407FF01E80910000F7D9FF2C0014FF910000F7D9FF187010FF9100002706
:20A1E000D9222400142F34FF910000F7D9FF2C0091000027D9222C00142FC21F34FF3C10BC
:20A20000910000F7D9FF2C00DA0034FF91000047D944187082043B0004506DFF8CF7910093
:20A2200000F7D9FF240014F0DAFFFE03910000F7D9FF2800DA0134FF910000F7D9FF1870CF
:20A24000DAFF34FF910000F7D9FF2C00DA0134FF0090201049A6100AA00FF4AF89A4840983
:20A2600082FF780240A46DFF36F0D801DA0034FF0090404F044FEEFF01F420F080F2C2F2FD
:20A2800000903C08C2F4044F04506E023E0352020090DF04F9FF820200906D003A056D00F0
:20A2A00036006D003F006D00201282046D00410500904DC0E1FF16073C016E083C019100C9
:20A2C00000F7D9FF188014FF6EFB4DC0E1FF16073C01910000F7D9FF188010FFDA0134FF3F
:20A2E0008218DA003C0B910000F7D9FF188010FF14F0E20837086880C21FBF3FF6FF82141D
:20A300006D004F12DF08EE7F00906DFF8ED902246DFFE2D86DFF9DD902246DFF21D900906E
:20A32000910000F7D9FF1C806DFFDCCC68224DC0E1FF8F7F00413C01910000F7D9FF1C800E
:20A340006DFF00CC6812910000F7D9FF1C806DFF64CD74F2C5FF0001BCF182046DFF2CCDEF
:20A36000913000FF39FF3006160F4B0F41F14BF251F03C013C01910000F7D9FF1C806CF3AB
:20A380000090404F0258F64791000027D9223400142FEE023C1F91000027D9223000142F6C
:20A3A0006E033C013C0091000027D9223000DA00C21F342F6D00A1043C0C91100048D94452
:20A3C0003C90A00640F502846D004B006D0004003CF500902008DA0074AFDA007801DA0014
:20A3E00074AF3C0FDA0078013C045801C21F780158013BF0FF017FF0FAFF54AFC21F74AFB6
:20A4000054AF3BF0FF007FF0EFFF0090201849A4000A6D000702911000F8D9FF861AF80272
:20A4200049A4000A6D00C2018204BB00205C9B150050820682076D00501C91000047D94459
:20A4400000A0820491000057D95500903B0004506D005602820482156D0008200090D9AA17
:20A46000E86F404C405D0248406E820089A08C08DA00ACA7DA007804DA00ACAADA00ACAB41
:20A4800040D46DFFF8FE89A2100991000027D9222C80092FC0086E08910000F7D9FF2C8021
:20A4A000C84F2D0F0000910000F7D9FF380014F0DF007B01910000F7D9FF2C8009FFC00876
:20A4C000DF0F3F0109A096088CABC21FACAB910000F7D9FF2C80C83F82043700705040C404
:20A4E0002D0F000040D46DFFC6FE89A21009910000F7D9FF2C8009F0C208910000F7D9FF69
:20A500002C80086F4BF0010289A094083C0109DF0008B01DEEFDDA00ACA73C11B0FD09D030
:20A520000008DA2F3E0509D00008DA5C7E0509AFCE08C21FACA75804C2FF780409AFCE0844
:20A54000FF2F05805804FF0FEB7F58040EFCB01DF4AD49A4180A91100058D95520806DFF5E
:20A560007AFE3C1709AFCE08EE0BF4AD49A4180A91100058D9552C806DFF6DFE3C0AF4AD48
:20A5800049A4180A91100058D95520806DFF63FEDA00ACA63C4CDA00ACA73C2349A4180AC9
:20A5A0006DFF69FE09A0CC088CAA09A1CE0803F00AF17FF203803C1A09AFCE0810AF49FFC8
:20A5C000184A09A0CC088CAA09A1CE0803F00AF110A2092F180834FF09AFCE08C21FACA7F9
:20A5E00009A0CE088CAA3FF0DB7F09AFCE0810AF49FF184ADA0034FF910000F7D9FF2C800D
:20A6000008708CABE2F08CABC21FACAB910000F7D9FF2C80C83F82043700705049A4184A6B
:20A620002D0F000009AFCC08C21FACA609A9CC0849A4180A6DFF1FFE8CAA4BF211029A10D1
:20A640003FF9ABFF74A849A4180A91100058D9553C806DFF00FE910000F7D9FF2C80087F0D
:20A6600009A09608E2F08CABC21FACAB910000F7D9FF2C80C83F82043700705049A4180AB3
:20A680002D0F0000A00F7DEF5B00DA00ACA63C4CDA00ACA73C2240E46DFFEDFD09A0CC08D2
:20A6A0008CAA09A1CE0803F00AF17FF203803C1A09AFCE0810AF49FF184A09A0CC088CAA02
:20A6C00009A1CE0803F00AF110E2092F000834FF09AFCE08C21FACA709A0CE088CAA3FF001
:20A6E000DC7F09AFCE0810AF49FF184ADA0034FF910000F7D9FF2C80087F09A09608E2F04F
:20A700008CABC21FACAB910000F7D9FF2C80C83F82043700705049A4184A2D0F000009AFF7
:20A72000CC08C21FACA609A8CC0840E46DFFA3FD8CAA4BF211029A103FF8ACFF3C3549A4ED
:20A74000185A82043B0010506DFFF5F4910000F7D9FF2C80C82F40C42D0F0000A00F7DEFB3
:20A760001000F4AD89A8040989AE880949A4185A91100058D95508906DFF6DFD3C0CF4AD45
:20A7800089A8040949A4185A91100058D95524906DFF61FD910000F7D9FF2C80C82F49A487
:20A7A000185A2D0F00000090910000F7D9FF2C80094FC008B4FF910000F7D9FF2C80094F18
:20A7C000C208ACF1910000F7D9FF2C80094FC408ACF2910000F7D9FF2C800C462CF6910033
:20A7E00000F7D9FF2C800C472CF7910000F7D9FF2C8009428809E822910000F7D9FF2C806A
:20A8000009428C09E83291000027D9222C80CC44EC24910000F7D9FF3800DA0134FF009089
:20A82000DA00B44FBBF0FFFFAC41BBF0FFFFAC42DAFF2C46DAFF2C47A00FEC42A00FEC43BC
:20A84000A00FEC44009082046D008A210090404FA00201F2104491100048D9440CA03B50A6
:20A8600005506DFF90FD820814FF960134FFDA006CF2DA006CF3485F6CF4081F82003E06BE
:20A8800082103E0A8220BE003C17C814820448556DFF51F43C11C8148204485F532F205033
:20A8A0006DFF49F43C09C8148204485F534F20506DFF41F43C01DA0034FF02823C01009053
:20A8C0004C43424F6C433C064C4309401409A20F6C434C4509400C097FF0F8FF00904C429F
:20A8E000424F6C423C064C4209401409A20F6C424C45094008097FF0F8FF0090404F024FC3
:20A90000405C0258A00201F2104491100048D9440CA03B2022506DFF36FD8202E81C820030
:20A9200034F02CF1DA006CF2DA006CF3684868583C010090404F405C406D0249A00201F270
:20A94000104491100048D9440CA03B1016506DFF1AFDA00201D2104491100048D9440CA042
:20A960003B2016506DFF0FFD82088200A0027DC2058082381D00900014FF16036E0574D0E2
:20A9800082681D009F0040F46D009F0054D07F020B8074D28278F62714FFB70F81F134FFC6
:20A9A0001D00900014FF960834FF485F4830520A54D03F0A2B80081F82003E0682103E0CAA
:20A9C0008220BE063C21C812483F102554D440C46DFF7FF33C19C812483F532F20F0102597
:20A9E00054DF532F204040C46DFF73F33C0DC812483F534F20F0102554DF534F204040C4A2
:20AA00006DFF67F33C013C43081F82003E078210BE0482205F0F27003C3AC812483F10252F
:20AA200040C402A46DFF55F301CA0046C81554D4A2A46DFF4EF33C2BC812483F532F20F055
:20AA40001025532A204040C46DFF43F3532A20F010C4C81554DFA2AF532F20406DFF39F302
:20AA60003C16C812483F534F20F01025534A204040C46DFF2EF3534A20F010C4C81554DF1D
:20AA8000A2AF534F20406DFF24F33C0114FFB70F81F134FFDF09168014F0DA0B7E03822893
:20AAA0003C1014FF960234FF54D440F46DFF0AFF484F54D0420F6CF414FFB70F81F034FFB2
:20AAC00002823C010090404FA002012F104491100048D9440CA03B6007506DFF54FC485F69
:20AAE000484052023C010090404F405C0248A00201F2104491100048D9440CA03B000B5007
:20AB00006DFF41FC8209A0027DC2058082391D00B50014FF16056E0482491D00AF0014FFC4
:20AB2000960434FF484F3F8FA480485F4820520A7F8A69800810DA003E0882115F01200017
:20AB4000DA025F0F3E003C5DC812482F102440C502A46DFFBEF240F402A46DFFC2FEC812A8
:20AB6000482F102401CA00560BA880406DFFB1F20BA8804040F46DFFB4FE3C43C812482FF2
:20AB8000532F20F01024532A204040C56DFFA1F240F402A46DFFA5FEC812482F532F20F042
:20ABA0001024532A20F010C55AA8532F20406DFF90F20BA8804040F46DFF93FE3C22C81251
:20ABC000482F534F20F01024534A204040C56DFF80F240F402A46DFF84FEC812482F534F7D
:20ABE00020F01024534A20F010C55AA8534F20406DFF6FF20BA8804040F46DFF72FE3C01FE
:20AC00003C33081F82003E068210BE008220BE0D3C2BC812482F102440C502846DFF59F2ED
:20AC200040F402846DFF5DFE3C1FC812482F532F20F010245328204040C56DFF4AF240F465
:20AC400002846DFF4EFE3C10C812482F534F20F010245348204040C56DFF3BF240F40284E0
:20AC60006DFF3FFE3C01484FA28F6CF43C02825914FFB70F01F134FF02923C01009020101E
:20AC8000404C0248A00F01FC104491100048D9448CB03B0008506DFF76FBDA00A00F7DCF57
:20ACA00003803C29CE873BD0020034C0B01C32583C05F684DA3034CF3C1E3C113BA00000B6
:20ACC0004B0801020E123C02325110AF34F1C21F370F68F03BA000004B080182DF08F0FF53
:20ACE0003C0910AF09F07FF88B00030034C0B01CC2FFEEF800906D000C006D00980F6D0061
:20AD000060106D00840D82046D00130000904DC0E2FF370FE1F78B0F20F23C010D004003EA
:20AD200000003C013C018B0F00223C010090F6430D00000300906D00900B3B6001408215BC
:20AD40006D00750D911000F8D9FFB8B054FF370F50408215820682376D000F0F911000F806
:20AD6000D9FFB8B0481F370F50408215820682376D00030F911000F8D9FFB8B0482F370F69
:20AD800050408215820682376D00F70E911000F8D9FFB8B0483F370F5040821582068237CB
:20ADA0006D00EB0E911000F8D9FFB8B0484F370F50408215820682376D00DF0E911000F81C
:20ADC000D9FFB8B0485F370F50408215820682376D00D30E911000F8D9FFB8B0486F370FBA
:20ADE00050408215820682376D00C70E910000F7D9FF6C303B8038F1ACFF82146D00B20B5E
:20AE00003BA000406D00CD0C910000F7D9FF1CA009F4C0086D00090091100048D9441480E0
:20AE20006D0009000090910000F7D9FF1CA0B4F40090DA003C10104F09F00008F6023C0DF1
:20AE4000910000F7D9FF20A010FF10420920000834F0C21FBF3FF1FF0090910000F7D9FF5D
:20AE600018A014FF82204B0F0182910000F7D9FF18A014FF82204B0F0102DF01DF80DF0838
:20AE80001880911000F8D9FFB8B0486F370F50406D00E90DB0427B100000911000F8D9FF63
:20AEA000B8B0486F161F0FF0100074203C1E9AF8534F20F0911000F8D9FFB8B010FF54FFC2
:20AEC000370F50406D00CF0DB0427B1000009AF8534F20F0911000F8D9FFB8B010FF54FF57
:20AEE000161F0FF010007420FF78A48082023C33910000F7D9FF24A009F000088B001E001E
:20AF0000537020F0911000F8D9FF94C010FF01F800F614F082119A120FF110102610DF0023
:20AF20001100532220F0910000F7D9FF6C3010FF91000027D9221CA00920C008B4F03C0A26
:20AF4000532220F0910000F7D9FF6C3010FF8200B4F0C212BF52CEFF3C34910000F7D9FFB9
:20AF600024A009F001088B001EF0537F20F0911000F8D9FF94C010FF01F800F614F0821136
:20AF80009AB2C21F0FF110102610DF001100532220F0910000F7D9FF6C3010FF91000027F6
:20AFA000D9221CA0092FC008B4FF3C0A532220F0910000F7D9FF6C3010FFDA00B4FFC212F0
:20AFC000BFA2CDFF3C34910000F7D9FF24A009FF02088B0F1EF0537F20F0911000F8D9FFA3
:20AFE00094C010FF01F800F614FF82108B621F10C2110F101000260F6E10532220F0910073
:20B0000000F7D9FF6C3010FF91000027D9221CA0092FC008B4FF3C0A532220F0910000F741
:20B02000D9FF6C3010FFDA00B4FFC212BFF2CDFF82146D00970A3C1B534820F0911000F870
:20B04000D9FFB8B010FF54FF370F50406D000B0DB0428210534820F0911000F8D9FFB8B0EB
:20B0600010FF54FF161F0FF010007420910000F7D9FF18A091000027D92218A0142FC21FEF
:20B0800034FF910000F7D9FF18A014F0DA0E3FF01300910000F7D9FF18A0DA0034FF910081
:20B0A0000047D94424A091000057D95520A082346DFF0FF000902010DA0089AF06099100FF
:20B0C00000F7D9FF081014FFDF0FB8003C0A91000047D94428A049A50A0A82146DFF06FDC6
:20B0E000823449A40A0A6D00AE19DF02F2FF0CAA3BA000005F0FA280DA0689AF06099100BA
:20B100000047D94428A049A5000A49A6060A82146DFF12FC49A4030A91100058D955F420C7
:20B1200082346DFFB0F8DF022480910000F7D9FF041014FF9E2C910000F7D9FF0410DA0120
:20B1400034FF91000047D94428A06DFFBEFC89A2060991000047D94428A091000057D955CC
:20B1600000D049A6060A82046DFFE6FB3C5A49A4030A91100058D955F82082346DFF83F8C1
:20B18000DF022480910000F7D9FF001014FF9E2C910000F7D9FF0010DA0134FF9100004787
:20B1A000D94428A06DFF91FC89A2060991000047D94428A091000057D95500B049A6060AF5
:20B1C00082046DFFB9FB3C2D49A4030A91100058D955FC2082346DFF56F8DF02238091009E
:20B1E00000F7D9FF0C1014FF9E2C910000F7D9FF0C10DA0134FF91000047D94428A06DFFD4
:20B2000064FC89A2060991000047D94428A091000057D95500F049A6060A82046DFF8CFB59
:20B2200091000047D94428A06DFF13FB910000F7D9FF3C00DA0134FF0090910000F7D9FF3D
:20B24000281009FFC008532F20406DFFBFEE402C910000F7D9FF1C1014FFEE13DA006E098E
:20B260003B201E406D00FF0BB042DA04742F3C093B201E406D00F70BB0427B4000F0742F7E
:20B2800082048205910000F7D9FF281009FFC008C2FF370F7060910000F7D9FF201009FFCA
:20B2A000C008C2FF370F70706D006B0382003C0E532020F010CF91000027D9221010092FCB
:20B2C000C008B4FFC21037007000910000F7D9FF281009FFC0083FF0EDFFDA003C0D910043
:20B2E00000F7D9FF281009F4C00840C46D001506C21F370F70F0910000F7D9FF201009F0E6
:20B30000C0083F0FEEFF910000F7D9FF1C1014FFEE13DA016E093B201E406D00A40BB04271
:20B32000DA04742F3C093B201E406D009C0BB0427B4000F0742F40C46DFF3DEC00902018D9
:20B3400049A4000A6DFF6EFADA01B4AF910000F7D9FF281009FFC008ACA1910000F7D9FFCF
:20B36000201009FFC008ACA2910000F7D9FF181014FF82003E0682103E0982203E0C3C0C11
:20B38000DA062CA6DA082CA73C07DA082CA6DA102CA73C023C01911000F8D9FFC25BF8038E
:20B3A000911000F8D9FF3A8BF80449A4000A6DFFFDF900902010DF045580910000F7D9FF2A
:20B3C0001C10DA0034FF910000F7D9FF34103B101EF0B4FF910000F7D9FF2C103B401EF05F
:20B3E000B4FF910000F7D9FF30103B201EF0B4FFDAD3B4AFDAD9ACA23BB01AF0ACA48224E2
:20B400008205BB0070689B3639603BE00C706D00130D3B001E408215820682376D00AD0BEE
:20B42000910000F7D9FF341094F48215820682376D00A30B910000F7D9FF301094F482152E
:20B44000821682376D00990B910000F7D9FF2C1094F48215821682376D008F0B1D008500D5
:20B46000910000F7D9FF1C10DA0134FF910000F7D9FF34103B001EF0B4FF910000F7D9FF32
:20B480002C103B401EF0B4FF910000F7D9FF30103B201EF0B4FF3B001E4082158206823707
:20B4A0006D006B0B910000F7D9FF2C1094F48215820682376D00610B910000F7D9FF301034
:20B4C00094F48215821682376D00570B3B301E408215820682376D00500B3B501E40821544
:20B4E000820682376D00490B3B101E408215821682376D00420B3B901640821582168237F6
:20B500006D003B0B3BA016408215821682376D00340B3BB016408215821682376D002D0BE5
:20B520003BC016408215821682376D00260B3B001A408215821682376D001F0B3B101A407B
:20B540008215821682376D00180B3B201A408215821682376D00110B3B301A408215821659
:20B5600082376D000A0B910000F7D9FF141014F46D00DC01910000F7D9FF241009F4C00861
:20B58000910000F7D9FF101009F5C0086D00C301DA016E14910000F7D9FF2C1094F46D0046
:20B5A000620AB0428210910000F7D9FF2C1094FF161F0FF0100074203C14910000F7D9FFE4
:20B5C0002C1094F46D004F0AB0427B100000910000F7D9FF2C1094FF161F0FF0100074205D
:20B5E000DA006E14910000F7D9FF341094F46D003A0AB0428210910000F7D9FF341094FF57
:20B60000161F0FF0100074203C14910000F7D9FF341094F46D00270AB0427B10000091002A
:20B6200000F7D9FF341094FF161F0FF01000742082546D00B608DA016E14910000F7D9FFCE
:20B64000341094F46D000F0AB0428210910000F7D9FF341094FF161F0FF0100074203C14B5
:20B66000910000F7D9FF341094F46D00FC09B0427B100000910000F7D9FF341094FF161F43
:20B680000FF0100074203B8007406D008A08910000F7D9FF1C1014FFEE13DA006E093B20BA
:20B6A0001E406D00E009B042DA04742F3C093B201E406D00D809B0427B4000F0742F3B108C
:20B6C00001406D0032053B8007406D006A083B6003406D002A05910000F7D9FF141014FF93
:20B6E00082003E0882103E0A82203E0D8230BE003C1482046D00AF043C103B000C406D0015
:20B70000AA043C0B3B0007406D00A5043C063B000A406D00A0043C013BA003406D000505F2
:20B7200082546D0098043B200B406D00FE043BC000406D0090043BC000406D008C0482041B
:20B740006D0089043B3003406D0085043B3003406D0081043B700B406D00E7043B5003408F
:20B760006D0079043BB00B406D00DF043B9002406D0071043B200C406D00D70482146D0078
:20B780006A043B300C406D00D0043B9001406D0062043B400C406D00C8043B0002406D007A
:20B7A0005A043B500C406D00C0043BA001406D0052043B600C406D00B8043BF001406D005B
:20B7C0004A043B000D406D00B0043B400A406D0042043B100A406D003E043B000E406D00C0
:20B7E000A4043B000D406D0036043B8000406D0032043BE000406D002E043B9000406D0062
:20B800002A043B9000406D00260482546D0023043B1003406D001F043B3003406D001B0496
:20B820003B8004406D0017043B7001406D0013043B4001406D000F043B5001406D000B048D
:20B840003B1003406D0007043B4003406D0003043B100E406D0069043B000D406D00FB034A
:20B860003B8000406D00F7033BE000406D00F3033B9000406D00EF033B9000406D00EB03D8
:20B880003B5001406D00E7033B1003406D00E3033B3003406D00DF033B8004406D00DB035D
:20B8A0003B7001406D00D7033B4001406D00D3033B5001406D00CF033B1003406D00CB0382
:20B8C0003B4003406D00C7033B1002406D002D043B9002406D002904910000F7D9FF1C1015
:20B8E00014FFEE13DA016E093B201E406D00BB08B042DA04742F3C093B201E406D00B30860
:20B90000B0427B4000F0742F6DFF99FC6DFF19FD0090910000F7D9FF2410B4F4910000F710
:20B92000D9FF1010B4F50090910000F7D9FF141034F4DA003E48DA013E46DA02BE42DA03B2
:20B94000BE403C1D910000F7D9FF2810DAF0B4FF910000F7D9FF20103B0014F0B4FF3C0FAE
:20B96000910000F7D9FF28103B0014F0B4FF910000F7D9FF2010DAF0B4FF3C010090024F12
:20B980000B561088027A910000F7D9FF281009F0C0080B0F304191100048D944C0303BA07D
:20B9A00014506DFFF0F4910000F7D9FF201009F0C0080B08304191100048D944C0303BB01D
:20B9C00014506DFFE0F4910000F7D9FF281009F0C0080B09304191100048D944C0303BC0F4
:20B9E00014506DFFD0F4910000F7D9FF201009F0C0080B0A304191100048D944C0303BD0DB
:20BA000014506DFFC0F43BA002406D008E0302F46D00EF0102946D00EC013BB002406D00AA
:20BA2000840302846D00E50102A46D00E2013BC002406D007A03009049AA00CA0B45108854
:20BA4000026A910000F7D9FF281009F0C0080B08304191100048D944C0303BE025506DFFAB
:20BA600092F4910000F7D9FF201009F0C0080B09304191100048D944C0303BF025506DFF68
:20BA800082F4910000F7D9FF1C1014FFEE13DA006E093B201E406D00E607B04282407420E4
:20BAA0003C093B201E406D00DE07B0427B4000F0742F910000F7D9FF181014F0DA003E0949
:20BAC000DA015F0F4C00DA025F0FC2001D00C1009A58370F70609A79370F70700B891048BA
:20BAE0006DFF4FFF82003C318B0A1EF0536F20F0911000F8D9FF34A010FF01F000F614F1E8
:20BB000082023C206F011000DA0603F20AF0532F20F010AF91000027D9222410092FC008BE
:20BB2000B4FF3C0EDA0603F20AF0532F20F010AF91000027D9221010092FC008B4FF86F1EB
:20BB4000C212BF82E1FFC210BF60D0FF49A4000A3B0003406D00E1013C7B9A78370F70608D
:20BB60008BF900F0370F70700B8910486DFF09FF82033C648B0A1E00530021F0911000F8F6
:20BB8000D9FF5C3010FF01F300F614F08B0A1E10530121F0911000F8D9FF5C3010FF01F31C
:20BBA00000F6088482013C206F001000DA0803F10A23532220F010AF91000027D922241077
:20BBC0000922C008B4F23C0EDA0803F10A23532220F010AF91000027D92210100922C00875
:20BBE000B4F286F0C211BF81E1FF82003C246F041200DA0803F00A138B0104F0532F20F0CB
:20BC000010AF91000027D9222410092FC008B4FF3C10DA0803F00AF38B0F04F0532F20F08D
:20BC200010AF91000027D9221010092FC008B4FF86F4C210BF80DDFFC213BF839DFF49A4B8
:20BC4000000A3B0008406D0068013C023C01910000F7D9FF1C1014FFEE13DA016E093B20B9
:20BC60001E406D000007B042DA04742F3C093B201E406D00F806B0427B4000F0742F009046
:20BC800020100B4510A80269027C910000F7D9FF281009F0C0080B0A304191100048D9449E
:20BCA000C0303B902D506DFF6EF3910000F7D9FF201009F0C0080B0B304191100048D944A1
:20BCC000C0303BA02D506DFF5EF382000BC0304191100048D944C0303BB02D506DFF53F391
:20BCE000DA0A0BCF504191100048D944C0303BC02D506DFF48F3DA0149A4000A82043BC08D
:20BD000000506DFF18EA49A4000A3B0002408B1C00506DFF10EAFFAC0A803C0453AF20F00D
:20BD2000C2FCFF1CFDFF4BF9018249A4000A02946DFFA7F749A4000A0BAB10486D0003005B
:20BD400000900B451088404C910000F7D9FF281009FFC0080BF8304191100048D944C0300D
:20BD60003BB02B506DFF0FF3910000F7D9FF201009FFC0080BF9304191100048D944C03024
:20BD80003BC02B506DFFFFF2820A3C2C910000F7D9FF181014F0DA003E07DA01BE028221F3
:20BDA0005F011D003C1C8260030A0AF8370F704001CA00F609F6000802956DFF3FFE3C0F74
:20BDC000DA0803FA0AF8370F704001CA00F609F6000802956DFF32FE3C023C01C21A370AF9
:20BDE00070A001CA00F609FF0008EED100900248910000F7D9FF1C1014FFEE078224028508
:20BE00006D00600E1D008800DA006E093B201E406D002906B042824074203C093B201E40B6
:20BE20006D002106B0427B4000007420DA016E093B301E406D001706B042DA08742F3C09CC
:20BE40003B301E406D000F06B0427B8000007420DA006E093B501E406D000506B042DA2078
:20BE6000742F3C093B501E406D00FD05B0427B0002F0742F8F883F406D000A02DA016E091F
:20BE80003B501E406D00EF05B042DA20742F3C093B501E406D00E705B0427B0002F0742F40
:20BEA000DA006E093B501E406D00DD05B042DA20742F3C093B501E406D00D505B0427B0088
:20BEC00002F0742F8FF80F416D00E201DA016E093B501E406D00C705B042DA20742F3C095E
:20BEE0003B501E406D00BF05B0427B0002F0742FDA016E093B201E406D00B505B042DA0424
:20BF0000742F3C093B201E406D00AD05B0427B4000F0742F0090404F024891000027D92205
:20BF20001C10142FEE08822440F402856D00030E1D009000DA006E093B201E406D00930501
:20BF4000B042DA04742F3C093B201E406D008B05B0427B4000F0742FDA016E093B301E4018
:20BF60006D008105B042DA08742F3C093B301E406D007905B0427B8000F0742F3C55DA0073
:20BF80006E093B501E406D006E05B042DA20742F3C093B501E406D006605B0427B0002F06D
:20BFA000742F09F4C00886846D007201DA016E093B501E406D005705B042DA20742F3C0957
:20BFC0003B501E406D004F05B0427B0002F0742FDA006E093B501E406D004505B042DA20D8
:20BFE000742F3C093B501E406D003D05B0427B0002F0742F09FFC0088FFF0F416D0048015B
:20C00000DA016E093B501E406D002D05B042DA20742F3C093B501E406D002505B0427B0085
:20C0200002F0742FB02F028FC2F8EEAADA016E093B201E406D001705B042DA04742F3C095D
:20C040003B201E406D000F05B0427B4000F0742F00900248910000F7D9FF1C1014FFEE06F9
:20C06000822402856D00AF0D3C5EDA006E093B201E406D00F804B042DA04742F3C093B204A
:20C080001E406D00F004B0427B4000F0742FDA016E093B301E406D00E604B042DA08742FB8
:20C0A0003C093B301E406D00DE04B0427B8000F0742FDA006E093B501E406D00D404B04232
:20C0C000DA20742F3C093B501E406D00CC04B0427B0002F0742F02846D00DA00DA016E0937
:20C0E0003B501E406D00BF04B042DA20742F3C093B501E406D00B704B0427B0002F0742F40
:20C10000DA016E093B201E406D00AD04B042DA04742F3C093B201E406D00A504B0427B40C2
:20C1200000F0742F00900248910000F7D9FF1C1014FFEE2BDA006E093B001E406D009304EC
:20C14000B042DA01742F3C093B001E406D008B04B0427B1000F0742F822402856D00330DAB
:20C16000DA016E093B001E406D007D04B042DA01742F3C093B001E406D007504B0427B1035
:20C1800000F0742F1D008300DA006E093B201E406D006904B042DA04742F3C093B201E4017
:20C1A0006D006104B0427B4000F0742FDA006E093B101E406D005704B042DA02742F3C09F5
:20C1C0003B101E406D004F04B0427B2000F0742FDA016E093B301E406D004504B042DA0831
:20C1E000742F3C093B301E406D003D04B0427B8000F0742FDA006E093B501E406D00330482
:20C20000B042DA20742F3C093B501E406D002B04B0427B0002F0742F02846D003900DA01BC
:20C220006E093B501E406D001E04B042DA20742F3C093B501E406D001604B0427B0002F06C
:20C24000742FDA016E093B201E406D000C04B042DA04742F3C093B201E406D000404B042DB
:20C260007B4000F0742FDA016E093B101E406D00FA03B042DA02742F3C093B101E406D003F
:20C28000F203B0427B2000F0742F0090911000F8D9FF38AFC8828F9420F0911000F8D9FFB3
:20C2A00038AFC88F54F0B7008404A60F742F911000F8D9FF38AFC8C286C4911000F8D9FFC8
:20C2C00038AFC8CF54FFB70F04F0A6F474240090910000F7D9FF501001F400F6DA0034FF59
:20C2E0000090910000F7D9FF501001F400F614F23C0100900248DA000B8F30419110004818
:20C30000D944EC303BD008506DFF3DF082093C17532920F0911000F8D9FFD44010FF94F462
:20C320008205821682176D002804910000F7D9FF501001F900F6DA0034FFC219BF49EAFF23
:20C34000910000F7D9FF381074F8009082083C74532820F0911000F8D9FFD44010FF94F458
:20C360006D00FB03DF122F00534820F0910000F7D9FF401010FF534820F091000027D9226A
:20C38000401010225420C21074F03B803E00910000F7D9FF381054FF4BF01102534820F084
:20C3A000910000F7D9FF401010FF54FF3F0F0A80910000F7D9FF501001F800F6DA0234FFD5
:20C3C0003C3A910000F7D9FF501001F800F614FFDF2F2100534820F0910000F7D9FF40109B
:20C3E00010FF54FFBFAF1780534820F0910000F7D9FF401010FF54FF3B803E007F0F0B8007
:20C40000910000F7D9FF501001F800F6DA0134FF3C09910000F7D9FF501001F800F6DA0091
:20C4200034FF534820F0910000F7D9FF401010FFDA0074FFC218BF488DFF0090910000473D
:20C44000D9444C406DFF05F2009002453B4040406D00D603009091000047D9444C40820421
:20C4600091000057D95554103B4006506DFF48F23B4040408215820682376D007E03821474
:20C480003B90D05306753BB0006082776D00250C821482156D00EA0F910000F7D9FF6440BA
:20C4A000DA0134FF91000047D94478206DFF6ACE91000047D9443C1091000057D95578204E
:20C4C00082143B4006506DFF5CCC91000047D944782082146DFF01CE3B4006406D00820152
:20C4E00000902038404F02488209DA0089AF3209DA003B20030089A0320991000047D94412
:20C500004C4049A5000A49A6320A82046DFF14F209A032097F08078009AF3209A28F370F18
:20C5200068F06E0E3C0810A2142034F0B01FC21F370F68F009A032093F0FF7FF8219029234
:20C540003C010090404F024F91000047D9444C406DFF7FF1821440F402F56D00EC12009015
:20C5600091000047D9446C3091000057D95578206DFF1ACE370270F06E013B6004406D00D4
:20C58000310191000047D94478206DFF7CCD009000900D00000282046DFFCBF3C5F400018E
:20C5A00082046DFFB7C8910000F7D9FF1830DA0034FF0D00400200800D00000282046DFF85
:20C5C000B8F3C5F4004182046DFFA4C8910000F7D9FF1C30DA0034FF0D00400200800D00C3
:20C5E000000282046DFFA5F3C5F4008182046DFF91C8910000F7D9FF2030DA0034FF0D0060
:20C600004002008002484DC0E1FF16073C01370F48404DC0E20F3700E1078B0020F23C0102
:20C620003C01EE0D6DFF94C8092010093C013C014C243C01A20F3F8FFDFF3C5582FF5F4F56
:20C640005200DA003E47DA01BE4DDA025F4F33003C4A910000F7D9FF1830DA0134FF6DFFDE
:20C6600058F385FF100142F8A5F8300102246DFF60F33C01910000F7D9FF183014FFEEFB0C
:20C680003C32910000F7D9FF1C30DA0134FF6DFF40F385FF1041428FA5FF304102246DFF86
:20C6A00048F33C01910000F7D9FF1C3014FFEEFB3C1A910000F7D9FF2030DA0134FF6DFFDA
:20C6C00028F385FF1081428FA5FF308102246DFF30F33C01910000F7D9FF203014FFEEFB66
:20C6E0003C023C01009020104DC0E2FF370FE1F78B0F20823C010D00400300003C013C01B0
:20C70000820034A0DA002CA2DA1F2CA3DA002CA1DA017801DADCACA4DA002CAAC5F40001E8
:20C7200049A5000A6DFF3FC8C5F4000182046DFFF1C7DA0034AFDA002CA2DA1F2CA3DA0023
:20C740002CA1DA017801DADDACA4DA022CAAC5F4004149A5000A6DFF26C8C5F40041820433
:20C760006DFFD8C7DA0034AFDA002CA2DA1F2CA3DA002CA1DA017801DADEACA4DA032CAACB
:20C78000C5F4008149A5000A6DFF0DC8C5F4008182046DFFBFC776830D0000030090024F8A
:20C7A000BB00C4097FF017803C0A3B0080429BB4E64E6DFF29FFBB00C409A20FBB00C409D0
:20C7C0003FF0F5FF3B50C3400654E2F46DFF1CFF3C073B50C3400654E2F46DFF15FF0090E0
:20C7E00002484DC0E1FF16073C01370F48406DFFAFC753482600092110093C013C014C240A
:20C800003C01A21F3F0FFDFF0090DA003C0C534F2000600F9140003F30F3D93F8028820078
:20C8200074F0C21FBF4FF57F009020080B4510A84DC0E20F3700E1078B0020E23C010D007D
:20C84000400300003C013C0102A46D008700402F3B000150C82408C46DFF60A9084409F50F
:20C8600050086DFF23C4084F74AFDA034BFA01C2DA034BFA0182DA003EB6DA013EBBDA028B
:20C88000BEB03C1654A46DFFB1C054A46DFFE6C23C1854A46DFFC8C154A46DFF36C13C110E
:20C8A00054A46DFFC1C154A46DFFD8C23C0A820491100048D944DC403B500A506DFF63ED05
:20C8C00054A46DFF58C354A402C56DFF00C08216028454A56DFF79C402846DFF32C28215B1
:20C8E00002846DFF13C5DA044BF80102534120F060FF9140003F30F3D93F8028DA034BFA32
:20C900000102DA044BF00102DA003E18DA013E19DA023E1ADA033E1B3C0D8200DA3C3C0A05
:20C920008200DA3D3C078210DA053C048200DA3E3C0114F137F108F034FF081F370F83F15A
:20C940002CF1083F96022CF3081F96042CF102EF6E030D0000030090DA015F4F2D00DA0448
:20C960005F4F2F00DA065F4F3100DA075F4F3300DA085F4F3500DA095F4F3700DA0A5F4F3A
:20C980003900DA0B5F4F3B00DA0C5F4F3D00DA0D5F4F3F00DA0F5F4F4100DA125F4F430036
:20C9A000DA135F4F4500DA155F4F4700DA165F4F49003C4C91100028D922BC9F3C519110F7
:20C9C0000028D92290AF3C4C91100028D9228CBF3C4791100028D922B8AF3C429110002869
:20C9E000D922A4AF3C3D91100028D92288CF3C3891100028D922A0BF3C3391100028D9228B
:20CA0000B4BF3C2E91100028D922B0CF3C2991100028D9229CCF3C2491100028D92284DFDB
:20CA20003C1F91100028D922ACDF3C1A91100028D92298DF3C1591100028D92294EF3C10D7
:20CA400091100028D92280EF3C0B820491100048D944DC403B5004506DFF95ECA0023C0109
:20CA60000090BB00FEFF26F4DA005F4F3200DA405F4F34003B0014F05F4F35003B0016F03B
:20CA80005F4F36003B001AF05F4F37003B001CF05F4F38003B001EF05F4F39003B0028F0D8
:20CAA0005F4F3A003B002AF05F4F3B003B002CF05F4F3C003B002EF05F4F3D003B0040F060
:20CAC0005F4F3E003B0042F05F4F3F003C429140002FD922000A3C3E9140002FD922008A8E
:20CAE0003C399140002FD922808A3C349140002FD92280CA3C2F9140002FD922C04A3C2A31
:20CB00009140002FD922C08A3C259140002FD922C0CA3C209140002FD922400B3C1B914020
:20CB2000002FD922404B3C169140002FD922408B3C119140002FD92240CB3C0C9140002F8D
:20CB4000D922000C3C079140002FD922004C3C023C013C010090024F02F46DFF84FF161F91
:20CB600009202409570061FF6E0382123C0282023C013C0100900B451088026AF69DDA0016
:20CB80003E74DA023E743C05DA003C05DA083C03DA103C013C08DA043E723C03DAC03C03C7
:20CBA000DA803C0102846DFF5EFF8FF80141402402F56DFFB3A702846DFF55FF8FF8014196
:20CBC000820540246DFFDCA7DF19198076AC02846DFF49FF8FF801F182100FF010008920CB
:20CBE00004093C0C02846DFF3EFF8FF801F17B1000000FF01000892004090090024F765B36
:20CC000002F46DFF30FF161F82100FF01000892004093C0B02F46DFF26FF161F7B10000069
:20CC20000FF01000892004090090911000F8D9FF200FD4F46DFF1CA0911000F8D9FF200F6F
:20CC4000C8246DFF15A0009020880249025A4DC0E2FF370FE1F78B0F20B23C010D004003E3
:20CC600000003C013C01DA024BF901426DFF2BA0402F49A4240A40F56DFF51A36DFFCDB890
:20CC800002246DFFA5D50B2310C882083C1C820702A60BCD10486DFFC5990B231048BB0034
:20CCA00024649BF6006082076DFFAC9ABBF0FFFF7FF203803C0B8FFD1F1077CD800F0B0142
:20CCC00010C8C218DA103FF8E4FFDA103FF80280DA003E98DA013E9DDA02BE92DA03BE9737
:20CCE0003C1DDA0089AF2418DA3289AFA2183C16DA0089AF2A18DA3389AFA8183C0FDA00BF
:20CD000089AF2418DA3489AFA2183C08DA0089AF2A18DA3589AFA8183C01DA024BF90102A0
:20CD2000DF011780DA0089AF0018DA0789AF2018DA0189AF211889A228090BCD10486DFFBD
:20CD400075D589A22409DA0089AF0C183C15DA0189AF0018DA0989AF2618DA0289AF2718D3
:20CD600089A230090BCD10486DFF60D589A22C09DA0089AF1418DA0089AF9A18DA0089AF0A
:20CD80009C18DA0089AF012849A4000A49A5240A6DFF00A102BF6E030D0000034D00D0FF26
:20CDA00016015E19DA0182103700010E37F0040C89F0283949A4000A6DFFCBA20090203869
:20CDC0009100014F6DFF2EA4910001FF19FF00C0AE1F9100014F8204BB0068599B85B954EE
:20CDE0006DFF14A69100014F82246DFFF3A549A4000A9100015F6DFFABA582083C19820974
:20CE00003C13370868F02CA4370948F02CA549A4240A49A5000A6DFFFAA449A4240A821445
:20CE20006DFFC4A5C219DA083FF9ED7FC218BF48E87F009049AA10BA0B4510880B6710A815
:20CE400009ACB04809ADB44809AEB848DA644BFB01020B08004191100048D944C4503BC0CC
:20CE60003E506DFF90EADA644BFC01020B08004191100048D944C4503BD03E506DFF83EAD6
:20CE8000DA644BFD01020B08004191100048D944C4503BE03E506DFF76EA3BB01AF03EEE05
:20CEA000DA644BFE01020B08004191100048D944C4503B103F506DFF66EA910000F7D9FF84
:20CEC0007C40B4FE370848406DFFD6A8402CB4AE49A4203A49A5383A0B8B10480BCD106880
:20CEE0006D00950149A4040A40C56DFF1BADDA002CA4BB00C2FB9BEFC3F47805DA002CAC69
:20CF000049AF203AF80949A4300A49A5040A6DFFE0AA49A4004A49A5300A6DFFBCAA4B0A1F
:20CF200061F17841DA003E99DA01BE93DA02BE9EDA035F9F27003C3109AF4848B70F81F1E2
:20CF400089AF084809AF4848961089AF08483C2509AF4848B70F81F189AF084809AF484822
:20CF6000B70F01F289AF08483C1809AF4848960889AF084809AF4848961089AF08483C0DEF
:20CF800009AF4848960889AF084809AF4848B70F01F289AF08483C0109AF4848962089AF27
:20CFA000084809A0C848DA0837F006F389AF884809AF4948B70F01F289AF094809A2F839F7
:20CFC00089A2DC493BB01AF07EE609AF4848960489AF084849A43C1A49A5004A6DFF57A957
:20CFE0003BB01AF05FEF3280D840D4FFC8AF09FF5108B70F01F389FF110882048205820689
:20D0000040C46DFF82A8910000F7D9FF7C403BB01AF0B4FFDA003E8ADA013E8BDA023E8CC6
:20D02000DA033E8DDA043E8E3C103B2001E03C0D3B8007E03C0A3BE00DE03C073B4014E02B
:20D040003C043BA01AE03C01DA0509C0560837F003F289CF1608534820F0910000F7D9FFDB
:20D06000684010FF4CC674FF534820F0910000F7D9FF684010FF534820F091000027D92254
:20D0800068401022092FC208B77F85F3ACF1534820F0910000F7D9FF684010FF534820F0FC
:20D0A00091000027D92268401022142FB71F03F234FF534820F0910000F7D9FF684010FFE0
:20D0C000534820F091000027D92268401022142FB71F83F034FF534820F0910000F7D9FF4E
:20D0E000684010F2534820F0910000F7D9FF684010FF081FB71F03F12C21534820F091004A
:20D1000000F7D9FF684010FF534820F091000027D92268401022092FC008B71F83F3B4FF52
:20D12000534820F0910000F7D9FF684010F2534820F0910000F7D9FF684010FF082F96208B
:20D140002C22534820F0910000F7D9FF684010F2534820F0910000F7D9FF684010FF082FD3
:20D16000B70F81F12C22534820F0910000F7D9FF684010F2534820F0910000F7D9FF6840C1
:20D1800010FF082FB70F01F32C22534820F0910000F7D9FF684010F2534820F0910000F759
:20D1A000D9FF684010FF082FB71F03F02C22534820F0910000F7D9FF684010F2534820F032
:20D1C000910000F7D9FF684010FF081FB71F83F22C21534820F0910000F7D9FF684010F2C4
:20D1E000534820F0910000F7D9FF684010FF0830DA664BFE0122DA064BF301229AD2370F96
:20D2000068F037F004F22C2300900B67108894AF404F405C3B80000089F014083B000800AF
:20D2200028C03B0008002840820089F01508820089C005083B00080089C0040882005F40B2
:20D24000100082105F40C50082205F40970182305F40930282405F4065031D003204F657A0
:20D2600091100028D92230DFF4F23C12DF15088091100028D92200EFF4F23C0A8204911025
:20D280000048D944C4503B3004506DFF7CE8DF68088091100028D92210DFE8223C12DF7855
:20D2A000088091100028D92220DFE8223C0A820491100048D944C4503B7004506DFF63E87D
:20D2C0003BC000005F09088091100028D92200DFE8423C0A820491100048D944C4503BA0D5
:20D2E00004506DFF50E83B2001007E07911000F8D9FF10EFF4CF3C6A3B8001007E0791109A
:20D3000000F8D9FF38EFF4CF3C613BE001007E07911000F8D9FF0CFFF4CF3C583B400200C5
:20D320007E07911000F8D9FF20FFF4CF3C4F3BA002007E07911000F8D9FF34FFF4CF3C463F
:20D340003B0003007E07911000F8D9FF480FF4CF3C3D3B6003007E07911000F8D9FF5C0F07
:20D36000F4CF3C343BC003007E07911000F8D9FF700FF4CF3C2B3B2004007E07911000F860
:20D38000D9FF441FF4CF3C223B8004007E07911000F8D9FF581FF4CF3C193B0006007E0727
:20D3A000911000F8D9FF24EFF4CF3C103BB01A007E04A00FF4CF3C0A820491100048D9440F
:20D3C000C4503B8005506DFFDEE71D007A033B6006005F05088091100028D9227C2FF4F27C
:20D3E0003C143B7006005F05088091100028D9224C3FF4F23C0A820491100048D944C45025
:20D400003B0006506DFFBFE73BC006005F08088091100028D9224C2FE8223C1E3BD00600C5
:20D420005F08088091100028D9225C2FE8223C143BE006005F08088091100028D9226C2FE5
:20D44000E8223C0A820491100048D944C4503B5006506DFF98E73B2007005F09088091101D
:20D460000028D9226C1FE8423C143B3007005F09088091100028D9227C1FE8423C0A8204CD
:20D4800091100048D944C4503B9006506DFF7BE73B8007007E07911000F8D9FF5C3FF4CF6D
:20D4A0003C6A3BE007007E07911000F8D9FF444FF4CF3C613B4008007E07911000F8D9FF42
:20D4C000584FF4CF3C583BA008007E07911000F8D9FF6C4FF4CF3C4F3B0009007E07911002
:20D4E00000F8D9FF405FF4CF3C463B6009007E07911000F8D9FF545FF4CF3C3D3BC00900EB
:20D500007E07911000F8D9FF685FF4CF3C343B200A007E07911000F8D9FF7C5FF4CF3C2BBB
:20D520003B800A007E07911000F8D9FF506FF4CF3C223BE00A007E07911000F8D9FF646F62
:20D54000F4CF3C193B400B007E07911000F8D9FF703FF4CF3C103BB01A007E04A00FF4CF80
:20D560003C0A820491100048D944C4503B7007506DFF09E71D00A5023BC00C005F050880B0
:20D5800091100028D922788FF4F23C323BD00C005F05088091100028D922489FF4F23C2874
:20D5A0003BE00C005F05088091100028D922589FF4F23C1E3BF00C005F0508809110002871
:20D5C000D922689FF4F23C143B000D005F05088091100028D922789FF4F23C0A82049110B1
:20D5E0000048D944C4503B1008506DFFCCE63B200D005F08088091100028D922488FE822F5
:20D600003C1E3B300D005F08088091100028D922588FE8223C143B400D005F08088091102C
:20D620000028D922688FE8223C0A820491100048D944C4503B6008506DFFA5E63B800D002E
:20D640005F09088091100028D922787FE8423C323B900D005F09088091100028D922786F14
:20D66000E8423C283BA00D005F09088091100028D922487FE8423C1E3BB00D005F0908804D
:20D6800091100028D922587FE8423C143BC00D005F09088091100028D922687FE8423C0A62
:20D6A000820491100048D944C4503BD008506DFF6AE63BE00D007E07911000F8D9FF48AF96
:20D6C000F4CF3C583B400E007E07911000F8D9FF5CAFF4CF3C4F3BA00E007E07911000F814
:20D6E000D9FF70AFF4CF3C463B000F007E07911000F8D9FF44BFF4CF3C3D3BC00F007E07E0
:20D70000911000F8D9FF58BFF4CF3C343B2010007E07911000F8D9FF6CBFF4CF3C2B3B80DD
:20D7200010007E07911000F8D9FF40CFF4CF3C223BE010007E07911000F8D9FF54CFF4CFAC
:20D740003C193B4011007E07911000F8D9FF68CFF4CF3C103BB01A007E04A00FF4CF3C0A6D
:20D76000820491100048D944C4503B9009506DFF0AE61D00A6013B2013005F0508809110CA
:20D780000028D9225CEFF4F23C143B3013005F05088091100028D9224CEFF4F23C0A8204CA
:20D7A00091100048D944C4503BF009506DFFEBE53B8013005F08088091100028D9226CDFC3
:20D7C000E8223C1E3BA013005F08088091100028D9227CDFE8223C143B9013005F080880C2
:20D7E00091100028D9225CDFE8223C0A820491100048D944C4503B400A506DFFC4E53BE035
:20D8000013005F09088091100028D9227CCFE8423C143BF013005F09088091100028D9228A
:20D820004CDFE8423C0A820491100048D944C4503B800A506DFFA7E53B4014007E079110EB
:20D8400000F8D9FF6CEFF4CF3C6A3BA014007E07911000F8D9FF40FFF4CF3C613B00150060
:20D860007E07911000F8D9FF54FFF4CF3C583B6015007E07911000F8D9FF68FFF4CF3C4FAD
:20D880003B7015007E07911000F8D9FF7CFFF4CF3C463BC015007E07911000F8D9FF900F6D
:20D8A000F4CF3C3D3BD015007E07911000F8D9FFA40FF4CF3C343B2016007E07911000F8A1
:20D8C000D9FFB80FF4CF3C2B3B8016007E07911000F8D9FF8C1FF4CF3C223BE016007E0736
:20D8E000911000F8D9FFA01FF4CF3C193B4017007E07911000F8D9FFB41FF4CF3C103BB08B
:20D900001A007E04A00FF4CF3C0A820491100048D944C4503B600B506DFF35E51D00D100A9
:20D920003B8019005F05088091100028D922B83FF4F23C283B9019005F0508809110002889
:20D94000D922884FF4F23C1E3BA019005F05088091100028D922984FF4F23C143BB01900F0
:20D960005F05088091100028D922A84FF4F23C0A820491100048D944C4503BE00B506DFF52
:20D9800002E53BE019005F08088091100028D922883FE8223C1E3BF019005F0808809110BA
:20D9A0000028D922983FE8223C143B001A005F08088091100028D922A83FE8223C0A82044E
:20D9C00091100048D944C4503B300C506DFFDBE43B401A005F09088091100028D922982F2B
:20D9E000E8423C283B501A005F09088091100028D922A82FE8423C1E3B601A005F09088040
:20DA000091100028D922B82FE8423C143B701A005F09088091100028D922882FE8423C0A41
:20DA2000820491100048D944C4503B900C506DFFAAE43BC01B007E07911000F8D9FFB45F06
:20DA4000F4CF3C3D3B401D007E07911000F8D9FF9C6FF4CF3C343B501D007E07911000F8F8
:20DA6000D9FF886FF4CF3C2B3B601B007E07911000F8D9FFA05FF4CF3C223B001B007E0706
:20DA8000911000F8D9FF8C5FF4CF3C193BA01A007E07911000F8D9FFB84FF4CF3C103BB026
:20DAA0001A007E04A00FF4CF3C0A820491100048D944C4503B200D506DFF65E43C01009038
:20DAC0000B451088370848406DFFD6A2534820F0910000F7D9FF684010FF54F082013710E3
:20DAE000010089202019BB00F00F26908680892024193C01092F42181607EEFD534820F065
:20DB0000910000F7D9FF684010FF54FF8210370F01F0892F20198FF90FF1892F24193C0127
:20DB2000092F41186F3FFE7FBBF0FFFF892F141900900248404C0259370848406DFF9CA269
:20DB4000534820F0910000F7D9FF684010FF54F08201371001008920201909C0C008BB00C6
:20DB6000F01F26108680892024193C01092F42181607EEFDDF190F80534820F0910000F7E3
:20DB8000D9FF684010FF54FF8210370F01F0892F201909CFC00816FFB02C892F24193C0126
:20DBA000092F42181607EEFDC2F9DF09D8FF3C01092F41186F3FFE7FBBF0FFFF892F1419CA
:20DBC0000090024F0258370F48406DFF55A2534F20F0910000F7D9FF684010FF54FF82102B
:20DBE000370F01F0892F2019892824193C01092F42181607EEFD3C01092F41186F3FFE7F3F
:20DC0000BBF0FFFF892F14190090A00FDA005F4F2100DA015F4F2300DA025F4F2500DA0356
:20DC20005F4F2700DA045F4F2900DA055F4F2B00DA065F4F2D00DA085F4F2F00DA095F4F97
:20DC40003100DA0A5F4F3300DA0B5F4F35003C38910000F7D9FF40503C3C910000F7D9FFCA
:20DC600044A03C37910000F7D9FF70B03C32910000F7D9FF5CD03C2D910000F7D9FF48F0D2
:20DC80003C28910000F7D9FFB4003C23910000F7D9FFA0203C1E910000F7D9FF8C403C19B2
:20DCA000910000F7D9FFB8503C14910000F7D9FF6C603C0F910000F7D9FF58803C0A820431
:20DCC00091100048D944EC503B7012506DFF5BE340F23C01009020200B4510A80B761088EB
:20DCE0004DC0E2FF370FE1F78B0F20C23C010D00400300003C013C01370A48406DFF2C93A1
:20DD000091000047D944A47040256DFF0F9702A46D00D60302A46D007205910000F7D9FFAD
:20DD2000A470DA0289FF2C08910000F7D9FFA470DA04ACF4910000F7D9FFA4704B0B61F129
:20DD40006CF1910000F7D9FFA470DA072CFAA00FF4AFA00FF80449A4180A49A5080A0BA92B
:20DD6000104802866D002800DA102CACDA8089AF1C08DA0089AF1D08910000F7D9FFA4700B
:20DD800049A2000AE8A202A46DFF41FF91000057D955A47040246DFF8194820502A46D0009
:20DDA0006503820502A46D009C0602CF6E030D00000300900268405C82005F402200821002
:20DDC0005F40670082205F40FF0082305F40730182405F40E70182505F400A0282605F40F1
:20DDE0004802DA085F4F7402DA095F4F9702DA0A5F4FB902DA0B5F4FFF021D002203F65838
:20DE0000910000F8D9FF2C3080FF744F3C25DF150980911000F8D9FFBCDE80FF744F3C1C80
:20DE2000DF250980911000F8D9FF8CEE80FF744F3C13DF350980911000F8D9FF9CEE80FFC2
:20DE4000744F3C0A820491100048D944EC503B7013506DFF98E2F688910000F8D9FF0C30E2
:20DE600080FF74CF3C13DF180980910000F8D9FF1C3080FF74CF3C0A820491100048D944D0
:20DE8000EC503BB013506DFF7EE21D00DB02DF450980911000F8D9FFCC2E80FF744F3C524A
:20DEA000DF550980911000F8D9FFDC2E80FF744F3C49DF650980911000F8D9FFEC2E80FF8C
:20DEC000744F3C40DF750980911000F8D9FFFC2E80FF744F3C37DA087E58911000F8D9FFAD
:20DEE000CC3E80FF744F3C2EDA097E58911000F8D9FFDC3E80FF744F3C25DA0A7E5891102A
:20DF000000F8D9FFEC3E80FF744F3C1CDA0B7E58911000F8D9FFFC3E80FF744F3C13DA0C90
:20DF20007E58911000F8D9FFCC4E80FF744F3C0A820491100048D944EC503B9014506DFF95
:20DF400022E2DF480980911000F8D9FFEC0E80FF74CF3C37DF580980911000F8D9FFFC0E32
:20DF600080FF74CF3C2EDF680980911000F8D9FFCC1E80FF74CF3C25DF380980911000F8EE
:20DF8000D9FFDC1E80FF74CF3C1CDF780980911000F8D9FFEC1E80FF74CF3C13DF28098099
:20DFA000911000F8D9FFFC1E80FF74CF3C0A820491100048D944EC503B1015506DFFE3E126
:20DFC0001D004002DA0D7E58911000F8D9FFEC5E80FF744F3C37DA0E7E58911000F8D9FF86
:20DFE000FC5E80FF744F3C2EDA0F7E58911000F8D9FFCC6E80FF744F3C25DA107E589110AD
:20E0000000F8D9FFDC6E80FF744F3C1CDA117E58911000F8D9FFEC6E80FF744F3C13DA1243
:20E020007E58911000F8D9FFFC6E80FF744F3C0A820491100048D944EC503BC015506DFF13
:20E04000A2E1DA0B7E88911000F8D9FFDC4E80FF74CF3C2EDA097E88911000F8D9FFEC4EF7
:20E0600080FF74CF3C25DA0A7E88911000F8D9FFFC4E80FF74CF3C1CDA0C7E88911000F839
:20E08000D9FFCC5E80FF74CF3C13DA087E88911000F8D9FFDC5E80FF74CF3C0A82049110AB
:20E0A0000048D944EC503B4016506DFF6CE11D00C901DA137E58911000F8D9FFCC8E80FF31
:20E0C000744F3C40DA147E58911000F8D9FFDC8E80FF744F3C37DA157E58911000F8D9FF77
:20E0E000EC8E80FF744F3C2EDA167E58911000F8D9FFFC8E80FF744F3C25DA177E5891102E
:20E1000000F8D9FFCC9E80FF744F3C1CDA187E58911000F8D9FFDC9E80FF744F3C13DA19F4
:20E120007E58911000F8D9FFEC9E80FF744F3C0A820491100048D944EC503B0017506DFFB0
:20E1400022E1DA0E7E88911000F8D9FFCC7E80FF74CF3C25DA0F7E88911000F8D9FFDC7E36
:20E1600080FF74CF3C1CDA0D7E88911000F8D9FFEC7E80FF74CF3C13DA107E88911000F823
:20E18000D9FFFC7E80FF74CF3C0A820491100048D944EC503B6017506DFFF5E01D005201AA
:20E1A000DA1A7E58911000F8D9FFCCAE80FF744F3C0A820491100048D944EC503BC01750F8
:20E1C0006DFFE1E0DA117E88911000F8D9FFFC9E80FF74CF3C0A820491100048D944EC5046
:20E1E0003BF017506DFFCFE01D002C01DA1B7E58911000F8D9FFCCBE80FF744F3C13DA1CDB
:20E200007E58911000F8D9FFDCBE80FF744F3C0A820491100048D944EC503B6018506DFF5E
:20E22000B2E0DA127E88911000F8D9FFDCAE80FF74CF3C1CDA137E88911000F8D9FFFCAE37
:20E2400080FF74CF3C13DA147E88911000F8D9FFECAE80FF74CF3C0A820491100048D9441A
:20E26000EC503BB018506DFF8EE01D00EB00DA1D7E58911000F8D9FFCCCE80FF744F3C0ACD
:20E28000820491100048D944EC503B1019506DFF7AE0DA157E88911000F8D9FFECBE80FFAD
:20E2A00074CF3C13DA167E88911000F8D9FFFCBE80FF74CF3C0A820491100048D944EC50DB
:20E2C0003B5019506DFF5FE01D00BC00DA1E7E58911000F8D9FFECCE80FF744F3C0A8204BF
:20E2E00091100048D944EC503BB019506DFF4BE0DA177E88911000F8D9FFDCCE80FF74CF1D
:20E300003C0A820491100048D944EC503BE019506DFF39E01D009600DA1F7E58911000F8CB
:20E32000D9FFCCDE80FF744F3C0A820491100048D944EC503B401A506DFF25E0DA187E88BD
:20E34000911000F8D9FFFCCE80FF74CF3C0A820491100048D944EC503B701A506DFF13E03E
:20E360003C70DA207E58911000F8D9FFACFE80FF744F3C13DA217E58911000F8D9FFBCFE79
:20E3800080FF744F3C0A820491100048D944EC503BE01A506DFFF7DFDA197E88911000F8D4
:20E3A000D9FFACEE80FF74CF3C25DA1A7E88911000F8D9FFBCEE80FF74CF3C1CDA1B7E889E
:20E3C000911000F8D9FF8CFE80FF74CF3C13DA1C7E88911000F8D9FF9CFE80FF74CF3C0A22
:20E3E000820491100048D944EC503B401B506DFFCADF3C27DA227E58911000F8D9FFDC0ECA
:20E4000080FF744F3C0A820491100048D944EC503BB01B506DFFB7DFDA1D7E88911000F8BE
:20E42000D9FFCC0E80FF74CF3C0A820491100048D944EC503BE01B506DFFA5DF3C023C0169
:20E440000090404F82086DFFE2FBD424094F5208161F3C016E07D424821440F56DFF179063
:20E46000821802823C0100900258910000F7D9FFA470D4FF370448406DFF6E8F910000470C
:20E48000D944A47040256DFF519340F46DFFE68F370868F06E03DA013C02DA0009F0431832
:20E4A00037F001F289FF031876850C2196042C213C050C21B70F01F12C210090DA005F4F05
:20E4C0002200DA015F4F4100DA025F4F6000DA035F4F7F00DA045F4F9E00DA055F4FBD00E8
:20E4E000DA065F4FDC00DA085F4FFB00DA095F4F1901DA0A5F4F3701DA0B5F4F55011D00AC
:20E500007401910000F7D9FFA47091000027D9224460E8C2910000F7D9FFA47091000027E5
:20E52000D9225C50E8E2910000F7D9FFA470DA0189FFAE08910000F7D9FFA470DA0189FF06
:20E54000B4081D005B01910000F7D9FFA47091000027D92248B0E8C2910000F7D9FFA47049
:20E5600091000027D92260A0E8E2910000F7D9FFA470DA0189FFAE08910000F7D9FFA4701D
:20E58000DA0189FFB4081D003901910000F7D9FFA47091000027D92274C0E8C2910000F778
:20E5A000D9FFA47091000027D9224CC0E8E2910000F7D9FFA470DA0189FFAE08910000F7D1
:20E5C000D9FFA470DA0189FFB4081D001701910000F7D9FFA47091000027D92260E0E8C2EA
:20E5E000910000F7D9FFA47091000027D92278D0E8E2910000F7D9FFA470DA0189FFAE0855
:20E60000910000F7D9FFA470DA0189FFB4081D00F500910000F7D9FFA47091000027D9222E
:20E620008C00E8C2910000F7D9FFA47091000027D92264F0E8E2910000F7D9FFA470DA0110
:20E6400089FFAE08910000F7D9FFA470DA0189FFB4081D00D300910000F7D9FFA4709100F4
:20E660000027D922B810E8C2910000F7D9FFA47091000027D9229010E8E2910000F7D9FF15
:20E68000A470DA0189FFAE08910000F7D9FFA470DA0189FFB4081D00B100910000F7D9FF8C
:20E6A000A47091000027D922A430E8C2910000F7D9FFA47091000027D922BC20E8E29100B7
:20E6C00000F7D9FFA470DA0189FFAE08910000F7D9FFA470DA0189FFB4081D008F0091006E
:20E6E00000F7D9FFA47091000027D9229050E8C2910000F7D9FFA47091000027D922A840EB
:20E70000E8E2910000F7D9FFA470DA0189FFAE08910000F7D9FFA470DA0189FFB4083C6D66
:20E72000910000F7D9FFA47091000027D922BC60E8C2910000F7D9FFA47091000027D922C5
:20E740009460E8E2910000F7D9FFA470DA0189FFAE08910000F7D9FFA470DA0189FFB408DB
:20E760003C4C910000F7D9FFA47091000027D9227070E8C2910000F7D9FFA4709100002734
:20E78000D9224870E8E2910000F7D9FFA470DA0189FFAE08910000F7D9FFA470DA0189FF98
:20E7A000B4083C2B910000F7D9FFA47091000027D9225C90E8C2910000F7D9FFA470910074
:20E7C0000027D9227480E8E2910000F7D9FFA470DA0189FFAE08910000F7D9FFA470DA017D
:20E7E00089FFB4083C0A820491100048D944EC503BC010506DFFC7DD0090DA005F4F220022
:20E80000DA015F4F3D00DA025F4F5800DA035F4F7300DA045F4F8E00DA055F4FA900DA0622
:20E820005F4FC400DA085F4FDE00DA095F4FF800DA0A5F4F1201DA0B5F4F2C011D004701A5
:20E84000910000F7D9FFA470DA0B89FFA008910000F7D9FFA470DA0A89FFA208910000F71D
:20E86000D9FFA470DA0C89FFA408910000F7D9FFA470DA0089FF26081D003201910000F7B6
:20E88000D9FFA470DA0D89FFA008910000F7D9FFA470DA0E89FFA208910000F7D9FFA47073
:20E8A000DA0F89FFA408910000F7D9FFA470DA0089FF26081D001401910000F7D9FFA47091
:20E8C000DA1089FFA008910000F7D9FFA470DA1189FFA208910000F7D9FFA470DA1289FFA5
:20E8E000A408910000F7D9FFA470DA0089FF26081D00F600910000F7D9FFA470DA1389FF6C
:20E90000A008910000F7D9FFA470DA1489FFA208910000F7D9FFA470DA1589FFA408910093
:20E9200000F7D9FFA470DA0089FF26081D00D800910000F7D9FFA470DA1689FFA00891004A
:20E9400000F7D9FFA470DA1789FFA208910000F7D9FFA470DA1889FFA408910000F7D9FFB7
:20E96000A470DA0089FF26081D00BA00910000F7D9FFA470DA1989FFA008910000F7D9FF25
:20E98000A470DA1A89FFA208910000F7D9FFA470DA1B89FFA408910000F7D9FFA470DA0052
:20E9A00089FF26081D009C00910000F7D9FFA470DA1C89FFA008910000F7D9FFA470DA1DE3
:20E9C00089FFA208910000F7D9FFA470DA1E89FFA408910000F7D9FFA470DA0089FF260861
:20E9E0003C7E910000F7D9FFA470DA1F89FFA008910000F7D9FFA470DA2089FFA20891008F
:20EA000000F7D9FFA470DA2189FFA408910000F7D9FFA470DA0089FF26083C61910000F7BB
:20EA2000D9FFA470DA2289FFA008910000F7D9FFA470DA2389FFA208910000F7D9FFA470A7
:20EA4000DA2489FFA408910000F7D9FFA470DA0089FF26083C44910000F7D9FFA470DA258D
:20EA600089FFA008910000F7D9FFA470DA2689FFA208910000F7D9FFA470DA2789FFA40817
:20EA8000910000F7D9FFA470DA0089FF26083C27910000F7D9FFA470DA2889FFA0089100D8
:20EAA00000F7D9FFA470DA2989FFA208910000F7D9FFA470DA2A89FFA408910000F7D9FF32
:20EAC000A470DA0089FF26083C0A820491100048D944EC503B000B506DFF55DC0090025867
:20EAE000910000F7D9FFA470D4FF370448406DFF338C91000047D944A47040256DFF169061
:20EB000040F46DFFB88C370868F06E03DA013C02DA0009F0431837F081F389FF0318768589
:20EB20000C2196042C213C050C21B70F01F12C210090404F025F6DFF6AF8D42440F502F4DD
:20EB40006DFF9B8D0090200834A56DFF60F8D42449A5000A82146DFF908D00900248404F54
:1AEB60003C0909FF0008B01F370F685002846DFFECFF09FF0008EEF6009018
:20EB7C00000600F000AE03F00100000090000000000600F000AF03F0020000009000000027
:20EB9C00000600F000AF03F00300000090000000000A2CF000A003F0040000000000000071
:20EBBC00000A2CF000A003F00800000001000000000A2CF000AD03F00000000002000000AF
:20EBDC00000A2CF000AD03F00100000003000000000A2CF000A003F00800000098000000F6
:20EBFC00000A2CF000AD03F00000000090000000000B2CF000B503F00200000004000000CE
:20EC1C00000B2CF000B503F00500000098000000000700F000AF03F00100000000000000D2
:20EC3C00000700F000AF03F00500000001000000000700F000B403F0090000000200000070
:20EC5C00000700F000AB03F00A00000004000000000700F000C103F00D0000000500000038
:20EC7C00000700F000A203F00300000006000000000700F000A203F00200000090000000C5
:20EC9C00000700F000AB03F00C00000090000000000700F000AF03F00000000090000000FE
:20ECBC00000700F000AF03F00100000090000000000700F000AF03F00400000090000000E1
:20ECDC00000700F000AF03F00500000090000000000700F000B403F00A00000090000000B2
:20ECFC00000700F000C103F00C00000090000000000700F000C103F00D0000009000000069
:20ED1C00000800F000AE03F00300000000000000000800F000A203F00100000001000000AC
:20ED3C00000800F000AA03F00600000003000000000800F000C103F0080000000400000061
:20ED5C00000800F000A203F00000000006000000000800F000A203F00000000090000000E7
:20ED7C00000800F000AA03F00500000090000000000800F000AE03F0020000009000000022
:20ED9C00000800F000AE03F00300000090000000000800F000C103F00800000090000000E7
:20EDBC00000800F000C103F00900000090000000000900F000AF03F0070000000000000050
:20EDDC00000900F000B403F00300000002000000000900F000A003F00100000004000000E1
:20EDFC00000900F000B503F00600000005000000000900F000A003F0000000009800000027
:20EE1C00000900F000A003F00100000090000000000900F000AF03F0060000009000000088
:20EE3C00000900F000AF03F00700000090000000000900F000B403F0000000009000000054
:20EE5C00000900F000B403F00300000090000000000900F000B503F007000000900000002B
:20EE7C00000A00F000A003F00C00000000000000000A00F000A003F009000000A80000009F
:20EE9C00000B00F000A003F00600000000000000000B00F000C103F004000000010000000E
:20EEBC00000B00F000B603F00300000002000000000B00F000A003F0070000009000000068
:20EEDC00000B00F000B603F00200000090000000000C00F000B603F0000000000400000037
:20EEFC00000C00F000B703F00100000005000000000C00F000B603F000000000B8000000ED
:20EF1C00000E00F000C103F00600000003000000000E00F000C103F007000000A0000000C1
:20EF3C00000F00F000B403F00600000004000000000F00F000B403F00700000090000000C8
:20EF5C00000600F000000000000700F001000000000800F002000000000900F003000000B1
:20EF7C00000A00F004000000000B00F005000000000C00F006000000000D00F00700000071
:20EF9C00000E00F008000000000F00F009000000000A2CF00A000000000B2CF00B000000E5
:20EFBC000050C348640000000050C3486400000014000000000000000000000001000000A2
:20EFDC0000000000000000000000000000000000000000000000000000000101070000000C
:20EFFC0000000901000000000602000000000A0300000000000000000000000001010000D4
:20F01C0000000000002A00F000000000002B00F0010000000000000000000000000000009E
:20F03C0000000000000000000000000000000000000000000000010000010F00010F000093
:20F05C00000000000000000000000000608124F002388700FFFFFFFF648124F066D00000B3
:20F07C00FFFFFFFF688124F002380700FFFFFFFF6C8124F026980000FFFFFFFF248124F0CA
:20F09C00C9000000FFFFFFFF088124F001003630FFFFFFFF0C8124F00807690BFFFFFFFF6F
:20F0BC00288124F08E042101FFFFFFFF488124F0B6730835FFFFFFFF4C8124F0466C94025F
:20F0DC00FFFFFFFF088124F002003630FFFFFFFF108124F03B033600FFFFFFFF148124F059
:20F0FC001008690BFFFFFFFF508124F00E710834FFFFFFFF548124F0446C9402FFFFFFFFA5
:20F11C00188124F009003600FFFFFFFF1C8124F00808690BFFFFFFFF208124F0941C230032
:20F13C00FFFFFFFF588124F0B622081BFFFFFFFF5C8124F0466C9402FFFFFFFF2C8124F0DD
:20F15C0034040000FFFFFFFF308124F0825A0000FFFFFFFF348124F009090712FFFFFFFFD2
:20F17C000800000068F00080ACC5A73702000000C8F00080ACC5A7370D000000E0F000805E
:20F19C00ACC5A737030000007CF1008016000000B0F10080608124F002388700FFFFFFFF2B
:20F1BC00648124F066D00000FFFFFFFF688124F002380700FFFFFFFF6C8124F0269800000F
:20F1DC00FFFFFFFF248124F0C9000000FFFFFFFF0C8124F00807690BFFFFFFFF288124F0BC
:20F1FC008E042101FFFFFFFF488124F0B6730835FFFFFFFF4C8124F0466C9402FFFFFFFFDF
:20F21C00088124F002003630FFFFFFFF108124F03B033600FFFFFFFF148124F01008690B87
:20F23C00FFFFFFFF508124F00E710834FFFFFFFF548124F0446C9402FFFFFFFF188124F042
:20F25C0009003600FFFFFFFF1C8124F00808690BFFFFFFFF208124F0941C2300FFFFFFFFA2
:20F27C00588124F0B622081BFFFFFFFF5C8124F0466C9402FFFFFFFF2C8124F03404000060
:20F29C00FFFFFFFF308124F0825A0000FFFFFFFF348124F009090712FFFFFFFF00A003F036
:20F2BC000000000000A103F00100000000A203F00200000000AA03F00A00000000AB03F0C1
:20F2DC000B00000000AC03F00C00000000AD03F00D00000000AE03F00E00000000AF03F05E
:20F2FC000F00000000B403F01400000000B503F01500000000B603F01600000000B703F002
:20F31C001700000000C003F02000000000C103F02100000000C203F02200000000C803F080
:20F33C0028000000001C00F000B403F00C00000000000000001C00F000B403F00C0000000B
:20F35C00A0000000001C00F000B403F00E00000098000000001C00F000B403F00B000000DA
:20F37C0098000000001C00F000B403F00D000000A8000000001C00F00000000000B403F0BE
:20F39C000800000098000000001C00F00D00000000AF03F00000000098000000001C00F052
:20F3BC000100000000B403F00900000098000000001C00F00200000000B403F00D00000026
:20F3DC0098000000001C00F00300000000AB03F00A00000098000000001C00F0040000001A
:20F3FC0000AB03F00B00000098000000001C00F00500000000AB03F0020000009800000067
:20F41C00001C00F00600000000B403F00A00000098000000001C00F00700000000C103F0AE
:20F43C000500000090000000001C00F00800000000B403F00600000098000000001C00F0B6
:20F45C000900000000B403F00300000098000000001D00F000AA03F001000000000000009A
:20F47C00001D00F000AB03F00300000001000000001D00F000AA03F0010000009000000086
:20F49C00001D00F000AA03F00300000098000000001D00F000AB03F00900000098000000BF
:20F4BC00001D00F000AA03F00200000098000000001D00F000AB03F00600000098000000A3
:20F4DC00001D00F00000000000B403F008000000A0000000001D00F00A00000000AA03F000
:20F4FC000000000098000000001D00F00100000000B403F009000000A0000000001D00F0ED
:20F51C000200000000B403F00D000000A0000000001D00F00300000000AB03F00A000000C1
:20F53C00A0000000001D00F00400000000AB03F00B000000A0000000001D00F005000000A3
:20F55C0000AB03F002000000A0000000001D00F00600000000C103F00A00000090000000EE
:20F57C00001D00F00700000000C103F00500000098000000001D00F00800000000AA03F058
:20F59C000400000098000000001D00F00900000000AA03F005000000A0000000001E00F04D
:20F5BC0000AF03F00400000000000000001E00F000AF03F00700000001000000001E00F0C3
:20F5DC0000B503F00200000002000000001E00F000B503F00300000002000000001E00F09A
:20F5FC0000AF03F00200000004000000001E00F000AD03F00300000098000000001E00F0F0
:20F61C0000AF03F00500000098000000001E00F000AF03F00600000098000000001E00F033
:20F63C0000AD03F00000000098000000001E00F000AD03F00100000098000000001E00F021
:20F65C0000AF03F00300000098000000001E00F000AF03F006000000A8000000001E00F0E5
:20F67C0000AF03F00800000098000000001E00F00000000000AF03F00200000098000000E2
:20F69C00001E00F00100000000AE03F00200000098000000001E00F00200000000AE03F053
:20F6BC000600000098000000001E00F00300000000AE03F00300000098000000001E00F035
:20F6DC000500000000AF03F00100000098000000001E00F00600000000C103F00D000000F9
:20F6FC00A0000000001E00F00700000000B403F00A000000A0000000001E00F008000000D2
:20F71C0000B403F006000000A0000000001E00F00900000000B403F003000000A00000001F
:20F73C00001F00F000A203F00500000000000000001F00F000A103F005000000020000005A
:20F75C00001F00F000A103F006000000A0000000001F00F000A203F0060000009800000002
:20F77C00001F00F000AA03F00600000098000000001F00F000A103F007000000A0000000D9
:20F79C00001F00F000A203F00700000098000000001F00F00000000000A203F00400000062
:20F7BC0098000000001F00F00100000000A203F00000000098000000001F00F00200000047
:20F7DC0000A203F00100000098000000001F00F00300000000A003F005000000980000009D
:20F7FC00001F00F00300000000A203F00200000098000000001F00F00400000000A003F006
:20F81C0002000000B0000000001F00F00400000000A203F00300000098000000001F00F0C8
:20F83C000500000000A203F00800000090000000001F00F00600000000A003F008000000CA
:20F85C0090000000001F00F00700000000A003F00900000090000000001F00F008000000A3
:20F87C0000AA03F00500000098000000002000F000C103F00D00000000000000002000F051
:20F89C0000B603F00100000001000000002000F000B503F00200000002000000002000F0D5
:20F8BC0000B503F00300000002000000002000F000B603F003000000A0000000002000F013
:20F8DC0000B603F00000000098000000002000F000C103F00C00000098000000002000F053
:20F8FC0000B603F000000000A0000000002000F000B603F001000000A0000000002000F039
:20F91C0000B603F00300000098000000002000F000C103F00B00000098000000002000F010
:20F93C000000000000C103F00A00000098000000002000F00100000000C103F00900000087
:20F95C0098000000002000F00200000000C103F00800000098000000002000F0030000007A
:20F97C0000B603F00200000098000000002000F00700000000A203F00100000090000000EB
:20F99C00002000F00700000000C103F00700000098000000001C00F000000000001D00F0C8
:20F9BC0001000000001E00F002000000001F00F003000000002000F00400000001010203ED
:20F9DC000405060608080A0A0C0C0C0F0000003F0000803F0000A03F0000C03F0000004083
:20F9FC0000002040002D31010100001D0500001F0101000017B751390300000068FA0080AB
:20FA1C0013012307FF0FFF0F12021121BF0F3F3F011200000F3F000032000000FF0000004C
:20FA3C00000000003F000000000000003F000000000000003F0000005CFA008064FA008039
:0AFA5C0000000000000000000000A0
:12FA6800030017B7D138020017B7D138010017B7D13801
:20FA7C00006003F00000000000AF03F00400000000000000006003F00100000000AE03F07C
:20FA9C000300000000000000006003F00200000000AA03F00200000000000000006003F000
:20FABC000200000000A203F00100000001000000006003F00200000000A003F004000000A5
:20FADC0002000000006003F00300000000AA03F00300000000000000006003F003000000BC
:20FAFC0000AE03F00100000001000000006003F00300000000A203F000000000020000005A
:20FB1C00006003F00400000000C103F00700000000000000006003F00400000000AF03F0BE
:20FB3C000500000003000000006003F00500000000AF03F00800000000000000006003F04C
:20FB5C000600000000B403F00000000000000000006003F00600000000AB03F00A000000DB
:20FB7C0003000000006003F00700000000B403F00900000000000000006003F00700000002
:20FB9C0000AF03F00100000002000000001000F000000000001100F001000000001200F0A0
:20FBBC0002000000026C0080146C0080246C0080346C0080446C0080546C0080646C008049
:20FBDC00746C0080846C0080966C0080A86C0080BA6C0080CC6C0080DE6C0080F06C00801F
:20FBFC00026D0080000105040706020306070302010004050302060704050100050400019C
:20FC1C00020307060003040702010605010205060300070405060102070403000407000354
:20FC3C00060502010704030005060102060502010407000302010605000304070300070438
:20FC5C00010205060605020104070003070403000506010203000704010205060201060518
:20FC7C000003040701020506030007040003040702010605040700030605020105060102F8
:20FC9C000704030003000704010205060201060500030407060502010407000307040300D8
:20FCBC000506010204070003060502010506010207040300010205060300070400030407B8
:20FCDC00020106050506010207040300040700030605020100030407020106050102050698
:20FCFC00030007040201060500030407030007040102050607040300050601020605020178
:20FD1C0004070003000402060105030700020202020202020202030101010102020202027A
:20FD3C00020202020202020202020202020440404040404040404040404040404020202069
:20FD5C00202020202020204040404040404088888888888808080808080808080808080857
:20FD7C00080808080808080840404040404090909090909010101010101010101010101087
:20FD9C001010101010101010404040400200000000000000000000000000000000000000C5
:20FDBC00000000000000000000000000000000000000000000000000000000000000000027
:20FDDC00000000000000000000000000000000000000000000000000000000000000000007
:20FDFC000000000000000000000000000000000000000000000000000000000000000000E7
:0DFE1C0000000000000000000000000000D9
:0FFE2C0053797374656D20496E69742E2E2E0004
:0EFE3C004750533A204F4B005441534B320075
:0FFE4C004F4E20004F46460053746172743A00C7
:09FE5C005341564520444F540067
:17FE68004F4B2000537065656368205265636F676E6974696F6E00D0
:03FE8000474F00E9
:0AFE84005441534B32204750530005
:0AFE900047505320706F696E740034
:06FE9C007461736B31007C
:05FEA40053415645002A
:07FEAC0046494E495348008E
:0EFEB400706F696E74206E756D6265723A0033
:11FEC40057414B455550202020202020202020200020
:11FED8004C4546545F5455524E202020202020200066
:11FEEC0052494748545F5455524E202020202020001F
:11FF0000484947485F4245414D20202020202020007C
:11FF14004C4F575F4245414D20202020202020200076
:11FF2800464F475F4C414D5020202020202020200063
:11FF3C0048415A4152445F4C414D50202020202000D1
:06FF50007461736B3200C6
:11FF5800494E544552494F525F4C414D502020200043
:11FF6C0057495045522020202020202020202020009D
:11FF8000484F524E5F31532020202020202020200036
:11FF9400484F524E5F32532020202020202020200021
:11FFA800484F524E5F3353202020202020202020000C
:11FFBC00484F524E5F32424545502020202020200090
:11FFD000484F524E5F3342454550202020202020007B
:11FFE400484F524E5F34424545502020202020200066
:08FFF800484F524E5F4C4F4E82
:02000004800179
:09000000475F53484F52542000A1
:11000C00484F524E5F555247454E54202020202000D8
:060020007461736B3300F4
:11002800484F524E5F414C41524D2020202020200004
:11003C00504153535F4C454654202020202020200012
:11005000504153535F31202020202020202020200098
:11006400504153535F32202020202020202020200083
:11007800504153535F3320202020202020202020006E
:11008C00504153535F5249474854202020202020008F
:1100A00052455455524E5F5249474854202020200012
:1100B40052455455524E5F31202020202020202000CB
:1100C80052455455524E5F32202020202020202000B6
:1100DC0052455455524E5F33202020202020202000A1
:0600F0007461736B340023
:1100F80052455455524E5F4C454654202020202000ED
:11010C00464F52574152445F31304D20202020200020
:110120004241434B574152445F31304D202020200002
:11013400534E414B455F464F52574152202020200098
:11014800534E414B455F4241434B5741524420200056
:11015C00434F554E544552434C4F434B5749534500CE
:11017000434C4F434B574953452020202020202000FA
:110184005455524E5F4C4546542020202020202000B7
:110198005455524E5F52494748542020202020200070
:1101AC00454E442020202020202020202020202000CB
:0501C0004D454E550005
:1101C800434C4541522020202020202020202020005F
:0D01DC005441534B322053504545434800D9
:0D01EC007374617274207370656563680040
:1201FC00646973706C6179006D616B652073757265007E
:0E0210003E3E3E0020202000647269766500AC
:0902200066696C653A2025730043
:0D022C0066696C653A206D646B2F257300C8
:09023C006C696E653A202564002E
:190248000D0A66696C65202573206C696E652025643A2025732E0D0A0086
:150264000D0A66696C65202573206C696E652025642E0D0A0060
:0D027C00417373657274206572726F7200B9
:20028C002E2E2F6C69627261726965732F7A665F636F6D6D6F6E2F7A665F636F6D6D6F6E1C
:2002AC005F6669666F2E63000000000000000000002F000000000700070000147F147F1427
:2002CC0000242A7F2A1200626408132300364955225000000503000000001C224100000038
:2002EC0041221C000014083E08140008083E0808000000A0600000080808080800006060B7
:20030C000000402010080402003E5149453E0000427F4000004261514946002141454B3151
:20032C00001814127F10002745454539003C4A49493000017109050300364949493600069D
:20034C004949291E000036360000000056360000000814224100001414141414000041227A
:20036C00140800020151090600324959513E007C1211127C007F49494936003E41414122AF
:20038C00007F4141221C007F49494941007F09090901003E4149497A007F0808087F00003B
:2003AC00417F4100002040413F01007F08142241007F40404040007F020C027F007F040839
:2003CC00107F003E4141413E007F09090906003E4151215E007F09192946004649494931F2
:2003EC000001017F0101003F4040403F001F2040201F003F4038403F00631408146300073F
:20040C000870080700615149454300007F414100020408102040000041417F00000402013F
:20042C000204004040404040000001020400002054545478007F4844443800384444442024
:20044C0000384444487F00385454541800087E0901020018A4A4A47C007F080404780000A4
:20046C00447D4000004080847D00007F102844000000417F4000007C04180478007C080417
:20048C00047800384444443800FC242424180018242418FC007C08040408004854545420AC
:2004AC0000043F444020003C4040207C001C2040201C003C4030403C004428102844001C0D
:2004CC00A0A0A07C004464544C4414141414141400000000000000000000000000000000B0
:2004EC00000000F800000000000000333000000000100C06100C0600000000000000000051
:20050C0040C07840C0784000043F04043F040400007088FC08300000001820FF211E00006B
:20052C00F008F000E018000000211C031E211E0000F00888700000001E212324192721104B
:20054C0010160E00000000000000000000000000000000E0180402000000000718204000DE
:20056C0000020418E00000000040201807000000404080F0804040000202010F01020200E9
:20058C00000000F0000000000101011F01010100000000000000000080B07000000000009A
:2005AC000000000000000000000101010101010100000000000000000030300000000000C8
:2005CC000000000080601804006018060100000000E010080810E000000F102020100F0026
:2005EC00001010F8000000000020203F2020000000700808088870000030282422213000A9
:20060C0000300888884830000018202020110E000000C02010F8000000070424243F2400D9
:20062C0000F80888880808000019212020110E0000E0108888180000000F112020110E005E
:20064C0000380808C83808000000003F000000000070880808887000001C222121221C0041
:20066C0000E010080810E0000000312222110F00000000C0C0000000000000303000000009
:20068C000000008000000000000080600000000000008040201008000001020408102000B7
:2006AC0040404040404040000404040404040400000810204080000000201008040201001B
:2006CC00007048080808F0000000003036010000C030C828E810E0000718272423140B0083
:2006EC000000C038E0000000203C23020227382008F8888888700000203F202020110E002E
:20070C00C030080808083800071820202010080008F808080810E000203F202020100F0008
:20072C0008F88888E8081000203F20202320180008F88888E8081000203F20000300000011
:20074C00C03008080838000007182020221E020008F808000008F808203F210101213F209A
:20076C00000808F8080800000020203F2020000000000808F8080800C08080807F000000BF
:20078C0008F888C028180800203F20012638200008F8080000000000203F202020203000A8
:2007AC0008F8F800F8F80800203F003F003F200008F830C00008F808203F200007183F006B
:2007CC00E01008080810E0000F10202020100F0008F808080808F000203F210101010000E4
:2007EC00E01008080810E0000F18242438504F0008F8888888887000203F2000030C302041
:20080C0000708808080838000038202121221C00180808F8080818000000203F20000000E5
:20082C0008F808000008F808001F202020201F000878880000C83808000007380E01000080
:20084C00F80800F80008F800033C0700073C0300081868808068180820302C03032C3020FA
:20086C000838C800C83808000000203F2000000010080808C83808002038262120201800B6
:20088C00000000FE020202000000007F40404000000C30C000000000000000010638C0000E
:2008AC0000020202FE000000004040407F00000000000402020204000000000000000000DB
:2008CC00000000000000000080808080808080800002020400000000000000000000000004
:2008EC0000008080808000000019242222223F2008F8008080000000003F112020110E003B
:20090C000000008080800000000E112020201100000000808088F800000E112020103F206D
:20092C000000808080800000001F222222221300008080F0888888180020203F2020000092
:20094C000000808080808000006B94949493600008F8008080800000203F210000203F2072
:20096C0000809898000000000020203F20200000000000809898000000C08080807F00008D
:20098C0008F8000080808000203F24022D302000000808F8000000000020203F2020000002
:2009AC008080808080808000203F20003F20003F8080008080800000203F210000203F200F
:2009CC000000808080800000001F202020201F00808000808000000080FFA12020110E00CE
:2009EC000000008080808000000E112020A0FF80808080008080800020203F2120000100AC
:200A0C0000008080808080000033242424241900008080E0808000000000001F202000002F
:200A2C008080000000808000001F202020103F20808080000080808000010E30080601006E
:200A4C0080800080008080800F300C030C300F0000808000808080000020312E0E31200093
:200A6C00808080000080808080818E701806010000808080808080000021302C222130005C
:200A8C0000000000807C020200000000003F404000000000FF00000000000000FF0000008D
:200AAC000002027C800000000040403F000000000006010102020404000000000000000057
:200ACC002E2E2F6C69627261726965732F7A665F636F6D6D6F6E2F7A665F636F6D6D6F6ED4
:200AEC005F66756E6374696F6E2E630080020000830200000800000029040000C401000093
:200B0C00C5010000C601000000000000000000080808080008001414140000000014143E72
:200B2C00143E1414083C0A1C281E08303204081026060C120A042A122C0C08040000000021
:200B4C00100804040408101C22223C20100C00082A1C2A08000008083E0808000000000097
:200B6C001810080000003E00000000000000000C0C0020100804020102060E1E0E0602203A
:200B8C0030383C3830200000080808000000003E3E3E000000001E1E1E000000003C3C3C3D
:200BAC000000201008080810201E10101010101E02040A040A0408000E000E000E00000CC5
:200BCC000C000C0C00000C0C000C08041008040204081000003E003E0000040810201008AB
:200BEC00041C2220100800081C22202C3A221C040E040E040E041E22221E22221E1C220209
:200C0C000202221C0E12222222120E3E02021E02023E3E02021E0202021C22023A22223CDE
:200C2C002222223E2222221C08080808081C3810101010120C22120A060A1222020202021E
:200C4C0002023E22362A2A2222222222262A3222221C22222222221C1E22221E0202021CA6
:200C6C002222222A122C1E22221E0A12223C02021C20201E3E08080808080822222222220A
:200C8C00221C222222222214082222222A2A2A1422221408142222222222140808083E20A4
:050CAC00100804023EE7
:200CB400524D430047474100544853002E2E2F6C69627261726965732F7A665F6465766922
:160CD40063652F7A665F6465766963655F6970733230302E630096
:200CEC002E2E2F6C69627261726965732F7A665F6465766963652F7A665F646576696365E4
:070D0C005F6B65792E6300A7
:200D140086028702620163012E2E2F6C69627261726965732F7A665F6472697665722F7AFC
:200D3400665F6472697665725F657874692E63002E2E2F6C69627261726965732F7A665FEE
:170D54006472697665722F7A665F6472697665725F7370692E6300C6
:200D6C002E2E2F6C69627261726965732F7A665F6472697665722F7A665F6472697665722B
:200D8C005F756172742E6300913000FFD9FF0C9654FF370F6EF18FFF83813C01913000FFDA
:200DAC00D9FF28A654FF370F6EF18FFF83F13C019130004FD9440C9602846DFFA8A602F445
:200DCC006DFFC0A6913000FFD9FF0C9654FF2E1B8F2800F0960154F0370070088F0001009E
:200DEC00A60F74FF8F2800F0960254F0370070088F000100A60F74FF54FFDA00B70F81F071
:200E0C00CDCF20090D00C0040D00C004DA00B70F81F0CD0F04090D00C0040D00C004910032
:200E2C000000D900000091000080D988000091000090D9990000910000F8D9FF004080FFA8
:200E4C00CD4FE20F0D00C004910003F8D9FF000E80FFCD0FE20F0D00C004914000F7D9FF79
:200E6C0080C980FFCD8FE20F0D00C004913000FFD9FF0C9654FF2E1B8F2800F0960154F028
:200E8C00370070088F000100A60F74FF06288F3840F154F0370070088F000100A60F74FF0E
:200EAC0054FF6DFFEEA56DFFCEA3913000FF19FF28A66F1F12008F2220F09601913000FF99
:200ECC0019F028A6370070088F002100A60F913000FF59FF28A686228F2240F1913000FFEB
:200EEC0019F028A6370070088F002100A60F913000FF59FF28A63C01913000FF19FF28A632
:200F0C001601DF1FFB7FDA00913000FF59FF18169120884F910003FAD9FF008080F46DFFC8
:0E0F2C00ADA6911000F8D9FFBCD8DC0F0090E4
:200F3C0091000010D91100003B0098F0CD4FE00F0D00C004913000FF19FF10167BD03801E9
:200F5C0026F07603DA003C248FBF0F01BF10138016FB913000FF19F018160F0FB0F18BFF9B
:200F7C0001F1061F570062FF5E23DA013C02DA003C0FEF4F0400DA013C0B911088FF19FF23
:200F9C00000D370FE2F06E03DA013C02DA003C011E17911000F8D9FFC8F0DC0F3C06911043
:0A0FBC0000F8D9FFECF0DC0F009004
:200FC800910000F8D9FFB0252D0F2000910000F8D9FF82752D0F2000911000F8D9FF301111
:200FE800DC0F0090914000A7D9AA40890D008004914000F7D9FFC00991400027D922C00BF2
:20100800A004802080FFA2F0DA404BF0114282003C1E80FFB70F1CF08F4F1F1080FFBBF067
:20102800FF2F0662262F06AFA6F1F606CD81E30F0D00C0043C0274419AD47E05CDC1E30F00
:201048000D00C00440F449FF001AC2103F40E3FFDA00744F0D0080040D00C004911000F856
:20106800D9FF0C51DC0F0090914000A7D9AA40890D008004914000F7D9FFC0099140002702
:20108800D922C00BA004802080FFA2F0DA404BF0114282003C1E80FFB70F1CF08F4F1F104B
:2010A80080FFBBF0FF2F0662262F06AFA6F1F606CD81E30F0D00C0043C0274419AD47E05D6
:2010C800CDC1E30F0D00C00440F449FF001AC2103F40E3FFDA00744F0D0080040D00C004EF
:2010E800911000F8D9FF3431DC0F0090913000FFD9FF0C9654FF370F6EF18FFF83413C01D6
:20110800913000FFD9FF28A654FF370F6EF18FFF83F13C019130004FD9440C966DFF6DA5DD
:2011280002F46DFF82A591100048D944808F6DFFF896DF12038000A0911000F8D9FF0C512D
:20114800DC0F0090911000F8D9FF1851DC0F0090911000F8D9FFD460DC0F00906DFF04B473
:021168000090F5
:20116C00007E037090C5008090C5008090C50080FFFF400100F8F000E401E201E101000022
:20118C000000090D0D0D0D0D0D0D0D0D0D0D0D0D0D0D333933333540515A6699809999993B
:2011AC00B3B3FFFF200820082008200820082008200820100000CF804A0900002020000095
:2011CC0000000000078001009C1500000C000000FECA0000000000000001010101000000F2
:0E11EC000001000000000000000100010101F0
:2011FC0001000000000000706C110180040000000100000004000070DE110180010000007A
:20121C000100000008000070DF110180050000000100000010000070E411018001000000CB
:20123C000100000014000070E5110180010000000100000018000070E61101800100000093
:20125C00010000001C000070E7110180010000000100000020000070E8110180010000005F
:20127C000100000024000070E9110180010000000100000028000070EA110180010000002B
:20129C00010000002C000070EB110180010000000100000030000070EC11018001000000F7
:2012BC000100000034000070ED110180010000000100000038000070EE11018001000000C3
:2012DC00010000003C000070EF110180010000000100000040000070F0110180010000008F
:2012FC000100000044000070F1110180010000000100000048000070F2110180010000005B
:20131C00010000004C000070F31101800100000001000000500000707C110180020000009D
:20133C000100000054000070F4110180010000000100000058000070F511018001000000F4
:20135C00010000005C000070F61101800100000001000000600000707E1101800200000038
:20137C00010000006400007080110180020000000100000068000070821101800200000079
:20139C00010000006C00007084110180020000000100000070000070861101800200000041
:2013BC000100000074000070881101800200000001000000780000708A11018054000000B7
:2013DC0001000000CC000070701101800C00000001000000D8000070F711018001000000D3
:2013FC0001000000DC000070F81101800100000001000000E0000070F9110180010000001C
:20141C0002000000E400007000000000B900000002000000A0010070000000007B00000013
:20143C00020000001C020070000000007D000000020000009C020070000000000200000071
:20145C0002000000A0020070000000000300000002000000A402007000000000030000003E
:20147C0002000000A8020070000000007D0200000200000028050070000000001600000000
:20149C00020000004005007000000000410000000200000084050070000000002500000018
:2014BC0002000000AC050070000000004100000002000000F0050070000000002500000020
:2014DC0002000000180600700000000041000000020000005C060070000000002500000026
:2014FC000200000084060070000000004100000002000000C806007000000000250000002E
:20151C0002000000F006007000000000410000000200000034070070000000002500000034
:20153C00020000005C070070000000004100000002000000A007007000000000250000003B
:20155C0002000000C80700700000000041000000020000000C080070000000002500000042
:20157C00020000003408007000000000410000000200000078080070000000002500000049
:20159C0002000000A0080070000000004100000002000000E4080070000000002500000051
:2015BC00020000000C09007000000000410000000200000050090070000000002500000057
:2015DC000200000078090070000000004100000002000000BC09007000000000250000005F
:2015FC0002000000E409007000000000400000000000000000000000000000000000000030
:02000004802F4B
:0AE16000911000E8D9EECE98DC0E15
:0AE18000911000E8D9EEF288DC0EE1
:0AE1A000911000E8D9EECE98DC0ED5
:0AE1C000911000E8D9EEF2A8DC0E81
:0AE1E000911000E8D9EED6A8DC0E7D
:0AE20000911000E8D9EECE98DC0E74
:0AE22000911000E8D9EEEEB8DC0E14
:0AE24000911000E8D9EED2B8DC0E10
:0AE26000911000E8D9EEE8C8DC0ECA
:0AE28000911000E8D9EEE8C8DC0EAA
:0AE2A000911000E8D9EECCC8DC0EA6
:0AE2C000911000E8D9EECE98DC0EB4
:0AE2E000911000E8D9EECE98DC0E94
:0AE30000911000E8D9EEFCC8DC0E15
:0AE32000911000E8D9EECE98DC0E53
:0AE34000911000E8D9EECE98DC0E33
:0AE36000911000E8D9EED8D8DC0EC9
:0AE38000911000E8D9EECE98DC0EF3
:0AE3A000911000E8D9EECE98DC0ED3
:0AE3C000911000E8D9EEF4D8DC0E4D
:0AE3E000911000E8D9EECE98DC0E93
:0AE40000911000E8D9EECE98DC0E72
:0AE42000911000E8D9EED0E8DC0E00
:0AE44000911000E8D9EECE98DC0E32
:0AE46000911000E8D9EECE98DC0E12
:0AE48000911000E8D9EEECE8DC0E84
:0AE4A000911000E8D9EECE98DC0ED2
:0AE4C000911000E8D9EECE98DC0EB2
:0AE4E000911000E8D9EEDE98DC0E82
:0AE50000911000E8D9EECE98DC0E71
:0AE52000911000E8D9EECE98DC0E51
:0AE54000911000E8D9EEFA98DC0E05
:0AE64000911000E8D9EEC238DC0E9C
:0AE66000911000E8D9EED848DC0E56
:0AE68000911000E8D9EEFA48DC0E14
:0AE6A000911000E8D9EEDC58DC0E02
:0AE78000911000E8D9EEDC68DC0E11
:0AE7A000911000E8D9EEC878DC0EF5
:0AE7C000911000E8D9EEF478DC0EA9
:0AE8C000911000E8D9EEFE58DC0EBE
:0AFB8000911000E8D9EE526CDC0E83
:0200000480304A
:200000000000000000000000000000000000000000000000000000000000000000000000E0
:200020000000000000000000000000000000000000000000000000000000000000000000C0
:200040000000000000000000000000000000000000000000000000000000000000000000A0
:20006000000000000000000000000000000000000000000000000000000000000000000080
:20008000000000000000000000000000000000000000000000000000000000000000000060
:2000A000000000000000000000000000000000000000000000000000000000000000000040
:2000C000000000000000000000000000000000000000000000000000000000000000000020
:2000E000000000000000000000000000000000000000000000000000000000000000000000
:200100000000000000000000000000000000000000000000000000000000000000000000DF
:200120000000000000000000000000000000000000000000000000000000000000000000BF
:2001400000000000000000000000000000000000000000000000000000000000000000009F
:2001600000000000000000000000000000000000000000000000000000000000000000007F
:2001800000000000000000000000000000000000000000000000000000000000000000005F
:2001A00000000000000000000000000000000000000000000000000000000000000000003F
:2001C00000000000000000000000000000000000000000000000000000000000000000001F
:2001E0000000000000000000000000000000000000000000000000000000000000000000FF
:20022C0085F81001913000FFD9FF189654FF370F6EF18FFF83113C01914000A6D9AA4089C4
:20024C000D0080043B0098F0CD4FE00F0D00C004913000FFD9FF189654FF2E1B8F2100F0E0
:20026C00960154F0370070088F000100A60F74FF8F2100F0960254F0370070088F00010075
:20028C00A60F74FF54FFDA00B70F81F0CDCF20090D00C0040D00C004DA00B70F81F0CD0F72
:2002AC0004090D00C0040D00C004910003F8D9FF000080FFCD4FE20F0D00C004910006F833
:2002CC00D9FF000C80FFCD0FE20F0D00C004914000F6D9FF80C980FFCD8FE20F0D00C0048C
:2002EC00913000FFD9FF189654FF2E1B8F2100F0960154F0370070088F000100A60F74FF2E
:20030C0006218F3140F154F0370070088F000100A60F74FF54FF91000000D90000009100C0
:20032C000010D911000091000080D988000091000090D9990000914000F6D9FFC009914079
:20034C000026D922C00BA004802080FFA2F0DA404BF0114282003C1E80FFB70F1CF08F4F9D
:20036C001F1080FFBBF0FF2F0662262F06AFA6F1F606CD81E30F0D00C0043C0274419AD473
:20038C007E05CDC1E30F0D00C00440F449FF001AC2103F40E3FFDA00744F0D0080040D0079
:2003AC00C0046DE8E02BBB7071FB9B1F8DF34BF241F04B0F71013C0185FF1001A28F3F0FB1
:2003CC00FDFF9140884F910003FAD9FF208080F46DE8542C911000F8D9FF9EE8DC0F0090AC
:2003EC0085F81001913000FFD9FF249654FF370F6EF18FFF83113C01911000A5D9AA40852C
:20040C000D0080043B0098F0CD4FE00F0D00C004913000FFD9FF249654FF2E1B8F2100F012
:20042C00960154F0370070088F000100A60F74FF8F2100F0960254F0370070088F000100B3
:20044C00A60F74FF54FFDA00B70F81F0CDCF20090D00C0040D00C004DA00B70F81F0CD0FB0
:20046C0004090D00C0040D00C004910003F8D9FF004080FFCD4FE20F0D00C004910006F831
:20048C00D9FF000E80FFCD0FE20F0D00C004911000F5D9FF80C580FFCD8FE20F0D00C004FD
:2004AC00913000FFD9FF249654FF2E1B8F2100F0960154F0370070088F000100A60F74FF60
:2004CC0006218F3140F154F0370070088F000100A60F74FF54FF91000000D90000009100FF
:2004EC000010D911000091000080D988000091000090D9990000911000F5D9FFC00591101D
:20050C000025D922C007A004802080FFA2F0DA404BF0114282003C1E80FFB70F1CF08F4FE0
:20052C001F1080FFBBF0FF2F0662262F06AFA6F1F606CD81E30F0D00C0043C0274419AD4B1
:20054C007E05CDC1E30F0D00C00440F449FF001AC2103F40E3FFDA00744F0D0080040D00B7
:20056C00C0046DE8002BBB7071FB9B1F8DF34BF241F04B0F71013C0185FF1001A28F3F0FCF
:0E058C00FDFF911000F8D9FF9EE8DC0F0090F3
:02000004805F1B
:0ADBA000911000E8D9EE786CDC0E5D
:0AFBC000911000E8D9EE5E7CDC0E27
:02000004A0005A
:20000000911000F8D9FFFCC0DC0F0090000000000000000000000000000000000000000038
:02000004A0302A
:20020000910003F8D9FF2C80DC0F0090000000000000000000000000000000000000000053
:0C022000910003F8D9FF2CF0DC0F0090D7
:02000004AF400B
:200000007E0059B3000000A0E2E59F801D1A607F00000000000000000000000000000000BA
:200020000000000000000000000000000000000000000000000000000000000000000000C0
:200040000000000000000000000000000000000000000000000000000000000000000000A0
:20006000000000000000000000000000000000000000000000000000000000000000000080
:20008000000000000000000000000000000000000000000000000000000000000000000060
:2000A000000000000000000000000000000000000000000000000000000000000000000040
:2000C000000000000000000000000000000000000000000000000000000000000000000020
:2000E000000000000000000000000000000000000000000000000000000000000000000000
:200100000000000000000000000000000000000000000000000000000000000000000000DF
:200120000000000000000000000000000000000000000000000000000000000000000000BF
:2001400000000000000000000000000000000000000000000000000000000000000000009F
:2001600000000000000000000000000000000000000000000000000000000000000000007F
:2001800000000000000000000000000000000000000000000000000000000000000000005F
:2001A00000000000000000000000000000000000000000000000000000000000000000003F
:2001C00000000000000000000000000000000000000000000000000000000000000000001F
:1401E000000000000000000000000000000000003412214361
:200200007E0059B3000000A0E2E59F801D1A607F00000000000000000000000000000000B8
:200220000000000000000000000000000000000000000000000000000000000000000000BE
:2002400000000000000000000000000000000000000000000000000000000000000000009E
:2002600000000000000000000000000000000000000000000000000000000000000000007E
:2002800000000000000000000000000000000000000000000000000000000000000000005E
:2002A00000000000000000000000000000000000000000000000000000000000000000003E
:2002C00000000000000000000000000000000000000000000000000000000000000000001E
:2002E0000000000000000000000000000000000000000000000000000000000000000000FE
:200300000000000000000000000000000000000000000000000000000000000000000000DD
:200320000000000000000000000000000000000000000000000000000000000000000000BD
:2003400000000000000000000000000000000000000000000000000000000000000000009D
:2003600000000000000000000000000000000000000000000000000000000000000000007D
:2003800000000000000000000000000000000000000000000000000000000000000000005D
:2003A00000000000000000000000000000000000000000000000000000000000000000003D
:2003C00000000000000000000000000000000000000000000000000000000000000000001D
:1403E00000000000000000000000000000000000341221435F
:200400007E0059B3000000A0E2E59F801D1A607F00000000000000000000000000000000B6
:200420000000000000000000000000000000000000000000000000000000000000000000BC
:2004400000000000000000000000000000000000000000000000000000000000000000009C
:2004600000000000000000000000000000000000000000000000000000000000000000007C
:2004800000000000000000000000000000000000000000000000000000000000000000005C
:2004A00000000000000000000000000000000000000000000000000000000000000000003C
:2004C00000000000000000000000000000000000000000000000000000000000000000001C
:2004E0000000000000000000000000000000000000000000000000000000000000000000FC
:200500000000000000000000000000000000000000000000000000000000000000000000DB
:200520000000000000000000000000000000000000000000000000000000000000000000BB
:2005400000000000000000000000000000000000000000000000000000000000000000009B
:2005600000000000000000000000000000000000000000000000000000000000000000007B
:2005800000000000000000000000000000000000000000000000000000000000000000005B
:2005A00000000000000000000000000000000000000000000000000000000000000000003B
:2005C00000000000000000000000000000000000000000000000000000000000000000001B
:1405E00000000000000000000000000000000000341221435D
:200600007E0059B3000000A0E2E59F801D1A607F00000000000000000000000000000000B4
:200620000000000000000000000000000000000000000000000000000000000000000000BA
:2006400000000000000000000000000000000000000000000000000000000000000000009A
:2006600000000000000000000000000000000000000000000000000000000000000000007A
:2006800000000000000000000000000000000000000000000000000000000000000000005A
:2006A00000000000000000000000000000000000000000000000000000000000000000003A
:2006C00000000000000000000000000000000000000000000000000000000000000000001A
:2006E0000000000000000000000000000000000000000000000000000000000000000000FA
:200700000000000000000000000000000000000000000000000000000000000000000000D9
:200720000000000000000000000000000000000000000000000000000000000000000000B9
:20074000000000000000000000000000000000000000000000000000000000000000000099
:20076000000000000000000000000000000000000000000000000000000000000000000079
:20078000000000000000000000000000000000000000000000000000000000000000000059
:2007A000000000000000000000000000000000000000000000000000000000000000000039
:2007C000000000000000000000000000000000000000000000000000000000000000000019
:1407E00000000000000000000000000000000000341221435B
:201000007E0059B3000000A0E2E59F801D1A607F00000000000000000000000000000000AA
:201020000000000000000000000000000000000000000000000000000000000000000000B0
:20104000000000000000000000000000000000000000000000000000000000000000000090
:20106000000000000000000000000000000000000000000000000000000000000000000070
:20108000000000000000000000000000000000000000000000000000000000000000000050
:2010A000000000000000000000000000000000000000000000000000000000000000000030
:2010C000000000000000000000000000000000000000000000000000000000000000000010
:2010E0000000000000000000000000000000000000000000000000000000000000000000F0
:201100000000000000000000000000000000000000000000000000000000000000000000CF
:201120000000000000000000000000000000000000000000000000000000000000000000AF
:2011400000000000000000000000000000000000000000000000000000000000000000008F
:2011600000000000000000000000000000000000000000000000000000000000000000006F
:2011800000000000000000000000000000000000000000000000000000000000000000004F
:2011A00000000000000000000000000000000000000000000000000000000000000000002F
:2011C00000000000000000000000000000000000000000000000000000000000000000000F
:1411E000000000000000000000000000000000003412214351
:201200007E0059B3000000A0E2E59F801D1A607F00000000000000000000000000000000A8
:201220000000000000000000000000000000000000000000000000000000000000000000AE
:2012400000000000000000000000000000000000000000000000000000000000000000008E
:2012600000000000000000000000000000000000000000000000000000000000000000006E
:2012800000000000000000000000000000000000000000000000000000000000000000004E
:2012A00000000000000000000000000000000000000000000000000000000000000000002E
:2012C00000000000000000000000000000000000000000000000000000000000000000000E
:2012E0000000000000000000000000000000000000000000000000000000000000000000EE
:201300000000000000000000000000000000000000000000000000000000000000000000CD
:201320000000000000000000000000000000000000000000000000000000000000000000AD
:2013400000000000000000000000000000000000000000000000000000000000000000008D
:2013600000000000000000000000000000000000000000000000000000000000000000006D
:2013800000000000000000000000000000000000000000000000000000000000000000004D
:2013A00000000000000000000000000000000000000000000000000000000000000000002D
:2013C00000000000000000000000000000000000000000000000000000000000000000000D
:1413E00000000000000000000000000000000000341221434F
:201400007E0059B3000000A0E2E59F801D1A607F00000000000000000000000000000000A6
:201420000000000000000000000000000000000000000000000000000000000000000000AC
:2014400000000000000000000000000000000000000000000000000000000000000000008C
:2014600000000000000000000000000000000000000000000000000000000000000000006C
:2014800000000000000000000000000000000000000000000000000000000000000000004C
:2014A00000000000000000000000000000000000000000000000000000000000000000002C
:2014C00000000000000000000000000000000000000000000000000000000000000000000C
:2014E0000000000000000000000000000000000000000000000000000000000000000000EC
:201500000000000000000000000000000000000000000000000000000000000000000000CB
:201520000000000000000000000000000000000000000000000000000000000000000000AB
:2015400000000000000000000000000000000000000000000000000000000000000000008B
:2015600000000000000000000000000000000000000000000000000000000000000000006B
:2015800000000000000000000000000000000000000000000000000000000000000000004B
:2015A00000000000000000000000000000000000000000000000000000000000000000002B
:2015C00000000000000000000000000000000000000000000000000000000000000000000B
:1415E00000000000000000000000000000000000341221434D
:201600007E0059B3000000A0E2E59F801D1A607F00000000000000000000000000000000A4
:201620000000000000000000000000000000000000000000000000000000000000000000AA
:2016400000000000000000000000000000000000000000000000000000000000000000008A
:2016600000000000000000000000000000000000000000000000000000000000000000006A
:2016800000000000000000000000000000000000000000000000000000000000000000004A
:2016A00000000000000000000000000000000000000000000000000000000000000000002A
:2016C00000000000000000000000000000000000000000000000000000000000000000000A
:2016E0000000000000000000000000000000000000000000000000000000000000000000EA
:201700000000000000000000000000000000000000000000000000000000000000000000C9
:201720000000000000000000000000000000000000000000000000000000000000000000A9
:20174000000000000000000000000000000000000000000000000000000000000000000089
:20176000000000000000000000000000000000000000000000000000000000000000000069
:20178000000000000000000000000000000000000000000000000000000000000000000049
:2017A000000000000000000000000000000000000000000000000000000000000000000029
:2017C000000000000000000000000000000000000000000000000000000000000000000009
:1417E00000000000000000000000000000000000341221434B
:04000005A000000057
:00000001FF
