:0200000480007A
:200020004E414E006E616E00494E4600696E6600000600F000AE03F00100000000000000F4
:20004000000600F000AF03F00300000001000000000600F000AE03F00000000090000000DD
:20006000000600F000AE03F00100000090000000000600F000AF03F002000000900000002E
:20008000000600F000AF03F00300000090000000000A2CF000A003F0040000000000000078
:2000A000000A2CF000A003F00800000001000000000A2CF000AD03F00000000002000000B6
:2000C000000A2CF000AD03F00100000003000000000A2CF000A003F00800000098000000FD
:2000E000000A2CF000AD03F00000000090000000000B2CF000B503F00200000004000000D5
:200100000000000000000000000000000000000000000000000000000000000000000000DF
:200120000000000000000000000000000000000000000000000000000000000000000000BF
:2001400000000000000000000000000000000000000000000000000000000000000000009F
:2001600000000000000000000000000000000000000000000000000000000000000000007F
:2001800000000000000000000000000000000000000000000000000000000000000000005F
:2001A00000000000000000000000000000000000000000000000000000000000000000003F
:2001C00000000000000000000000000000000000000000000000000000000000000000001F
:2001E0000000000000000000000000000000000000000000000000000000000000000000FF
:20020000000B2CF000B503F00500000098000000000700F000AF03F00100000000000000D8
:20022000000700F000AF03F00500000001000000000700F000B403F0090000000200000076
:20024000000700F000AB03F00A00000004000000000700F000C103F00D000000050000003E
:20026000000700F000A203F00300000006000000000700F000A203F00200000090000000CB
:20028000000700F000AB03F00C00000090000000000700F000AF03F0000000009000000004
:2002A000000700F000AF03F00100000090000000000700F000AF03F00400000090000000E7
:2002C000000700F000AF03F00500000090000000000700F000B403F00A00000090000000B8
:2002E000000700F000C103F00C00000090000000000700F000C103F00D000000900000006F
:20030000000800F000AE03F00300000000000000000800F000A203F00100000001000000B2
:20032000000800F000AA03F00600000003000000000800F000C103F0080000000400000067
:20034000000800F000A203F00000000006000000000800F000A203F00000000090000000ED
:20036000000800F000AA03F00500000090000000000800F000AE03F0020000009000000028
:20038000000800F000AE03F00300000090000000000800F000C103F00800000090000000ED
:2003A000000800F000C103F00900000090000000000900F000AF03F0070000000000000056
:2003C000000900F000B403F00300000002000000000900F000A003F00100000004000000E7
:2003E000000900F000B503F00600000005000000000900F000A003F000000000980000002D
:20040000000900F000A003F00100000090000000000900F000AF03F006000000900000008E
:20042000000900F000AF03F00700000090000000000900F000B403F000000000900000005A
:20044000000900F000B403F00300000090000000000900F000B503F0070000009000000031
:20046000000A00F000A003F00C00000000000000000A00F000A003F009000000A8000000A5
:20048000000B00F000A003F00600000000000000000B00F000C103F0040000000100000014
:2004A000000B00F000B603F00300000002000000000B00F000A003F007000000900000006E
:2004C000000B00F000B603F00200000090000000000C00F000B603F000000000040000003D
:2004E000000C00F000B703F00100000005000000000C00F000B603F000000000B8000000F3
:20050000000E00F000C103F00600000003000000000E00F000C103F007000000A0000000C7
:20052000000F00F000B403F00600000004000000000F00F000B403F00700000090000000CE
:20054000000600F000000000000700F001000000000800F002000000000900F003000000B7
:20056000000A00F004000000000B00F005000000000C00F006000000000D00F00700000077
:20058000000E00F008000000000F00F009000000000A2CF00A000000000B2CF00B000000EB
:2005A0000050C348640000000050C3486400000014000000000000000000000001000000A8
:2005C000000000000000000000000000000000000000000000000000000001010700000012
:2005E00000000901000000000602000000000A0300000000000000000000000001010000DA
:2006000000000000002A00F000000000002B00F001000000000000000000000000000000A4
:2006200000000000000000000000000000000000000000000000010000010F00010F000099
:20064000000000000000000000000000000002000000000000A203F000000000880000007B
:20066000000002003000000000B603F00100000088000000000002003500000000B503F037
:200680000200000088000000000002005500000000AE03F005000000880000000000020049
:2006A0000800000000A203F00800000088000000000002000900000000A003F0000000006F
:2006C00088000000000102000A00000000A003F00100000088000000000102000B0000005B
:2006E00000A003F00200000088000000000102000100000000A203F00100000088000000BB
:20070000000102001F00000000C103F00900000088000000000102002F00000000B603F097
:200720000000000088000000000102003600000000B503F0030000008800000000010200C2
:200740005400000000AE03F00400000088000000000202000C00000000A003F00300000072
:2007600088000000000202000200000000A203F002000000880000000002020021000000A7
:2007800000C103F00B00000088000000000202003700000000B503F00400000088000000A3
:2007A000000202005300000000AE03F00300000088000000000302000D00000000A003F011
:2007C0000400000088000000000302000300000000A203F003000000880000000003020060
:2007E0003100000000B603F00200000088000000000302003800000000B503F005000000AB
:2008000088000000000302005200000000AE03F00200000088000000000402000E000000BA
:2008200000A003F00500000088000000000402000400000000A203F004000000880000006D
:20084000000402003200000000B603F00300000088000000000402003900000000B503F045
:200860000600000088000000000402003D00000000B403F00300000088000000000402006F
:200880005100000000AE03F00100000088000000000502000F00000000A003F0060000002E
:2008A00088000000000502002800000000C003F00400000088000000000502003A00000001
:2008C00000B503F00700000088000000000502000500000000A203F00500000088000000B3
:2008E000000602001000000000A003F00700000088000000000602002A00000000B703F0E2
:200900000100000088000000000602003B00000000B403F0000000008800000000060200D4
:200920000600000000A203F00600000088000000000702001100000000A003F008000000D9
:2009400088000000000702004000000000B403F0080000008800000000070200070000007F
:2009600000A203F00700000088000000010003000000000000A203F0000000008800000032
:20098000010002004400000000B403F00C00000088000000010002004C00000000AF03F0E4
:2009A0000500000088000000010002004D00000000AF03F006000000880000000100030026
:2009C0000800000000A203F00800000088000000010003000900000000A003F0000000004A
:2009E00088000000010102006700000000AA03F00100000088000000010103000A000000CF
:200A000000A003F00100000088000000010103000B00000000A003F002000000880000008D
:200A2000010103000100000000A203F00100000088000000010103001F00000000C103F0BA
:200A40000900000088000000010102004500000000B403F00D00000088000000010102007C
:200A60004E00000000AF03F00700000088000000010102004F00000000AF03F008000000FA
:200A800088000000010102005600000000AE03F006000000880000000102020068000000D8
:200AA00000AA03F00200000088000000010202006B00000000AA03F0050000008800000075
:200AC000010203000C00000000A003F00300000088000000010203000200000000A203F049
:200AE0000200000088000000010203002100000000C103F00B0000008800000001020200F9
:200B00004600000000B403F00E00000088000000010202005000000000AE03F0000000005C
:200B200088000000010302006900000000AA03F00300000088000000010302006C00000024
:200B400000AA03F00600000088000000010303000D00000000A003F0040000008800000037
:200B6000010303000300000000A203F00300000088000000010302004700000000AF03F05C
:200B80000000000088000000010403000E00000000A003F00500000088000000010403008F
:200BA0000400000000A203F00400000088000000010403003D00000000B403F00300000021
:200BC00088000000010402004800000000AF03F00100000088000000010503000F000000FB
:200BE00000A003F00600000088000000010503002800000000C003F0040000008800000064
:200C0000010503000500000000A203F00500000088000000010502004100000000B403F0B4
:200C20000900000088000000010502004900000000AF03F00200000088000000010603009C
:200C40001000000000A003F00700000088000000010603002A00000000B703F00100000083
:200C600088000000010602004200000000B403F00A00000088000000010603000600000058
:200C800000A203F00600000088000000010602004A00000000AF03F00300000088000000B1
:200CA000010703001100000000A003F00800000088000000010702004300000000B403F001
:200CC0000B00000088000000010702004B00000000AF03F0040000008800000001070300F3
:200CE0000700000000A203F00700000088000000020002001200000000A003F00900000017
:200D000088000000020002001A00000000C103F004000000880000000200020020000000C9
:200D200000C103F00A00000088000000020002005E00000000AD03F00300000088000000E0
:200D4000020102001B00000000C103F00500000088000000020102005F00000000AB03F030
:200D60000200000088000000020202001C00000000C103F00600000088000000020202007F
:200D80006000000000AB03F00300000088000000020302001500000000A003F00C0000000F
:200DA00088000000020302001D00000000C103F007000000880000000203020061000000DC
:200DC00000AB03F00600000088000000020402001E00000000C103F008000000880000007D
:200DE000020402002200000000C103F00C00000088000000020402006200000000AB03F079
:200E00000900000088000000020502002300000000C103F00D0000008800000002050900BC
:200E20004100000000B403F00900000088000000020502005B00000000AD03F00000000035
:200E400088000000020502006300000000AB03F00A00000088000000020602006400000000
:200E600000AB03F00B00000088000000020602002400000000C003F00000000088000000D8
:200E8000020602003E00000000B403F00600000088000000020602005C00000000AD03F0CF
:200EA0000100000088000000020702006500000000AB03F00C0000008800000002070200FC
:200EC0003F00000000B403F00700000088000000020702005D00000000AD03F00200000093
:200EE00088000000030003001200000000A003F00900000088000000030003001A0000000E
:200F000000C103F00400000088000000030003002000000000C103F00A0000008800000025
:200F2000030003005E00000000AD03F00300000088000000030103001B00000000C103F04C
:200F40000500000088000000030103005F00000000AB03F00200000088000000030203006E
:200F60001C00000000C103F00600000088000000030203006000000000AB03F0030000000A
:200F800088000000030303001500000000A003F00C00000088000000030303001D0000005E
:200FA00000C103F00700000088000000030303006100000000AB03F0060000008800000058
:200FC000030403001E00000000C103F00800000088000000030403002200000000C103F0C5
:200FE0000C00000088000000030403006200000000AB03F0090000008800000003050300B7
:201000002300000000C103F00D00000088000000030503005B00000000AD03F0000000005E
:2010200088000000030503006300000000AB03F00A0000008800000003060300640000001A
:2010400000AB03F00B00000088000000030603002400000000C003F00000000088000000F4
:20106000030603003E00000000B403F00600000088000000030603005C00000000AD03F0E9
:201080000100000088000000030703006500000000AB03F00C000000880000000307030016
:2010A0003F00000000B403F00700000088000000030703005D00000000AD03F002000000AF
:2010C00088000000608124F002388700FFFFFFFF648124F066D00000FFFFFFFF688124F0AE
:2010E00002380700FFFFFFFF6C8124F026980000FFFFFFFF248124F0C9000000FFFFFFFF7A
:20110000088124F001003630FFFFFFFF0C8124F00807690BFFFFFFFF288124F08E0421013E
:20112000FFFFFFFF488124F0B6730835FFFFFFFF4C8124F0466C9402FFFFFFFF088124F0B2
:2011400002003630FFFFFFFF108124F03B033600FFFFFFFF148124F01008690BFFFFFFFFE5
:20116000508124F00E710834FFFFFFFF548124F0446C9402FFFFFFFF188124F009003600BC
:20118000FFFFFFFF1C8124F00808690BFFFFFFFF208124F0941C2300FFFFFFFF588124F0B1
:2011A000B622081BFFFFFFFF5C8124F0466C9402FFFFFFFF2C8124F034040000FFFFFFFF0E
:2011C000308124F0825A0000FFFFFFFF348124F009090712FFFFFFFF08000000C410008026
:2011E000ACC5A7370200000024110080ACC5A7370D0000003C110080ACC5A737030000006E
:20120000D8110080160000000C120080608124F002388700FFFFFFFF648124F066D00000D0
:20122000FFFFFFFF688124F002380700FFFFFFFF6C8124F026980000FFFFFFFF248124F004
:20124000C9000000FFFFFFFF0C8124F00807690BFFFFFFFF288124F08E042101FFFFFFFF3C
:20126000488124F0B6730835FFFFFFFF4C8124F0466C9402FFFFFFFF088124F00200363005
:20128000FFFFFFFF108124F03B033600FFFFFFFF148124F01008690BFFFFFFFF508124F027
:2012A0000E710834FFFFFFFF548124F0446C9402FFFFFFFF188124F009003600FFFFFFFF64
:2012C0001C8124F00808690BFFFFFFFF208124F0941C2300FFFFFFFF588124F0B622081B71
:2012E000FFFFFFFF5C8124F0466C9402FFFFFFFF2C8124F034040000FFFFFFFF308124F003
:20130000825A0000FFFFFFFF348124F009090712FFFFFFFF00A003F00000000000A103F0DE
:201320000100000000A203F00200000000AA03F00A00000000AB03F00B00000000AC03F026
:201340000C00000000AD03F00D00000000AE03F00E00000000AF03F00F00000000B403F0CD
:201360001400000000B503F01500000000B603F01600000000B703F01700000000C003F069
:201380002000000000C103F02100000000C203F02200000000C803F028000000001C00F092
:2013A00000B403F00C00000000000000001C00F000B403F00C000000A0000000001C00F00F
:2013C00000B403F00E00000098000000001C00F000B403F00B00000098000000001C00F05E
:2013E00000B403F00D000000A8000000001C00F00000000000B403F008000000980000003E
:20140000001C00F00D00000000AF03F00000000098000000001C00F00100000000B403F0C5
:201420000900000098000000001C00F00200000000B403F00D00000098000000001C00F0A5
:201440000300000000AB03F00A00000098000000001C00F00400000000AB03F00B00000090
:2014600098000000001C00F00500000000AB03F00200000098000000001C00F00600000079
:2014800000B403F00A00000098000000001C00F00700000000C103F00500000090000000A7
:2014A000001C00F00800000000B403F00600000098000000001C00F00900000000B403F017
:2014C0000300000098000000001D00F000AA03F00100000000000000001D00F000AB03F01B
:2014E0000300000001000000001D00F000AA03F00100000090000000001D00F000AA03F003
:201500000300000098000000001D00F000AB03F00900000098000000001D00F000AA03F03A
:201520000200000098000000001D00F000AB03F00600000098000000001D00F000000000BB
:2015400000B403F008000000A0000000001D00F00A00000000AA03F00000000098000000F0
:20156000001D00F00100000000B403F009000000A0000000001D00F00200000000B403F057
:201580000D000000A0000000001D00F00300000000AB03F00A000000A0000000001D00F039
:2015A0000400000000AB03F00B000000A0000000001D00F00500000000AB03F0020000002C
:2015C000A0000000001D00F00600000000C103F00A00000090000000001D00F007000000F6
:2015E00000C103F00500000098000000001D00F00800000000AA03F004000000980000004C
:20160000001D00F00900000000AA03F005000000A0000000001E00F000AF03F004000000BE
:2016200000000000001E00F000AF03F00700000001000000001E00F000B503F0020000003A
:2016400002000000001E00F000B503F00300000002000000001E00F000AF03F0020000001B
:2016600004000000001E00F000AD03F00300000098000000001E00F000AF03F00500000068
:2016800098000000001E00F000AF03F00600000098000000001E00F000AD03F000000000B6
:2016A00098000000001E00F000AD03F00100000098000000001E00F000AF03F00300000098
:2016C00098000000001E00F000AF03F006000000A8000000001E00F000AF03F0080000005C
:2016E00098000000001E00F00000000000AF03F00200000098000000001E00F001000000F9
:2017000000AE03F00200000098000000001E00F00200000000AE03F006000000980000003F
:20172000001E00F00300000000AE03F00300000098000000001E00F00500000000AF03F0A7
:201740000100000098000000001E00F00600000000C103F00D000000A0000000001E00F06D
:201760000700000000B403F00A000000A0000000001E00F00800000000B403F0060000004E
:20178000A0000000001E00F00900000000B403F003000000A0000000001F00F000A203F0A4
:2017A0000500000000000000001F00F000A103F00500000002000000001F00F000A103F0D7
:2017C00006000000A0000000001F00F000A203F00600000098000000001F00F000AA03F075
:2017E0000600000098000000001F00F000A103F007000000A0000000001F00F000A203F05D
:201800000700000098000000001F00F00000000000A203F00400000098000000001F00F0DA
:201820000100000000A203F00000000098000000001F00F00200000000A203F001000000D3
:2018400098000000001F00F00300000000A003F00500000098000000001F00F0030000009C
:2018600000A203F00200000098000000001F00F00400000000A003F002000000B0000000E1
:20188000001F00F00400000000A203F00300000098000000001F00F00500000000A203F05C
:2018A0000800000090000000001F00F00600000000A003F00800000090000000001F00F041
:2018C0000700000000A003F00900000090000000001F00F00800000000AA03F0050000001C
:2018E00098000000002000F000C103F00D00000000000000002000F000B603F001000000C5
:2019000001000000002000F000B503F00200000002000000002000F000B503F0030000004F
:2019200002000000002000F000B603F003000000A0000000002000F000B603F00000000090
:2019400098000000002000F000C103F00C00000098000000002000F000B603F000000000CE
:20196000A0000000002000F000B603F001000000A0000000002000F000B603F003000000B1
:2019800098000000002000F000C103F00B00000098000000002000F00000000000C103F084
:2019A0000A00000098000000002000F00100000000C103F00900000098000000002000F00F
:2019C0000200000000C103F00800000098000000002000F00300000000B603F002000000F3
:2019E00098000000002000F00700000000A203F00100000090000000002000F007000000FB
:201A000000C103F00700000098000000001C00F000000000001D00F001000000001E00F04B
:201A200002000000001F00F003000000002000F004000000010102030405060608080A0A3E
:201A40000C0C0C0F0000003F0000803F0000A03F0000C03F0000004000002040002D310178
:201A60000100001D0500001F0101000017B7513903000000C41A008013012307FF0FFF0F0F
:201A800012021121BF0F3F3F011200000F3F000032000000FF000000000000003F000000E3
:201AA000000000003F000000000000003F000000B81A0080C01A00800000000000000000FC
:021AC000000024
:121AC400030017B7D138020017B7D138010017B7D13885
:201AD800006003F00000000000AF03F00400000000000000006003F00100000000AE03F000
:201AF8000300000000000000006003F00200000000AA03F00200000000000000006003F084
:201B18000200000000A203F00100000001000000006003F00200000000A003F00400000028
:201B380002000000006003F00300000000AA03F00300000000000000006003F0030000003F
:201B580000AE03F00100000001000000006003F00300000000A203F00000000002000000DD
:201B7800006003F00400000000C103F00700000000000000006003F00400000000AF03F042
:201B98000500000003000000006003F00500000000AF03F00800000000000000006003F0D0
:201BB8000600000000B403F00000000000000000006003F00600000000AB03F00A0000005F
:201BD80003000000006003F00700000000B403F00900000000000000006003F00700000086
:201BF80000AF03F00100000002000000001000F000000000001100F001000000001200F024
:201C180002000000009D0080129D0080229D0080329D0080429D0080529D0080629D008083
:201C3800729D0080829D0080949D0080A69D0080B89D0080CA9D0080DC9D0080EE9D00802A
:201C5800009E008000010504070602030607030201000405030206070405010005040001F0
:201C78000203070600030407020106050102050603000704050601020704030004070003D8
:201C98000605020107040300050601020605020104070003020106050003040703000704BC
:201CB80001020506060502010407000307040300050601020300070401020506020106059C
:201CD80000030407010205060300070400030407020106050407000306050201050601027C
:201CF80007040300030007040102050602010605000304070605020104070003070403005C
:201D180005060102040700030605020105060102070403000102050603000704000304073B
:201D380002010605050601020704030004070003060502010003040702010605010205061B
:201D58000300070402010605000304070300070401020506070403000506010206050201FB
:201D78000407000300040206010503070002020202020202020203010101010202020202FE
:201D98000202020202020202020202020204404040404040404040404040404040202020ED
:201DB8002020202020202040404040404040888888888888080808080808080808080808DB
:201DD80008080808080808084040404040409090909090901010101010101010101010100B
:201DF800101010101010101040404040020000000000000000000000000000000000000049
:201E18000000000000000000000000000000000000000000000000000000000000000000AA
:201E380000000000000000000000000000000000000000000000000000000000000000008A
:201E580000000000000000000000000000000000000000000000000000000000000000006A
:0D1E7800000000000000000000000000005D
:0F1E880053797374656D20496E69742E2E2E0088
:0E1E98004750533A204F4B005441534B3200F9
:0F1EA8004F4E20004F46460053746172743A004B
:091EB8005341564520444F5400EB
:171EC4004F4B2000537065656368205265636F676E6974696F6E0054
:031EDC00474F006D
:0A1EE0005441534B32204750530089
:0A1EEC0047505320706F696E7400B8
:061EF8007461736B310000
:051F00005341564500AD
:071F080046494E4953480011
:0E1F1000706F696E74206E756D6265723A00B6
:111F200057414B4555502020202020202020202000A3
:111F34004C4546545F5455524E2020202020202000E9
:111F480052494748545F5455524E20202020202000A2
:111F5C00484947485F4245414D202020202020200000
:111F70004C4F575F4245414D202020202020202000FA
:111F8400464F475F4C414D50202020202020202000E7
:111F980048415A4152445F4C414D5020202020200055
:061FAC007461736B32004A
:111FB400494E544552494F525F4C414D5020202000C7
:111FC800574950455220202020202020202020200021
:111FDC00484F524E5F315320202020202020202000BA
:111FF000484F524E5F325320202020202020202000A5
:11200400484F524E5F3353202020202020202020008F
:11201800484F524E5F32424545502020202020200013
:11202C00484F524E5F334245455020202020202000FE
:11204000484F524E5F344245455020202020202000E9
:11205400484F524E5F4C4F4E475F53484F52542000A6
:11206800484F524E5F555247454E542020202020005C
:06207C007461736B330078
:11208400484F524E5F414C41524D2020202020200088
:11209800504153535F4C454654202020202020200096
:1120AC00504153535F3120202020202020202020001C
:1120C000504153535F32202020202020202020200007
:1120D400504153535F332020202020202020202000F2
:1120E800504153535F52494748542020202020200013
:1120FC0052455455524E5F5249474854202020200096
:1121100052455455524E5F312020202020202020004E
:1121240052455455524E5F3220202020202020200039
:1121380052455455524E5F3320202020202020200024
:06214C007461736B3400A6
:1121540052455455524E5F4C45465420202020200070
:11216800464F52574152445F31304D202020202000A4
:11217C004241434B574152445F31304D202020200086
:11219000534E414B455F464F5257415220202020001C
:1121A400534E414B455F4241434B57415244202000DA
:1121B800434F554E544552434C4F434B574953450052
:1121CC00434C4F434B5749534520202020202020007E
:1121E0005455524E5F4C45465420202020202020003B
:1121F4005455524E5F524947485420202020202000F4
:11220800454E4420202020202020202020202020004E
:05221C004D454E550088
:11222400434C454152202020202020202020202000E2
:0D2238005441534B3220535045454348005C
:0D22480073746172742073706565636800C3
:12225800646973706C6179006D616B6520737572650001
:0E226C003E3E3E002020200064726976650030
:20227C0031333400353330003637390036373800363741003132300066696C653A202573F4
:01229C000041
:0D22A00066696C653A206D646B2F25730034
:0922B0006C696E653A202564009A
:1922BC000D0A66696C65202573206C696E652025643A2025732E0D0A00F2
:1522D8000D0A66696C65202573206C696E652025642E0D0A00CC
:0D22F000417373657274206572726F720025
:202300002E2E2F6C69627261726965732F7A665F636F6D6D6F6E2F7A665F636F6D6D6F6E87
:202320005F6669666F2E63000000000000000000002F000000000700070000147F147F1492
:2023400000242A7F2A1200626408132300364955225000000503000000001C2241000000A3
:2023600041221C000014083E08140008083E0808000000A060000008080808080000606022
:202380000000402010080402003E5149453E0000427F4000004261514946002141454B31BD
:2023A000001814127F10002745454539003C4A494930000171090503003649494936000609
:2023C0004949291E00003636000000005636000000081422410000141414141400004122E6
:2023E000140800020151090600324959513E007C1211127C007F49494936003E414141221B
:20240000007F4141221C007F49494941007F09090901003E4149497A007F0808087F0000A6
:20242000417F4100002040413F01007F08142241007F40404040007F020C027F007F0408A4
:20244000107F003E4141413E007F09090906003E4151215E007F091929460046494949315D
:202460000001017F0101003F4040403F001F2040201F003F4038403F0063140814630007AA
:202480000870080700615149454300007F414100020408102040000041417F0000040201AB
:2024A0000204004040404040000001020400002054545478007F4844443800384444442090
:2024C00000384444487F00385454541800087E0901020018A4A4A47C007F08040478000010
:2024E000447D4000004080847D00007F102844000000417F4000007C04180478007C080483
:20250000047800384444443800FC242424180018242418FC007C0804040800485454542017
:2025200000043F444020003C4040207C001C2040201C003C4030403C004428102844001C78
:20254000A0A0A07C004464544C44141414141414000000000000000000000000000000001B
:20256000000000F800000000000000333000000000100C06100C06000000000000000000BC
:2025800040C07840C0784000043F04043F040400007088FC08300000001820FF211E0000D7
:2025A000F008F000E018000000211C031E211E0000F00888700000001E21232419272110B7
:2025C00010160E00000000000000000000000000000000E01804020000000007182040004A
:2025E00000020418E00000000040201807000000404080F0804040000202010F0102020055
:20260000000000F0000000000101011F01010100000000000000000080B070000000000005
:20262000000000000000000000010101010101010000000000000000003030000000000033
:202640000000000080601804006018060100000000E010080810E000000F102020100F0091
:20266000001010F8000000000020203F202000000070080808887000003028242221300014
:2026800000300888884830000018202020110E000000C02010F8000000070424243F240045
:2026A00000F80888880808000019212020110E0000E0108888180000000F112020110E00CA
:2026C00000380808C83808000000003F000000000070880808887000001C222121221C00AD
:2026E00000E010080810E0000000312222110F00000000C0C0000000000000303000000075
:20270000000000800000000000008060000000000000804020100800000102040810200022
:20272000404040404040400004040404040404000008102040800000002010080402010086
:20274000007048080808F0000000003036010000C030C828E810E0000718272423140B00EE
:202760000000C038E0000000203C23020227382008F8888888700000203F202020110E0099
:20278000C030080808083800071820202010080008F808080810E000203F202020100F0074
:2027A00008F88888E8081000203F20202320180008F88888E8081000203F2000030000007D
:2027C000C03008080838000007182020221E020008F808000008F808203F210101213F2006
:2027E000000808F8080800000020203F2020000000000808F8080800C08080807F0000002B
:2028000008F888C028180800203F20012638200008F8080000000000203F20202020300013
:2028200008F8F800F8F80800203F003F003F200008F830C00008F808203F200007183F00D6
:20284000E01008080810E0000F10202020100F0008F808080808F000203F2101010100004F
:20286000E01008080810E0000F18242438504F0008F8888888887000203F2000030C3020AC
:2028800000708808080838000038202121221C00180808F8080818000000203F2000000051
:2028A00008F808000008F808001F202020201F000878880000C83808000007380E010000EC
:2028C000F80800F80008F800033C0700073C0300081868808068180820302C03032C302066
:2028E0000838C800C83808000000203F2000000010080808C8380800203826212020180022
:20290000000000FE020202000000007F40404000000C30C000000000000000010638C00079
:2029200000020202FE000000004040407F0000000000040202020400000000000000000046
:2029400000000000000000008080808080808080000202040000000000000000000000006F
:2029600000008080808000000019242222223F2008F8008080000000003F112020110E00A6
:202980000000008080800000000E112020201100000000808088F800000E112020103F20D9
:2029A0000000808080800000001F222222221300008080F0888888180020203F20200000FE
:2029C0000000808080808000006B94949493600008F8008080800000203F210000203F20DE
:2029E00000809898000000000020203F20200000000000809898000000C08080807F0000F9
:202A000008F8000080808000203F24022D302000000808F8000000000020203F202000006D
:202A20008080808080808000203F20003F20003F8080008080800000203F210000203F207A
:202A40000000808080800000001F202020201F00808000808000000080FFA12020110E0039
:202A60000000008080808000000E112020A0FF80808080008080800020203F212000010017
:202A800000008080808080000033242424241900008080E0808000000000001F202000009B
:202AA0008080000000808000001F202020103F20808080000080808000010E3008060100DA
:202AC00080800080008080800F300C030C300F0000808000808080000020312E0E312000FF
:202AE000808080000080808080818E701806010000808080808080000021302C22213000C8
:202B000000000000807C020200000000003F404000000000FF00000000000000FF000000F8
:202B20000002027C800000000040403F0000000000060101020204040000000000000000C2
:202B40002E2E2F6C69627261726965732F7A665F636F6D6D6F6E2F7A665F636F6D6D6F6E3F
:202B60005F66756E6374696F6E2E630080020000830200000800000029040000C4010000FE
:202B8000C5010000C601000000000000000000080808080008001414140000000014143EDE
:202BA000143E1414083C0A1C281E08303204081026060C120A042A122C0C0804000000008D
:202BC000100804040408101C22223C20100C00082A1C2A08000008083E0808000000000003
:202BE0001810080000003E00000000000000000C0C0020100804020102060E1E0E060220A6
:202C000030383C3830200000080808000000003E3E3E000000001E1E1E000000003C3C3CA8
:202C20000000201008080810201E10101010101E02040A040A0408000E000E000E00000C30
:202C40000C000C0C00000C0C000C08041008040204081000003E003E000004081020100816
:202C6000041C2220100800081C22202C3A221C040E040E040E041E22221E22221E1C220274
:202C80000202221C0E12222222120E3E02021E02023E3E02021E0202021C22023A22223C4A
:202CA0002222223E2222221C08080808081C3810101010120C22120A060A1222020202028A
:202CC00002023E22362A2A2222222222262A3222221C22222222221C1E22221E0202021C12
:202CE0002222222A122C1E22221E0A12223C02021C20201E3E080808080808222222222276
:202D0000221C222222222214082222222A2A2A1422221408142222222222140808083E200F
:052D2000100804023E52
:202D2800524D430047474100544853002E2E2F6C69627261726965732F7A665F646576698D
:162D480063652F7A665F6465766963655F6970733230302E630001
:202D60002E2E2F6C69627261726965732F7A665F6465766963652F7A665F6465766963654F
:072D80005F6B65792E630013
:202D880086028702620163012E2E2F6C69627261726965732F7A665F6472697665722F7A68
:202DA800665F6472697665725F657874692E63002E2E2F6C69627261726965732F7A665F5A
:172DC8006472697665722F7A665F6472697665725F70776D2E63002A
:202DE0005C0601806806018074060180800601808C06018098060180A4060180B00601806B
:202E0000BC060180C8060180D4060180E0060180EC060180F8060180040701801007018048
:202E20001C0701802807018034070180400701804C07018058070180640701807007018022
:202E40007C0701808807018094070180A0070180AC070180B8070180C4070180D007018002
:202E6000DC070180E8070180F4070180000801800C080180180801802408018030080180DD
:202E80003C0801804808018054080180600801806C080180780801808408018090080180BA
:202EA0009C080180A8080180B4080180C0080180CC080180D8080180E4080180F00801809A
:202EC000FC0801800809018014090180200901802C09018038090180440901805009018073
:202EE0005C0901806809018074090180800901808C09018098090180A4090180B009018052
:202F0000BC090180C8090180D4090180E0090180EC090180F8090180040A0180100A01802F
:202F20001C0A0180280A0180340A0180400A01804C0A0180580A0180640A0180700A018009
:202F40007C0A0180880A0180940A0180A00A0180AC0A0180B80A0180C40A0180D00A0180E9
:202F6000DC0A0180E80A0180F40A0180000B01800C0B0180180B0180240B0180300B0180C4
:202F80003C0B0180480B0180540B0180600B01806C0B0180780B0180840B01808E0B0180A3
:202FA000980B0180A20B0180AC0B0180B60B0180C00B0180CA0B0180D40B0180DE0B0180D9
:202FC000E80B0180F20B0180FC0B0180060C0180100C01801A0C0180240C01802E0C018034
:202FE000380C0180420C01804C0C0180560C0180600C01806A0C01802E2E2F6C6962726108
:1F300000726965732F7A665F6472697665722F7A665F6472697665725F7370692E6300CE
:203020002E2E2F6C69627261726965732F7A665F6472697665722F7A665F64726976657254
:0C3040005F756172742E630000A03CFFFD
:1230500073646820737468A0036568CA0BC300300090F8
:203068000F05D011174580010B00D0010F00B02142218B0101110F2010006B05002000905A
:203088003256FF0626003B00FEFF3FF617000F6510308B0602601745802600903256FF062B
:2030A80018003B00FEFF3FF60F000F6500308B060260174580260090A2F63705C13F0F6503
:2030C80010200090A2F682030F6500200090DA207FF60700174580360F6400200090A2F6A4
:2030E80082020F6400300090820C822D3C130757FFCF8755BFDFCE57460546048B148040C6
:203108008B05A050CE77460746068B1680608B07A07082028203820082013A260B2700F294
:203128006E023C4F0B6430F10B7500F20B75A0F26E04024002513C453A640B7500F26E036F
:2031480082123C3F3B0004E00B6030F10B7100F20B71A0F2DE1087559FFF06116701801FAB
:203168008B1FE0060248025906156745805F0614C2FE3CEB0284029506F067101F0006F1CB
:20318800C21E82087AE86E1D87559FFF06116701801F8B1FE0060B60C0A00B71D0B007BB1F
:2031A8009FFF06156745805F061406136723803F8B1FE0266E0302A002B1C2183FE8E67F6B
:2031C80076C7460346028B1280208B03A030DF2D0B00071DE0FF76F7460146008B1080004F
:2031E8008B01A01000903B00034040F440C5007074DF3B00034040C4007061000E00370ADF
:203208006800DA0A4BF011020070610006003BE0024040C4007054DFC21F74DF0070404FFE
:203228006D009429022F02F46D00902814F0B700010034F002F46D00A9290090DA0C7FF412
:203248000B00538420F0910000F8D9FF405010FFD4F23C02A0023C0100902010094F4C1815
:20326800161F3C0182003E0782203E0782405F0F28003C2982023C298202910000F8D9FF9B
:20328800B48149FF000A49A2000AA0F404FF242FFC4E913000FF39FF0016160F6E0F822420
:2032A8006D001B1D913000FF39FF0016160F10AF14FF4B0F61F14BF251203C013C066D0016
:2032C8009A1B3C0382023C013C01009082F282003C17538020F0910000F8D9FF405010FF38
:2032E800D4FF7D4F0D80538020F0910000F8D9FF405010FF481F370F48203C04C210BFC011
:20330800EAFF3C010090404F40F46DFFA8FF09FFD408370F6CF0C21F4B0F41F14BF2512078
:203328003C0100906DFFD4FF53C220F060FF9140003F30F3D93F101849F2080A3C01009068
:203348006DFFC6FF53C220F060FF9140003F30F3D9321018B0423C0100906DFFB9FF53C252
:2033680020F060FF9140003F30F3D93210183C010090494F081A3C0554FF345FB015C2F447
:20338800FF14FCFF02423C0100902010404F0B541088026A89A7080909FF4C18161F780387
:2033A8003C0140F46DFFB1FFC2188B4860F3370F68F074AF8B1A60F3370F68F0780154AFA5
:2033C8004B0F61F14BF941503BF026F19B3FA8F34BF5413082044B5251004B0071618210D9
:2033E8008F461FF06E0D7B0018144B1941104B1251104B0171118F411FF06E023C01026987
:20340800821882074B0061014B0241F04B0661014B0F51006B0031F582014B1F01F0AE04D7
:203428006B0031B53C056B0031F567FFBFBF4B3B01F016038B0F20F26E028214822D3C3917
:20344800DF2D05808210821E3C0773D70A004B8011028B1000E03C234B0D61A14BA241A02A
:20346800036D0AC04B0C61F14BFA51C06B0C31F5820A4BAF01F0AE046B0C31A53C056B0C40
:2034880031F567FFBFAF4BAB01F0370F61F16E0602AB02D8036D0A900207C2107F0EDEFF61
:2034A8004B3B01F016038B0F20F26E023C09C21DF647736D0AF03BF0FF007FF0C3FF82043C
:2034C80040F46D00360009FFE00837097000370F0CF089FFA00809FFE20837087000370F14
:2034E8000CF089FFA20809F0560854AFC2FF370F68F037F004F089FF160809F0570858016B
:2035080037F004F089FF170858026E03DA013C02DA0009F0570837F081F389FF170840F455
:2035280009A40C096D00050082123C010090094F4C18374F05F0894F0C18F6493C01094FE7
:203548004F18370FE1F33C01EEFB3C093C01094F4F18370FE1F33C01DF1FFBFF0090494F04
:20356800041A3C0A145F74FFB015C2F43C010C4E161FFF1FFE7FFF14F7FF02423C010090FD
:203588002008F4A4405DD4DFF44F40F46DFF49FE820440F46DFFCDFFDA0009F05A0837F09B
:2035A80002F089FF1A0809DFC80809F0D408C2FF370F70F037F00CF0ACFA09D46C0840F425
:2035C8006DFFB7FF09D4040909D54A0809D64D0809D74C0840F46DFFDAFE0228820440F4E3
:2035E8006DFFA7FF09DF7C086E0382103C028200087F370F01F22CF709DF56086E03DA010D
:203608003C02DA0009F05B0837F001F389FF1B0809DF540809F05B0837F081F389FF1B0882
:2036280009DF510809F0590837F083F089FF190809DF530809F05B0837F001F289FF1B0840
:2036480009DF550809F05C0837F004F089FF1C0809D0580808CF370F02F32CFC09DF59083D
:2036680009F0500837F002F389FF100809DF500809F0D80837F003F3ACFC09D05A0808DF35
:203688008BF0200337006800370F04F02CFD09DF5B0809F051088BFF20F3370F68F037F083
:2036A80004F089FF110809D05D0808CF370F02F22CFC09DF5E0809F0500837F002F289FFB4
:2036C800100809DF520809F05A0837F002F089FF1A0809DCA809BD0C7900D4CEBD0E2800FD
:2036E80009C0040809C95D084CE16E2109E4840909E44808370068506D00A10909E48409C3
:2037080009E4480802956D00CC09D4E2DA016E0382103C0282000C27370F81F22C27D4E242
:203728000CEC0920460837F002F02C2609CE8809BD0E1E0009C00C0809C95D084CE16E1790
:2037480009E4840909E44808370068506D00770909E4840909E4480802956D00A209D4E2B2
:203768000CEC0920440837F003F02C2409CE9009BD0E150009C5540809C95D0809E484093F
:2037880009E448080CECA6F56D00590909E4840909E4480802956D00840909CE9809BD0EF7
:2037A800150009C55C0809C95D0809E4840909E448080CECA6F56D00420909E4840909E41A
:2037C800480802956D006D0909D46C0840F46DFFB0FEDA0089FF001982FF6CFFDA00D4A2C1
:2037E8002C2E09DF6D082E0CDA016E03DA013C02DA0009F0421837F001F089FF021809DF9C
:203808006D082E1CDA016E03DA013C02DA0009F0421837F001F189FF021809DF6D082E2CDD
:20382800DA016E03DA013C02DA0009F0431837F001F189FF031809DF6D082E3CDA016E031E
:20384800DA013C02DA0009F0431837F081F189FF031809DF6D082E4CDA016E03DA013C02A1
:20386800DA0009F0431837F001F389FF0318DA002C2DDA002C2C09DF7D082C2FD2008920AC
:203888005409DA006C240C2F82003E0482103E043C0682193C063BC000903C0382093C01D5
:2038A8004CDC6E0C09D4B00909D4AE0802956D005A28D4A4894284093C0909D4AE08029570
:2038C8006D003D28D4A4894284094CDE6E0C09D4B80909D4B40802956D004528D4A48942AF
:2038E80088093C0909D4B40802956D002828D4A48942880909D9660809DFE208EE03DF191E
:20390800228040F46DFF1EFD09DFE2081420370F68F037F008F0342F0C21379F83F12C2158
:203928000C2396022C23DA016E03DA013C02DA0009F0431837F001F289FF03180C21960452
:203948002C2109DFE008EE03DF19228040F46DFF06FD09DFE0081420370F68F037F008F053
:20396800342F0C21379F83F12C210C2396022C23DA016E03DA013C02DA0009F0431837F048
:2039880081F389FF03180C2196042C2109DFE4086E2140F46DFFC8FC09DFE4081420370FDF
:2039A80068F037F008F0342F0C21379F83F12C210C2396022C23DA016E03DA013C02DA000C
:2039C80009F0421837F001F089FF02180C2196042C21DA016E03DA013C02DA0009F050082E
:2039E80037F081F089FF1008DA016E0382103C02820008CF370F81F02CFC09FF500896013C
:203A080089FF100808CF96012CFC02823C010090F445DA00894F3C08DA02894F2C08DA0125
:203A2800AC447B107EF46C41DA032C4ADA002C4CDA032C4DDA00894F1008DA01894F110853
:203A4800DA01894F1208DA00894F1308DA00894F1608DA00894F1408DA07894F1508DA0175
:203A6800894F1808DA01894F1908DA00894F1A08DA00894F1B08DA00894F1C08DA00894F41
:203A88001D08DA00894F1E08DA00894FA208DA00894FA008DA00894FA408DA00894F26082D
:203AA800DAFF894F2D08A00FEC4AA00FEC4EA00FEC4CDA00894FAE08DA00894FB408DA00B3
:203AC800894F3D080090D44F09FF760816013C016E0909FF7E08960189FF3E080C4E9601D9
:203AE8002C4E09FF7608370F61F13C016E0909FF7E08960489FF3E080C4E96022C4E09FF08
:203B08007708370F61F13C016E0909FF7F08960489FF3F080C4E96042C4E09FF7708370F9F
:203B2800E1F13C016E0909FF7F08960889FF3F080C4E96082C4E09FF7708370F61F33C012B
:203B48006E0909FF7F08964089FF3F080C4E96102C4E0090404F6D00F924022F02F46D00FB
:203B6800F523821074F002F46D0010253C0114FF370FE1F0BA0F3C01DF1FFB7F0090404F93
:203B88006D00E424022F02F46D00E02314F0B700010034F002F46D00F9243C0114FF370F1B
:203BA800E1F0BA0F3C016EFB0090FF240B00538420F0910000F8D9FF448010FFD4F23C02E0
:203BC800A0023C01009082F282003C17538020F0910000F8D9FF448010FFD4FF7D4F0D80E2
:203BE800538020F0910000F8D9FF448010FF481F370F48203C04C210BF20EAFF3C010090EA
:203C080002486DFFE2FF914000FFD9FF00B8530221F010FF534820F010F23C0100907643FD
:203C2800DF140980094F6C28375F02F0894F2C283C42DF240400DF340980094F6C28375FBD
:203C480002F1894F2C283C37DF440400DF540980094F6C28375F02F2894F2C283C2CDA0CF7
:203C68007E48094F6C28375F02F3894F2C283C23DA0A3E43DA0D7E48094F6D28375F02F0ED
:203C8800894F2D283C18DF640400DF740980094F6D28375F02F1894F2D283C0DDA083E4329
:203CA800DA097E48094F6D28375F02F2894F2D283C0200A00090404F0B451088026A6D00F1
:203CC8003D18022B4B8B51406D001536022082033C0782224B200102F6023C05C213DA1047
:203CE8003FF3F9FFDA107FF34B8076A682204B0911029AF03C029AF9370F700009F1E4084F
:203D08003701100089F0A408DA018200820137F101133701011789F138198F7300F1820082
:203D28005380201082700F10000009F2301982F4C64026020F1F00F0A6F289F230198F83F3
:203D480000F18B0F20F26E0DDA00538F20F0C23F82100FF0000009FF3019A60F89FF30190E
:203D680009FF701837AF81F389FF3018DA010F3F00F04B0F61F14BFB51203C0282023C0106
:203D88000090094054080C5C8B4FA0F237F001F3894F1408094051080C5C37F002F3894F05
:203DA80011080090404F024F02586D00C71702294BF951406D009F35022082033C078222FE
:203DC8004B200102F6023C05C213DA103FF3F9FFDA107FF33F80C2F83708700009F1D418E1
:203DE8003701100089F09418820082118202370201233712012789F238198F7300F1821096
:203E08005380201082700F10000009F2301982F4C64026020F1F00F0A6F289F230198F8312
:203E280000F18B0F20F26E0DDA01538F20F0C23F82100FF0000009FF3019A60F89FF30192C
:203E4800DA010F3F00F04B0F61F14BF951203C0282023C010090094054080C5C8B4FA0F2D8
:203E680037F081F3894F1408094054080C5C37F002F0894F14080090404D405FC86C89DC3C
:203E8800900914CF370FE1F0BA0F3C01EE0440C46DFF77FE09FF5C081E1409FF5D086E5CD5
:203EA800DA0182100FF000004CC1260F6E03DA013C02DA003C01EE08DA0182100FF0000049
:203EC8004CC1A60F6CC109FF69086E2248BF6E05C864C8B56DFFC1FFDA0109F07008532FC5
:203EE8002010C22182320F1200204CC582F3C632262F0F100000A60F6CC5483F370F70F0AD
:203F080009C0D41837F010F089CF94183C064824483540C46DFF48FF09FFF80809C0D0181E
:203F280037F010F089CF901809FF5D186E1409FF5D08EE1109FF7A0809C0741837F003F1ED
:203F480089CF341809FF7B0809C0741837F082F289CF34183C0109FF5C086E0709FF5D18FB
:203F6800EE0409FF5D086E644818820182100F1000004CC126F07603DA013C02DA003C01A8
:203F8800EE08820082110F0100104CC1A61F6CC109FF5D186E0B09FF5D08EE08484F6E068B
:203FA80009FF7A085E5248483C0109FF60086E31489F6E05C864C8956DFFE5FEDA0009F0DE
:203FC8006808532F20F09221DA030F1F00204CC582F3C632262F0F100000A60F6CC509FF19
:203FE800740809C0701837F081F389CF301809FF74085E16DA024BF811028BF01F8037082E
:2040080070F009C0E40837F010F089CFA4083C0854F409F6740840C402856DFF4EFE09FF06
:20402800F60809C0E00837F010F089CFA00809FEA019BD0E2300D4ECBCCF09EF080809C4D4
:20404800840909C44808370F68506D00F804D4C440C56DFF98FE09EC8409BCCF09EF080893
:2040680009C4840909C44808370F68506D00E704D4C440C56DFFF1FE09FFFE086E2CC862A1
:2040880009F07C08DA010F0F00F009203029A6F089203029C86409F47C0809F57D086DFFFC
:2040A800C0FDC86409F47D086DFFACFD09F0401809FFFE081421370F68F037F108F0342FC3
:2040C8000C21370F83F12C210C2396022C230C2196042C2109FFC4186E2CC86209F042187F
:2040E800DA010F0F00F009203029A6F089203029C86409F4421809F543186DFF92FDC864B2
:2041080009F443186DFF7EFD09F0461809FFC4181421370F68F037F108F0342F0C21370F54
:2041280083F12C210C2396022C230C2196042C2109FFCA186E2CC86209F04818DA010F0F8C
:2041480000F009203029A6F089203029C86409F4481809F549186DFF64FDC86409F449180E
:204168006DFF50FD09F04C1809FFCA181421370F68F037F108F0342F0C21370F83F12C21AD
:204188000C2396022C230C2196042C2109FFD0186E2CC86209F04E18DA010F0F00F00920C8
:2041A8003029A6F089203029C86409F44E1809F54F186DFF36FDC86409F44F186DFF22FD58
:2041C80009F0521809FFD0181421370F68F037F108F0342F0C21370F83F12C210C23960233
:2041E8002C230C2196042C2109FF5C0889DF140849FF141A49D2180AA02444FF642FFC4ECD
:2042080000902068910000F8D9FF606049FF000A49A2000AC506180044FF642FFC6E49AFFB
:20422800000A4942000AC506180044FF642FFC6E894598090090404F09FF5408DF1F37800D
:20424800C842DA008210820137F10113370101178921381909FF6108EE28487F6E1BC842F5
:20426800821009FF6008532020008B80001082300F1000000922341982F3C63026020F1F7C
:2042880000F0A6F289223419C844C8756DFFE5FD3C0BC842DA008210820137F181103701CE
:2042A8008114892138193C013C0109FF54086E0409FF61086E32C842DA018200820137F1F3
:2042C80001133701011789213819486F6E1BC842820009FF6008532020008B8000108230DB
:2042E8000F1000000922341982F3C63026020F1F00F0A6F289223419C844C8656DFF43FDF9
:204308003C0BC84FDA018200820137F181103701811489F138193C010090DA000950DA0824
:20432800370F0EF009505C08370F03F809505D08370F81F909505E08370F01FA09505F08F5
:20434800370F83FA09506108370F01FE09506008370F03FC6C458201095064083701031041
:204368000950650837018111095066083701041409506B083701011A09506708370103125A
:204388000950680837018113095069083701041609506C083701811A09506A0837010418A5
:2043A80009506D083701011B09506E083701011C09506F083701811C095F70086E03822017
:2043C8003C028200095F71086E03DA013C02DA00A6F03701021D095F720837F1041E8941ED
:2043E8001009095F0408534F20F0D45FD4FF10FF19F0C081095F730837F00102095F040896
:20440800534F20F0D45FD4FF10FF59F0C081095F06096C42095F0A096C43095F16096C41C0
:20442800095F1209744F095F6A086E0A095F6A081E17095F6A081E24095F0E096C460090F0
:20444800F4450090404F405CD4C2D42DF4FD09CF04082CF409CF0408530F22F010D2D9229F
:204468000002E822C82440C56DFF59FF820009CF63086E05DA0137F001083C04DA0137F0EE
:20448800810809FF0408534F20F010D25920C08109CFF4086E22D4F209FF0408BC21534F6C
:2044A80020F060FF9140003F30F3D93F30D83C0109C0760809CFF40814F1370F68F037F10F
:2044C80008F034FF081F370F83F12CF1083F96022CF3081F96042CF100902038910000F85E
:2044E800D9FF548049FF000A49A2000AA0D644FF642FFC6E49AF000A4942000AA0D644FFBB
:20450800642FFC6EF4450090404F6D001F20022F02F46D001B1F91A0003030F3D933C04F25
:204528001430B700010091A0003030F3D933C04F343002F46D002A200090094F302953240F
:204548002000570F62F0EE0382023C076D0008004B0F61F14BF251203C010090913000FF67
:2045680039FF3006370F64F2EE0382023C105E186D00E4137B0000F44BF241203C088204B7
:204588006D00AB134B0F61F14BF251203C013C01009037046800DA084BF00102DA0203F1F1
:2045A8000AF6370F68F0DF15068082220FF210203C0482120FF210203C010090404F026F34
:2045C80082066DFFE8FF6E04681268223C0268120090404F026F82066DFFDDFF6E0468424E
:2045E80068523C0268420090404F3B0001606DFFD2FF74F20090404F024F0269820602F45A
:204608006DFFC9FF02283B0001600BF910486DFFC2FF8F0201F0A6F868680090DA01744FF1
:204628000090804F53042800420F60FF3C0148423C010090BC41DA024BF50102534020F091
:2046480053042100600F9140003F30F3D93FF0B810F23C010090804F53042800420F60FFAB
:204668003C0168550090804F53042800420F60FF3C0168350090804F53042800420F60FF42
:204688003C0168450090804F53042800420F60FF3C0168250090804F53042800420F60FF42
:2046A8003C01481F375F02F06CF10090804F53042800420F60FF3C014890DA006CF948BF80
:2046C800375F02F06CFB68907663DA013C02DA0037F001F0767382103C028200370F81F015
:2046E8006CF90090804F53042800420F60FF3C01DF15048082103C028200481F370F81F595
:204708006CF10090404C405F8218D4F2F4C2084F2CC4084F3B008000E20FD4F2102291F0A0
:2047280000303023D93D000889CD880909FF05082CC549DE001A89CE8C0909FF53085E17DE
:2047480009F40508821540E46DFF50FF09F405088215821640E46DFF50FF09F4050809F5B1
:20476800500840D46DFFC0FF09F40508086540D46DFF93FF487F6E08C87409F4600809F535
:2047880061086D00310109FF56081E1509FF5708DF1F278009F4050809F5580809F656089F
:2047A80009F7570840D46DFF83FFD4F4084409F505086DFF41FF09F0590809FFDA0814214C
:2047C800370F68F037F108F0342F0C21370F83F12C210C2396022C230C2196042C2109FF4A
:2047E80053085E1E09F40508482540D46DFF4DFF09F40508483540D46DFF37FF3C0D09F414
:204808000508482540D46DFF38FF09F40508483540D46DFF22FF09F405088215820640E4EA
:204828006DFFCEFE09F405088215820640E46DFFD2FE09FF54085E1509C48C096DFFF0FE1C
:2048480002823C010090F445DA002C44DA002C45DA146C42DA0A6C43DA01894F1008DA025B
:204868002C46DA00894F1108DA00894F1308DA01894F1408DA00894F1608DA00894F1708B6
:20488800DA02894F1808DA00894F1908DA00AC4DA00FEC47DA80894F2008DA00894F21087F
:2048A8000090404F024FC83409F40508821502F66DFF86FEC83409F40508821502F66DFFFA
:2048C8008AFEC8346DFFACFE0090404F024FC83409F40508820502F66DFF72FEC83409F46C
:2048E8000508820502F66DFF76FEC8346DFF98FE0090594400C00090194F08C0370F78F0EB
:204908004B0F41F1194004C0370078004B0041014B0F51F06D0006004BF241203C01009031
:2049280082046DFF0CFE3C010090404F0B54108840F46DFFE3FF4B8251007B00F8136B018E
:2049480031004B0071814B0861116B0131007B00F0134B1001F0370F61F16E02C2186D0066
:20496800F51D022A02A46D00F11CDA00BE90DA013E9EDA023E9CDA033E9ADA043E98DA05F4
:204988003E96DA06BE91DA07BE9C3C28534920F010F2534920F010FF19FF0CC0378F18F052
:2049A800592F0CC03C1C534920F010F2534920F010FF19FF0CC0378F18F0592F0CC03C0F89
:2049C800534920F010F2534920F010FF19FF0CC0378F18F0592F0CC03C023C0102A46D00D2
:2049E800D51D0090404F0258481F8FDF1F00481F1607534F2020082F0F2F0010DA0F0F2F3E
:204A0800002091A0012FD922E05F534020F01022542F82F0C620260F2621A61F742FC82453
:204A280008CF09F55008A64502F46D000800C82408C402856D0035000090404F0B4510A8E3
:204A480049FC100A82404B0A01828F3A00F1538F20C09140002FD922800C7D2F15806D00A4
:204A6800751D022F02F46D00711C09F0201982110FA1101082F2C621261089F0201902F4AD
:204A88006D00841D534820F010CFDAFF0FCF00F00FCB10B002F302B249F240080090404FEA
:204AA8000B4510886D00521D022A02A46D004E1C49FF001ADA084BF801028F7800F1534F5D
:204AC8002040534020F010FFDA0F0F4F00F00F49109002F3029249F2400802A46D00561DFB
:204AE80000902020404CDA084BF401826D00CD10534920F010A2534920F010CF488F742F01
:204B080009CF500816FFC21F4B0F41F14BF25100534920F010AF14FF163FC21F4B0F41F10D
:204B28004BF05100534920F010AF14FF370F62F39211534920F010AF081F160342F15349AB
:204B480020F010AF081F370F62F142F14B0141F14BF051203C01009020080248405F370547
:204B6800E8FB8B0F20F26E01820949A6000A028440F56D003900DA0037F9019014AF37F9BC
:204B880083900CA137F903920CA237F983930CA337F903950CA437F983960CA537F90398A8
:204BA800081FAE63DA003C02DA0137F98199DA0037F9019A14FFAE53DA003C02DA0137F99C
:204BC800819ADA0037F9019B09FFC008370F66F3C2FF370F70F037F9859B3789049E0292F0
:204BE8003C010090406C82088209DA084BF40122094F500816FF9210534320F0104F09FF67
:204C08006008163FC21FE2F0534320F0104F09FF6008370F62F39211534320F0104F09FF5C
:204C28006108160342F1534320F0104F09FF6108370F62F142F173100AA0B025405D820B49
:204C48003C4E534B20F010DF54FFE2AF4B0F61F17B0000044B0F51C0820D820E3C3282108C
:204C6800532E20F00FF010004B0041F14BFC51F07B00F0036B00214F6D000F2EFF92218062
:204C8800532E20F00FF210F04B0F41F14BCF01F016068B0F20F26E09C2F28B0240F3370FEA
:204CA800689002E8821D3C0FFF820B809A12C2FF8B0F40F3370F689002E8821D3C04C21EF3
:204CC800BF8ECFFFF6D382798278532B20F010CF2819532B20F010CF34F8C21BBF3BB3FF23
:204CE8000090404C405F7641820854CF6E016D00CC0F3C0109CF500816FFC21F4B0F41F1E7
:204D08004BF251F03C017B00F8034BF0513048103B800040821502463700E81BBA016E0306
:204D28007B00F8037B00F8134B0151703B0040929B499794024A3C4D4B0A41014B0341004B
:204D48004B0751107B00F0236B0221114B0131B1DA407FBF05003B0004B03C0973AB0A1074
:204D6800FF410400822B3C034EB2821B4B0B41114B1041006B07311082024B2101F0AE04D4
:204D88006B0731003C056B0731F067FFBF0F4B9001F06F2F1E804B9001F0AE264B9001F0EC
:204DA800AE036F060580020902A602B56F061180DA004BF001F0AE27DA004BF001F0370FA9
:204DC80061F06E03DA003C02DA016E023C04C2FAFF2AB47F3F5409006F0607006F0505803D
:204DE800025F026502F6DA024BF601229AD2370F4800C2F5370568F037F80680DA024BF694
:204E080001421A52C2FF370F68F037F802838E03020F3C02DA0037F802858E0382323C01D6
:204E2800370268F037F80284088FAE43DA013C02DA0037F80186088FAE33DA003C02DA0188
:204E480037F88186089F370FE1F237F8018702823C0100907B0000F44BF45180544F6E01BB
:204E68006D00130F3C01BB0068099B80B104820182033C1DDA01534320400F4F00F04B0F88
:204E880061F14BF251406B0831F482054B5F01F0AE046B0831443C056B0831F467FFBF4F49
:204EA8004B0401F0AE230B431008C213BF83E4FF02123C0100900248BC416D00E60EDA0016
:204EC8004BF801F0AE217B0008F44BF841F04BF251004B0031F14B0F41F16B0F31F07B003F
:204EE800F0134B1F01F0AE244B0031F13C044B0031F1C21F8B1F40134B0161F14BF251F066
:204F08006B0F31F882004B0F01F0AE084B0161F14BF251F06B0F31583C094B0161F14BF224
:204F280051F06B0F31F867FFBF5F82463C2C4B0661F14BF841F04BF251F07B00F0036B0063
:204F480021FF4B0F710173600AF04B0F61F14BF251306B0331F882044B4F01F0AE046B035E
:204F680031383C056B0331F867FFBF3F4B5301F0AE247603023502013705E8FB6E02F602E9
:204F88003C06C2163B801FF07F6FD3FFC2F18B0140233C010090FF540B00538420F0910020
:204FA80000F8D9FF8C8110FFD4F23C02A0023C01009082F282003C17538020F0910000F8D5
:204FC800D9FF8C8110FFD4FF7D4F0D80538020F0910000F8D9FF8C8110FF481F370F482034
:204FE8003C04C210BF50EAFF3C010090494F102A3C0554FFB45FB025C2F4FF14FC7F0090B0
:20500800494F102A3C0554FF745FB045C2F4FF14FC7F0090494F102A3C0554FF345FB015C8
:20502800C2F4FF14FC7F0090DA010F4F10F0370F70F009410819765737017008A6F03701FF
:2050480010183C083701700882F2C6F2262037011018766737017000A6F0370110103C08A3
:205068003701700082F2C62F26F037011010894108190090DA084BF40102534120F0104F07
:2050880049FF241A3C06095FC00874FFB025C2F5FF15FB7F0090DA084BF40102534120F02B
:2050A800104F49FF241A3C05545F74FFB045C2F5FF15FC7F0090DA084BF40102534120F009
:2050C800104F49FF241A3C05145F74FFB015C2F5FF15FC7F0090094F5418EE047B1000F0F0
:2050E8003C02DA01CC4D094078080F0F10F06CF10090094288093C010090094F5418EE0344
:20510800DA013C037B1000F0CC4D094078080F0F10F06CF10090404F405C406D0248D4FE11
:2051280040E46D00A4050229DF093680ECE2084F96012CF4E84CA8A8821089F01618E86D76
:20514800A8E848FF6E05C8F240F42D02000009FF58181E1409FF58185E3540F46D008E09F3
:205168003C1A09FF5818DE4209E2A80909E4A809094FD818C2F837087000370F10F0892F50
:20518800981840F46D007A093C06C8AF09E488092D0F000002923C01009082020C44AE04D9
:2051A800D44F481F6E0282123C0100902010404C405DD4D2D42FF802C8AFF4AFD4DFF4CF00
:2051C8000CC4B70F01F02CC409DF640889CF171809DF650889CF181809DF260989CF1A19F6
:2051E80009DF2A0989CF1E190CD8370F61F1D4AF09F0510837F0010389F0110849DF1C0AA1
:20520800F8015E1754FFEE05DA0089CF04183C07CCD7481F370F68F089CF041809C0441800
:20522800DA084BF00182534920F0D4A4104F029440D56DFF58FD022F6CF809C4441849D5FB
:20524800080A4CD1D4A402F56DFF88FC022F6CCC09CF5018DE1309D40409D4A46DFFFCFD57
:20526800D4A4094F682837026800370F03F0894F282849C5081A6D000305821009CF441859
:205288000FF000008F0001100CD9AE43DA003C02DA0109C444180F4F10F0D4A4494F081AE5
:2052A8008F000140A640A6F10203021249F2400809CF7308370F64F28F7F00416DFF13FC44
:2052C8004B0231F189CF0A09D80154FFEE07A00FECCFA00F89CF80193C47D4FF09F2C8099F
:2052E80089C2F4090CD9370F61F289CF14180CD86F1F2280910000F8D9FF1E35ECCF910048
:2053080000F8D9FF024589CF801940C46DFFF7FED801D4FF09D5600809DA6108DA80C82494
:2053280008C4A6F56DFF8BFBC82408C402A56DFFB8FB3C1AA00FECCFA00F89CF801909A283
:205348008409D42F09D5600809DA6108D422092F5008C82408C4A6F56DFF71FBC82408C4BA
:2053680002A56DFF9EFB09DFC808370F66F389CF1518910000F8D9FFDA65ECCA910000F8BE
:20538800D9FFE835ECCBD80209FF46186E119110002F09F00518534920F0D4AF10FF49FF2E
:2053A800241A530022F0102280FF592F0C0282023C010090404C40C46D00011DA00FECC72D
:2053C800DA8089CF2008DA0089CF2108A00FECC7DA0089CF2008DA0089CF2408DA0289CF42
:2053E800250882FF89CF2609DA0089CF2A0900902040404C405DCCD5F80F6D00A7180228F4
:2054080002846D00A31714FFB70F01F034FF09DF58086E03DA003C02DA0114F037F081F191
:2054280034FF02846D00B218820809D4100909A4BC096DFF42FD370268F037F80880DA0FA6
:2054480037F80485DA0037F8828C09DF59086E03DA013C02DA0037F8818DDA0137F8028FF0
:20546800DA0137F8818E68484CD489CF0819820009DFC6086E043BF01FF03C02DA0037F09F
:205488000900820109DFC408EE0409DF66086E02821137108104820109DFC208EE0409DF9E
:2054A80066086E0282113710010509DF5B0837F0020809DF5C0837F0020909DF680837F0AD
:2054C800020D09DF690837F0020E685009DEA009BD0E3B00D4EFBCFF0CE409E85508C8143F
:2054E800088408C5A6F56DFFAAFAC814088402856DFFD7FACCE2BCFF0CEC09E85508C814E9
:20550800088408C5A6F56DFF9AFAC814088402856DFFC7FACCE4BD0F180009EF140809E8DA
:205528005508C8140884370F68506DFF88FAC814088402856DFFB5FAD4F2D4F40C4408C002
:20554800370F03F02C24D80FECCAF4CCDA006CC1A00FECC2910000F8D9FF1E45ECC59100F3
:2055680000F8D9FF2265ECC609DF66086E0C910000F8D9FFAE45ECC7910000F8D9FFA2251B
:20558800ECC83C0B910000F8D9FFD815ECC7910000F8D9FFFE05ECC8910000F8D9FFA0C529
:2055A800ECC909DF6608DF0F8C00DA0189CF061849A4000A9110005F6DFF44F749A4040A74
:2055C80049A5000A6DFF8BF709DF250889CF051809CF05182CA8DA0089AF2708DA0189AF36
:2055E8003408DA0089AF0A09DA0089AF2A08DA0089AF2F08DA00ACAFDA0089AF2308D80F5C
:2056080049FF241A80FF89AF0E09DA0089AF2D08DA0189AF3008DA0089AF2108DA0089AF4F
:205628002208DA0089AF20080CD889AF3A0809DFC40889AFB80849C4380A49A5040A6DFF3D
:2056480003F709DF240889CF041809CF04182CA8DA0089AF2708DA0189AF3408D80F49FF39
:20566800102A80FF89AF0A09DA0089AF2A08DA0189AF2F08DA0089AF0E09DA0089AF2D0820
:20568800DA0089AF3008DA00ACAFDA0089AF2108DA0089AF2208DA0089AF2308DA0089AFBD
:2056A80020080CD889AF3A0809DFC20889AFB80849C42C0A49A5040A6DFFC6F63C04DA0031
:2056C80089CF0618BBF0FFFFD80F89FF141909CF46186E4509A4BC096DFF6DFC914000FF07
:2056E800D9FF3038534221F010FF3C01821009DF2508370F70F014F1370F68F037F108F060
:2057080034FF081F370F83F12CF1083F96022CF3081F96042CF109A4BC096DFF4CFC91407D
:2057280000FFD9FF3038534221F010FFB04F3C01821009DF2408370F70F014F1370F68F042
:2057480037F108F034FF081F370F83F12CF1083F96022CF3081F96042CF13C6D09DFC408B7
:205768006E2109A4BC096DFF26FC914000FFD9FF3038534221F010FF3C0109D0480809DF7F
:20578800C40814F1370F68F037F108F034FF081F370F83F12CF1083F96022CF3081F960482
:2057A8002CF109DFC2086E2209A4BC096DFF03FC914000FFD9FF3038534221F010FFB04FE1
:2057C8003C0109D0480809DFC20814F1370F68F037F108F034FF081F370F83F12CF1083F6E
:2057E80096022CF3081F96042CF109DFC6086E2309A4BC096DFFDFFB914000FFD9FF3038FD
:20580800534221F010FF49FF080A3C0109D0480809DFC60814F1370F68F037F108F034FF5F
:20582800081F370F83F12CF1083F96022CF3081F96042CF1D80F09FF5308960189FF130802
:205848000090404F405C40F46D00051BE85CDA0089FF1808DA0089FF1908DA0089FF1A08F7
:20586800DA0089FF1B08DA0089FF1C08DA0089FF2808DA0089FF2908A002E88282FF89FFDB
:20588800240882FF89FF2508DA0089FF2608BB00C2FB9BEFC3F46CF40090911000CF0948A4
:2058A80004186DFF28FC402F530822F010C2392F1E02370F61F18B0F2002DF100D805308D3
:2058C80022F010C2530822F010C4394F1F029604E92F1F023C01DF00110009FF00196E065D
:2058E80009F2801940F42D020000084FB70F01F02CF4D4F46D004C02530822F010CF39FF74
:205908001E02370FE1F18B0F20F25E1C530822F010CF530822F010C2392F1F029604E9FF8B
:205928001F023C010090404C40C46DFFE4FB402F9110005F09C1051809C6A80949F7100A66
:20594800530122F01052392F1E02370FE1F18B0F2002DF100D80530122F01052530122F071
:205968001054394F1F029604E92F1F023C01DF001A00530122F0105F39FF1E02370F61F144
:205988008B0F20F25E1C530122F0105F530122F01052392F1F029604E9FF1F023C011D00B6
:2059A800BC0009FF58181E1509FF5818DF3F2580530122F0105F39FF1E02370F61F18B0FDE
:2059C80020F25E1C530122F0105F530122F01052392F1F029604E9FF1F023C01534120F089
:2059E800105F534120F01052392FC2819602E9FFC2811D00920009FF5818DF4F248053016F
:205A080022F0105F39FF1E02370F61F18B0F20F25E1C530122F0105F530122F01052392FE2
:205A28001F029604E9FF1F023C01534120F0105F534120F01052392FC2819602E9FFC281D6
:205A48003C6B530122F01052392F1E02370F61F18B0F2002DF100D80530122F0105253015B
:205A680022F01054394F1F029604E92F1F023C01DF00530088AFBF2F5000530122F0105280
:205A8800530122F01054394F1F029604E92F1F02534120F01052534120F01054394FC281DF
:205AA8009602E92FC281547FEE0C48CF8210370F01F0896F201909FF1A19896F24193C2C35
:205AC80048CF8210370F01F0896F201909FF5518FF9F0A80D47288AF102F09FF7FF8896FDD
:205AE80024193C1A09F05518DA103F0F0D8088AFC2FF532F20F0D47F10FF09FFC008896F2C
:205B080024193C0A88AFC2FF534F20F0D47F10FF54FF896F24190090404C09C2A809092F96
:205B2800C0188FFF1F813C01BBF0FF0F8920141940C46DFFE0FA402F911000DF6F080700D4
:205B480009FF5918960189FF19186F18070009FF5918960289FF19186F28070009FF591805
:205B6800960489FF19186F78070009FF5918968089FF19186F38070009FF5918960889FF47
:205B880019186F48070009FF5918961089FF19186F58070009FF5918962089FF19186F68A9
:205BA800070009FF5918964089FF1918DF08110009FF00196E0609F2801940F42D0200004A
:205BC800084FB70F01F02CF4D4F46D00E10009CF46186E3109C00418530022F010DF39FF33
:205BE8001E02370F61F18B0F20F25E1C530022F010DF530022F010D2392F1F029604E9FF19
:205C08001F023C0109C00518530022F010DF39FF1E02370F61F18B0F20F25E1C530022F069
:205C280010DF530022F010D2392F1F029604E9FF1F023C010090404F40F46DFF5CFA09257A
:205C4800AC0940242D050000484FC21F6CF40090404F40F46DFF4FFA0925A80940242D059C
:205C68000000483FC21F6CF30090DA01494F0408EE0382023C0282123C0100900C5109408C
:205C88006A2837F001F0894F2A280C5209406A2837F001F1894F2A280C5309406A2837F04B
:205CA80081F1894F2A280C5409406A2837F001F2894F2A280C5509406A2837F001F3894F92
:205CC8002A280C5609406A2837F081F3894F2A280C5709406B2837F001F3894F2B28009053
:205CE800404FD4F2D4220924A80949FC180A094F4218370FE3013C0188EF0B0F80F1370FAB
:205D0800508054CFEE0A82003C05094110293C01C2103F80FC7F3C2609F05518FF900B801F
:205D2800D4C502846DFF78F9D4C201280026F4C23C1909F05518DA103F0F0C80D4C5028426
:205D48006DFF56F9532820F0D4C21022F4C23C0AD4C502846DFF56F9534820F0D4C21022E4
:205D6800F4C288EFA28FACFE88EFEE1009FF00196E0609F2801940F42D020000084FB70FF5
:205D880001F02CF4D4F46D0003000090DA006C4100902008404F49FD100AD4F2D42C09CF56
:205DA8004618DF0F7E02911000EF09C4A809F4A46DFF01F9534221F03C0109C8051809C960
:205DC80004184DC0E2FF370FE1F78B0F20A23C010D00400300003C0188AFBF2FE50088AF2C
:205DE80092F0530822F010E2530822F010E4B94F140237007000370F0EF0F92F140209FF0A
:205E08005518FF9F10808200530822F010E2530822F010E4394F1602370F83F2E92F160212
:205E28003C2109F05518DA103F0F10808210530822F010E2530822F010E4394F1602370F97
:205E480083F2E92F16023C0E8220530822F010E2530822F010E4394F1602370F83F2E92F76
:205E6800160254DFEE4049F21A1A802FB70F1C007B0000FDFE014DC0E1FF16073C0149F2A8
:205E88001A1A8020B7000C0AB770030E7B000011E21FA2F03C0449F21A1A8020530822F046
:205EA80010E259200802820082118222530822F010E219231002370303303713813137233C
:205EC8000434530822F010E259231002530822F010E2530822F010E4394F12029610E92F7B
:205EE80012023C3A54DFB70F1C007B0000FD7E0F4DC0E1FF16073C0154D0B7000C0AB77097
:205F0800030E7B000011E21FA2F03C0254D0530822F010E259200802820082118202530811
:205F280022F010E219231002370303303713813137230434530822F010E2592310025308C4
:205F480022F010E2530822F010E4394F1202B70F01F2E92F1202D4A24922241A530822F0C7
:205F680010E4802F594F0C02820082118202530822F010E21923100237030332371381330D
:205F880037230436530822F010E259231002530822F010E2530822F010E4394F1F02960475
:205FA800E92F1F0288A0530922F010E2530922F010E4B94F140237007000370F0EF0F92F85
:205FC800140209FF5518FF9F10808200530922F010E2530922F010E4394F1602370F83F261
:205FE800E92F16023C2109F05518DA103F0F10808210530922F010E2530922F010E4394F02
:206008001602370F83F2E92F16023C0E8220530922F010E2530922F010E4394F1602370FE1
:2060280083F2E92F1602486FEE4049F21E1A802FB70F1C007B0000FDFE014DC0E1FF160749
:206048003C0149F21E1A8020B7000C0AB770030E7B000011E21FA2F03C0449F21E1A802071
:20606800530922F010E259200C02820082118222530922F010E21923100237030332371311
:20608800813337230436530922F010E259231002530922F010E2530922F010E4394F120264
:2060A8009620E92F12023C3B486FB70F1C007B0000FDFE004DC0E1FF8F7F00013C01486F80
:2060C800B70F0CFAB77F031E7B0000F1E2F0A2013C024861530922F010E259210C02820063
:2060E80082118202530922F010E219231002370303323713813337230436530922F010E272
:2061080059231002530922F010E2530922F010E4394F1202B70F81F2E92F1202530922F0B8
:2061280010E2530922F010E4394F1F029604E92F1F02BBF0FFFFD4A4894F14196DFF3BF7C3
:206148009140002FD9223038534221F010223C010C2396022C23D4A46DFF2DF79140002FA1
:20616800D9223038534221F01022B0423C010C2396022C23D4A46DFF1EF79140002FD922A3
:206188003038534221F010224922080A3C010C2396022C23530922F010E2530922F010E425
:2061A800394F1F029604E92F1F02534920F010E2534920F010E4394FC2819601E92FC28160
:2061C80088AFBF2F2B00530822F010E2530822F010E4394F1F029604E92F1F02534820F080
:2061E80010E2534820F010E4394FC2819601E92FC28109FF5718EE0948CF8200370F01F00B
:20620800D4AF89FF20193C0848CF8210370F01F0D4AF89FF20193C3F54DFEE0E48CF821077
:20622800370F01F0D4A2892F201909FF1A19D4AF89FF24193C3048CF8210370F01F0D4A273
:20624800892F201909FF5518FF9F0B80D4D288AF102F09FF7FF8D4AF89FF24193C1C09F073
:206268005518DA103F0F0E8088AFC2FF532F20F0D4DF10FF09FFC008D4AF89FF24193C0B38
:2062880088AFC2FF534F20F0D4DF10FF54FFD4AF89FF241976A30D0000031D00EE0088AF84
:2062A800BF1FEB00D4F2D422092CA80909FF7308370F644209CF421816073C018B4F000195
:2062C80009FF56185E12C2F088AF7E02C2F088AF0B0F80F1370F5080BF18CF0088AF52802E
:2062E800A8A088AFEE0382113C02820109FF5618DE11BF28100088AF6E0D4DC0E20F37008F
:20630800E1078B0020923C010D00400300003C013C084DC0E20F3700E1078B0020923C01AB
:2063280009FF5618DE14820089F0161809FF5718EE0848CF8200370F01F089CF20193C07B3
:2063480048CF8210370F01F089CF201954DFEE1E09F01A19DF01130082013C0489C024191D
:20636800C2119AF83FF1FC7F48CF8211371F01F089CF201989C024193C08DA003C0489C056
:206388002419C21F3F8FFD7F3C7409FF5518FF9F2480DF011800BF280800D4D59AF840C400
:2063A80002F56DFF8AF648CF8210370F01F089CF2019D4DF01F800F609FF7FF889CF2419CB
:2063C8003C06D4D540C402856DFF77F6D4DF01F800F6F4DF3C4E09F05518DA103F0F278022
:2063E800DF011A00BF280800D4D59AF840C402F56DFF42F648CF8210370F01F089CF201961
:20640800C2F8532820F0D4DF10FF09FFC00889CF24193C0BD4D540C402856DFF2DF6532883
:2064280020F0D4DF10FFF4DF3C24DF011900BF280800D4D59AF840C402F56DFF2EF648CF8A
:206448008210370F01F089CF2019C2F8534820F0D4DF10FF54FF89CF24193C0BD4D540C4D7
:2064680002856DFF1AF6534820F0D4DF10FFF4DF76930D00000300902008404D49DF100A31
:20648800D4D2D42C8CDA82404B0F0102F6188CDA82404B0F0102370068F03C088CDA82403B
:2064A8004B0F0102370068F0C21F370F688009DF58189E4B8CDA3B0001004B0F0102F6198A
:2064C8008CDA3B0001004B0F0102370068F03C098CDA3B0001004B0F0102370068F0C21F72
:2064E80042F8C2F83708688009CF4618DF0F2102911000EF09C4A809F4A46DFF5CF553423A
:2065080021F03C0109C9051809CA04184DC0E2FF370FE1F78B0F20B23C010D004003000042
:206528003C01530922F010E2530922F010E4B940140237800E00F92014028220530922F041
:2065480010E2530922F010E4394F1602370F83F2E92F160254FFB70F1C007B0000FD7E0F1A
:206568004DC0E1FF16073C0154F0B7000C0AB770030E7B000011E21FA2F03C0254F0530986
:2065880022F010EF59F00802820082118202530922F010EF19F31002370303303713813102
:2065A80037230434530922F010EF59F31002530922F010EF530922F010E2392F1202B70F67
:2065C80001F2E9FF120209DF58189E4DD4AF49FF1C1A530922F010E280FF592F0C02820089
:2065E80082118202530922F010EF19F31002370303323713813337230436530922F010EF83
:2066080059F31002530922F010EF530922F010E2392F1F029604E9FF1F028CDA82404B0F99
:206628000102F6188CDA82404B0F0102370068003C088CDA82404B0F010237006800C210E3
:20664800530A22F010EF530A22F010E2B92F140237007000370F0EF0F9FF14028220530A6D
:2066680022F010EF530A22F010E2392F1602370F83F2E9FF16024CD6EE4049DF1E1A80FF36
:20668800B70F1C007B0000FDFE014DC0E1FF16073C0149DF1E1A80F0B7000C0AB770030E7D
:2066A8007B000011E21FA2F03C0449DF1E1A80F0530A22F010EF59F00C0282008211822225
:2066C800530A22F010EF19F31002370303323713813337230436530A22F010EF59F3100259
:2066E800530A22F010EF530A22F010E2392F12029620E9FF12023C3C4CD6B70F1C007B009E
:2067080000FDFE004DC0E1FF8F7F00013C014CD6B70F0CFAB77F031E7B0000F1E2F0A20117
:206728003C0309D11809530A22F010EF59F10C02820082118202530A22F010EF19F310022C
:20674800370303323713813337230436530A22F010EF59F31002530A22F010EF530A22F087
:2067680010E2392F1202B70F81F2E9FF1202530A22F010EF530A22F010E2392F1F0296047C
:20678800E9FF1F02BBF0FFFFD4A4894F14196DFF12F4914000FFD9FF3038534221F010FF8B
:2067A8003C01083F96022CF3D4A46DFF04F4914000FFD9FF3038534221F010FFB04F3C01B9
:2067C800083F96022CF3D4A46DFFF5F3914000FFD9FF3038534221F010FF49FF080A3C018B
:2067E800083F96022CF3530A22F010EF530A22F010E2392F1F029604E9FF1F02534A20F0EB
:2068080010EF534A20F010E2392FC2819601E9FFC28109DF5818DF3F308009D09408DA10E0
:206828003FF00A0009D0F208DA0F37F085F389DFB2083C0B09D0F2088CDAC2FF370F70F0B3
:2068480037F085F389DFB20809D09408DA103FF0090009DF7008B70F01F089DF30083C06DF
:2068680009DF7008960189DF300809DF7208964089DF32083C3709DF5818DF1F248009D059
:206888009408DA103FF00A0009D0F208DA0F37F085F389DFB2083C0B09D0F2088CDAC2FF73
:2068A800370F70F037F085F389DFB20809DF7008960189DF300809DF7208964089DF3208F8
:2068C8003C1109DF7008960189DF300809DF7208964089DF320809DFF208B70F85F389DF6A
:2068E800B208530922F010EF530922F010E2392F1F029604E9FF1F02534920F010EF534996
:2069080020F010E2392FC2819601E9FFC28109DF58181E464CDCD4AF89FF1C193C054CDC73
:20692800D4AF89FF201976B30D0000033C010090534420F0910000F8D9FF849110FF54F194
:20694800404CB04C913000FFD9FF00069130002F392F1B06370F62F3EE06BB00C2FB9BEFFF
:20696800CBF43C1A9130002F392F1B06370F62F35E16BB0068F99B8FB9F43C0E9130002F45
:20698800392F1B06370F62F35E26BB0068F99B8FB9F43C02DA003C0109F059083700E70087
:2069A800C2104B0041014B0F410009FF5B081607C21F4B0F41F14BF051F07B802C044B01ED
:2069C80051007B0000144B104100BB00A01B9BB1A5144B1F51F04BF041F0744F544F7B00C0
:2069E80020047B00F0136B0F61416D00841FB4C2009020108208910000F8D9FFB48149FF23
:206A0800000A49A2000AA0F404FF242FFC4E913000FF39FF0116370F62F282103E0482201C
:206A2800BE073C1C82146D005801913000FF39FF0116160F6E0C913000FF39FF0116160FF3
:206A480010AF14FF4B0F61F14BF251803C08BB0068899B88B9843C013C023C0102823C01D9
:206A6800009002486D00B2018200DA003E86DA013E89DA023E8C3C10913000FF19F0002671
:206A88003C0D913000FF19F004263C08913000FF19F008263C0382023C01760B8B0004F176
:206AA8004B0F61F17B0028044B0F51F04BF241203C010090913000FFD9FF00069130002FE7
:206AC800392F1B06370F62F3EE06BB00C2FB9BEFCBF43C1A9130002F392F1B06370F62F36B
:206AE8005E16BB0068F99B8FB9F43C0E9130002F392F1B06370F62F35E26BB0068F99B8FFF
:206B0800B9F43C02DA003C0109F069083700E700C2104B0041014B0F411009FF6B08160741
:206B2800921009FF6C081607C21FE2F04B0041F14BF151203C010090913000FFD9FF0006CA
:206B48009130002F392F1B06370F62F3EE06BB00C2FB9BEFCBF43C1A9130002F392F1B0695
:206B6800370F62F35E16BB0068F99B8FB9F43C0E9130002F392F1B06370F62F35E26BB006E
:206B880068F99B8FB9F43C02DA003C0109F068086F001F8009F069083700E700C2104B0044
:206BA80041014B0F411009FF6B081607921009FF6D081607C21FE2F04B0041F1BBD0CC0C79
:206BC8009BC0FC034B0F41F04BF151203C1909F069083700E700C2104B0041014B0F411034
:206BE80009FF6B081607921009FF6D081607C21FE2F0532020F04B0F41F14BF151203C010D
:206C08000090913000FFD9FF00069130002F392F1B06370F62F3EE06BB00C2FB9BEFCBF475
:206C28003C1A9130002F392F1B06370F62F35E16BB0068F99B8FB9F43C0E9130002F392FD9
:206C48001B06370F62F35E26BB0068F99B8FB9F43C02DA003C0109F059083700E700C2105A
:206C68004B0041014B0F411009FF5C081607921009FF5B081607C21FE2F04B0041F14BF1B5
:206C880051203C01009082088202913000FF39FF3706370F62F282103E0482203E063C09D2
:206CA80082146D001A003C0682246D0016003C023C01913000FF39FF3706160F6E0A913036
:206CC80000FF39FF3706160F4B0F41F14BF2518002823C010090913000FF39FF3306370FB1
:206CE80062F282003E0482103E083C23BB00C22B9BE2CB243C013C1FDA003E46DA013E47D3
:206D0800DA02BE413C136DFF7EFF3C126DFFD4FE913000FF39FF3406AE757B0000F44BF2CB
:206D280051203C066DFF0AFF3C0382023C013C0382023C013C01009082046DFFCEFF9130D6
:206D480000FF39FF3106370F6302DA003E0EDA015F0F2400DA025F0F2600DA035F0F28009C
:206D6800DA045F0F2A003C2D913000FF39FF3206160F6E07913000FF39FF3206160F5E139C
:206D880082023C0A913000FF39FF3206160F4B0F41F14BF251203C177B001FF44BF2512003
:206DA8003C127B0027F44BF251203C0D7B002FF44BF251203C087B0037F44BF251203C03CD
:206DC80082023C013C01009082046DFF86FF913000FF39FF3106370F6302DA003E0CDA01CD
:206DE800BE0CDA02BE0FDA035F0F2200DA045F0F24003C27913000FF39FF3106160FEE0393
:206E080082023C0A913000FF39FF3106160F4B0F41F14BF251203C177B001FF44BF2512083
:206E28003C127B0027F44BF251203C0D7B002FF44BF251203C087B0037F44BF251203C034C
:206E480082023C013C010090404F82029130002FD92228A6542F370F6EF18FFF83113C0149
:206E68009130002F192F28A66F1F12008F2120F096019130002F192028A6370070088F00D8
:206E88002100A60F9130002F592F28A68F2120F096029130002F192028A6370070088F0041
:206EA8002100A60F9130002F592F28A63C019130002F192F28A61601DF1FFB7F3B000001A0
:206EC8003C05C2F04E0382123C089130002F392F3306370FE1F3EEF69130002F192F300691
:206EE8008200370F02FE8210370F01FF9130002F592F30063B0000013C05C2F04E03821228
:206F08003C089130002F392F3306370FE1F3EEF6DABC9130002F592FB4069130002F192F96
:206F2800A0563B20FE0F260F9130002F592FA0569130002F192FA4563B20FE0F260F9130B8
:206F4800002F592FA4569130002F192FA8563B20FE0F260F9130002F592FA856DA00913094
:206F6800002F592FB4069130002F392F1A06B70F01F09130002FE92F1A069130002F392FE9
:206F88002A06B70F01F09130002FE92F2A063B0000F33C05C2FF4EF382123C0D9130002F8C
:206FA800392014066F10F87F9130002F392024066F10F27F084F1E13084FDE289130002F28
:206FC800192F10068200370F82F254F03B90D03306634B3011428B141F0037006800370F23
:206FE80005F89130002F592F10069130002F19201806086F37F0030C087F37F08704084F7A
:2070080037F0020F9130002F592018069130002F1920280608EF37F0010008AF37F0030C46
:2070280008BF37F087049130002F592028069130002F392F1A0696019130002FE92F1A0601
:207048009130002F392F2A0696019130002FE92F2A063B0000F33C05C2FF4EF382123C117F
:207068009130002F392014063700E100DF10F67F9130002F392024063700E100DF10EE7F42
:207088003B0000063C05C2F04E0382123C169130002F392F1406370FE1F26EF69130002F9E
:2070A800392F2406370FE1F26EEF9130002F392F2406370F61F26EE89130002F39201C06E4
:2070C800088F37F003F09130002FE92F1C069130002F19202C0608CF37F0030008DF37F063
:2070E80003049130002F59202C063B0000063C05C2F04E0382123C169130002F392F140609
:20710800370FE1F26EF69130002F392F2406370FE1F26EEF9130002F392F2406370F61F2D7
:207128006EE83BF0490206503C05C2F04E0382123C0C9130002F392F1006AE179130002FE2
:20714800392F11066F0FF37F9130002F392F1A0696049130002FE92F1A069130002F392F26
:207168002A0696049130002FE92F2A063B0000F33C05C2FF4EF382123C0D9130002F39206E
:2071880014066F20F87F9130002F392024066F20F27FDABC9130002F592FB406DA059130EC
:2071A800002F592FA006DA1D9130002F592FA076DA009130002F592FB4069130002F1920B0
:2071C8003006DA0137F0020EDA0137F0010F3B0000313C05C2F34E3382123C089130002FA2
:2071E800392F3306370FE1F3EEF69130002F592030063B0000013C05C2F04E0382123C08F1
:207208009130002F392F3306370FE1F3EEF69130002F192F28A66F1F12008F2120F09601DA
:207228009130002F192028A6370070088F002100A60F9130002F592F28A686218F3140F15D
:207248009130002F192028A6370070088F002100A60F9130002F592F28A63C019130002FA8
:20726800192F28A66F0FFC7F022F3C01EE0509F498196D008502DF0FCF8149F21C0A8202D1
:207288009130004FD94428A6544F370F6EF18FFF83113C019130004F194F28A66F1F12005E
:2072A8008F2120F096019130004F194028A6370070088F002100A60F9130004F594F28A69E
:2072C8008F2120F096029130004F194028A6370070088F002100A60F9130004F594F28A67D
:2072E8003C019130004F194F28A61601DF1FFB7F9130004F19403006488F82F3C63F26F06E
:20730800488F5423263FA6F03B0000313C05C2F34E3382123C089130002F392F3306370F8A
:20732800E1F3EEF69130002F592030063B0000013C05C2F04E0382123C089130002F392F3E
:207348003306370FE1F3EEF69130002F19203406370062F2EE07370062FAEE04370062FEEF
:207368006E369130002F1920340648AF82F3C63F26F048AF4893263FA6F0DA0037F00202A5
:20738800DA0037F0020ADA0037F0020E3B0000313C05C2F34E3382123C089130002F392FB4
:2073A8003706370FE1F3EEF69130002F592034063B0000013C05C2F04E0382123C089130CE
:2073C800002F392F3706370FE1F3EEF69130002F1920340648AF82F3C63F26F048AF489317
:2073E800263FA6F03B0000313C05C2F34E3382123C089130002F392F3706370FE1F3EEF63C
:207408009130002F592034063B0000013C05C2F04E0382123C089130002F392F3706370F8E
:20742800E1F3EEF69130002F192F0016370F62F66E309130002F1920001648CF82F3C63F32
:2074480026F048CF48B3263FA6F0DA0037F002063B0000313C05C2F34E3382123C0891307C
:20746800002F392F0316370FE1F3EEF69130002F592000163B0000013C05C2F04E038212C3
:207488003C089130002F392F0316370FE1F3EEF69130002F1920001648CF82F3C63F26F04B
:2074A80048CF48B3263FA6F03B0000313C05C2F34E3382123C089130002F392F0316370F45
:2074C800E1F3EEF69130002F592000163B0000013C05C2F04E0382123C089130002F392FBD
:2074E8000316370FE1F3EEF69130002F19200C1648EF82F3C63F26F048EF48D3263FA6F00E
:20750800DA0137F0010F3B0000313C05C2F34E3382123C089130002F392F0F16370FE1F3FF
:20752800EEF69130002F59200C163B0000013C05C2F04E0382123C089130002F392F0F16FF
:20754800370FE1F3EEF69130002F1920002609FF001982F3C63F26F009F3001948FF26F3B0
:20756800A6309130002F592000269130002F192F042609F0081982F3C630260F09F0081968
:2075880009F304192630A60F9130002F592F04269130002F192F082609F0101982F3C6302A
:2075A800260F09F0101909F30C192630A60F9130002F592F08269130002F192F28A66F1F06
:2075C80012008F2120F096019130002F192028A6370070088F002100A60F9130002F592FB7
:2075E80028A686218F3140F19130002F192028A6370070088F002100A60F9130002F592F9A
:2076080028A63C019130002F192F28A66F0FFC7F022F3C01DF0FB18049FC140A820891301D
:20762800002FD92228A6542F370F6EF18FFF83A13C0182091D009C009130002F192F28A6E9
:207648006F1F12008F2A20F096019130002F192028A6370070088F002100A60F9130002F27
:20766800592F28A68F2A20F096029130002F192028A6370070088F002100A60F9130002F50
:20768800592F28A63C019130002F192F28A61601DF1FFB7F3B0000063C05C2F04E0382189B
:2076A8003C089130002F392F1406370FE1F26EF69130002F39201C06536920F0C8621022FC
:2076C800142F37F003F09130002FE92F1C069130002F192F28A66F1F12008F2A20F0960115
:2076E8009130002F192028A6370070088F002100A60F9130002F592F28A68F2A20F09603CF
:207708009130002F192028A6370070088F002100A60F9130002F592F28A63C019130002FE3
:20772800192F28A66F0FFC7F536920F0C8621022092B020982046DFFD0FA9130002F392FB7
:207748003006160F4B0F41F14BF251F03C014BBF41F04B0F71F185F110013C0185F010013E
:20776800A2103FF0FDFFC2193709689014CF3FF965FF028F3C0102F23C0100902008144F78
:2077880009444108DF1F298049A4000A6DFFD2F86D00F006022F02F46D000006913000FFBA
:2077A80019F1200609A0C408BB00402FA62037011010913000FF59F12006913000FF19F0DB
:2077C8001806821137100101913000FF59F0180602F46D0002070090DA018B0401000F0FFB
:2077E80010F0913000FF59FF248600908FF43F10913000FFD9FF28A654FF370F6EF18FFF71
:2078080083213C01913000FF19FF28A66F1F12008F2220F09601913000FF19F028A6370013
:2078280070088F002100A60F913000FF59FF28A68F2220F09602913000FF19F028A6370056
:2078480070088F002100A60F913000FF59FF28A63C01913000FF19FF28A61601DF1FFB7FEB
:207868006F041500913000FFD9FF1086534120F010F2913000FFD9FF1086534120F010FFC3
:20788800083F375F03F22C233C13913000FFD9FF1086534120F010F2913000FFD9FF10866E
:2078A800534120F010FF081F375F03F22C21913000FF19FF28A66F1F12008F2220F0960170
:2078C800913000FF19F028A6370070088F002100A60F913000FF59FF28A686228F3240F175
:2078E800913000FF19F028A6370070088F002100A60F913000FF59FF28A63C01913000FFF2
:2079080019FF28A66F0FFC7F00908FF43F10913000FFD9FF28A654FF370F6EF18FFF83218E
:207928003C01913000FF19FF28A66F1F12008F2220F09601913000FF19F028A6370070081E
:207948008F002100A60F913000FF59FF28A68F2220F09602913000FF19F028A63700700835
:207968008F002100A60F913000FF59FF28A63C01913000FF19FF28A61601DF1FFB7F6F04CF
:207988001500913000FFD9FF1086534120F010F2913000FFD9FF1086534120F010FF083FCE
:2079A800B70F01F02C233C13913000FFD9FF1086534120F010F2913000FFD9FF10865341D4
:2079C80020F010FF081FB70F01F02C21913000FF19FF28A66F1F12008F2220F096019130F6
:2079E80000FF19F028A6370070088F002100A60F913000FF59FF28A686228F3240F1913054
:207A080000FF19F028A6370070088F002100A60F913000FF59FF28A63C01913000FF19FF79
:207A280028A66F0FFC7F00908FF43F10913000FFD9FF28A654FF370F6EF18FFF83213C0148
:207A4800913000FF19FF28A66F1F12008F2220F09601913000FF19F028A6370070088F00AB
:207A68002100A60F913000FF59FF28A68F2220F09602913000FF19F028A6370070088F0014
:207A88002100A60F913000FF59FF28A63C01913000FF19FF28A61601DF1FFB7F6F04150028
:207AA800913000FFD9FF1086534120F010F2913000FFD9FF1086534120F010FF083FB70FFC
:207AC80081F02C233C13913000FFD9FF1086534120F010F2913000FFD9FF1086534120F0E9
:207AE80010FF081FB70F81F02C21913000FF19FF28A66F1F12008F2220F09601913000FF66
:207B080019F028A6370070088F002100A60F913000FF59FF28A686228F3240F1913000FF32
:207B280019F028A6370070088F002100A60F913000FF59FF28A63C01913000FF19FF28A689
:207B48006F0FFC7F00908FF43F10913000FFD9FF28A654FF370F6EF18FFF83213C01913034
:207B680000FF19FF28A66F1F12008F2220F09601913000FF19F028A6370070088F0021002A
:207B8800A60F913000FF59FF28A68F2220F09602913000FF19F028A6370070088F002100F3
:207BA800A60F913000FF59FF28A63C01913000FF19FF28A61601DF1FFB7F6F041400913068
:207BC80000FFD9FF1086534120F010F2913000FFD9FF1086534120F010FF083F96012C237C
:207BE8003C12913000FFD9FF1086534120F010F2913000FFD9FF1086534120F010FF081F53
:207C080096012C21913000FF19FF28A66F1F12008F2220F09601913000FF19F028A637000C
:207C280070088F002100A60F913000FF59FF28A686228F3240F1913000FF19F028A6370011
:207C480070088F002100A60F913000FF59FF28A63C01913000FF19FF28A66F0FFC7F0090ED
:207C68008FF43F10913000FFD9FF28A654FF370F6EF18FFF83213C01913000FF19FF28A6B7
:207C88006F1F12008F2220F09601913000FF19F028A6370070088F002100A60F913000FF79
:207CA80059FF28A68F2220F09602913000FF19F028A6370070088F002100A60F913000FFD2
:207CC80059FF28A63C01913000FF19FF28A61601DF1FFB7F6F041400913000FFD9FF2C8633
:207CE800534120F010F2913000FFD9FF2C86534120F010FF083F96202C233C12913000FF7F
:207D0800D9FF2C86534120F010F2913000FFD9FF2C86534120F010FF081F96202C21913043
:207D280000FF19FF28A66F1F12008F2220F09601913000FF19F028A6370070088F00210068
:207D4800A60F913000FF59FF28A686228F3240F1913000FF19F028A6370070088F002100F0
:207D6800A60F913000FF59FF28A63C01913000FF19FF28A66F0FFC7F00908FF43F10913061
:207D880000FFD9FF28A654FF370F6EF18FFF83213C01913000FF19FF28A66F1F12008F22D8
:207DA80020F09601913000FF19F028A6370070088F002100A60F913000FF59FF28A68F22D2
:207DC80020F09602913000FF19F028A6370070088F002100A60F913000FF59FF28A63C0125
:207DE800913000FF19FF28A61601DF1FFB7F6F041400913000FFD9FF1086534120F010F2EB
:207E0800913000FFD9FF1086534120F010FF083F96022C233C12913000FFD9FF108653413B
:207E280020F010F2913000FFD9FF1086534120F010FF081F96022C21913000FF19FF28A695
:207E48006F1F12008F2220F09601913000FF19F028A6370070088F002100A60F913000FFB7
:207E680059FF28A686228F3240F1913000FF19F028A6370070088F002100A60F913000FFCF
:207E880059FF28A63C01913000FF19FF28A66F0FFC7F00908FF43F10913000FFD9FF28A610
:207EA80054FF370F6EF18FFF83213C01913000FF19FF28A66F1F12008F2220F096019130F4
:207EC80000FF19F028A6370070088F002100A60F913000FF59FF28A68F2220F096029130B0
:207EE80000FF19F028A6370070088F002100A60F913000FF59FF28A63C01913000FF19FF95
:207F080028A61601DF1FFB7F6F041400913000FFD9FF1086534120F010F2913000FFD9FF09
:207F28001086534120F010FF083F96082C233C12913000FFD9FF1086534120F010F29130D9
:207F480000FFD9FF1086534120F010FF081F96082C21913000FF19FF28A66F1F12008F22F0
:207F680020F09601913000FF19F028A6370070088F002100A60F913000FF59FF28A6862219
:207F88008F3240F1913000FF19F028A6370070088F002100A60F913000FF59FF28A63C0119
:207FA800913000FF19FF28A66F0FFC7F0090DA010F4F00F0913000FF19F0208626F0760363
:207FC80082123C0282023C0100908FF43F10913000FFD9FF28A654FF370F6EF18FFF832114
:207FE8003C01913000FF19FF28A66F1F12008F2220F09601913000FF19F028A63700700858
:208008008F002100A60F913000FF59FF28A68F2220F09602913000FF19F028A6370070086E
:208028008F002100A60F913000FF59FF28A63C01913000FF19FF28A61601DF1FFB7F6F0408
:208048001500913000FFD9FF1086534120F010F2913000FFD9FF1086534120F010FF082F17
:20806800375F03F22C223C13913000FFD9FF1086534120F010FF9130002FD92210865341DA
:2080880020F01022142F375F03F234FF913000FF19FF28A66F1F12008F2220F09601913036
:2080A80000FF19F028A6370070088F002100A60F913000FF59FF28A686228F3240F191308D
:2080C80000FF19F028A6370070088F002100A60F913000FF59FF28A63C01913000FF19FFB3
:2080E80028A66F0FFC7F009002410262913000FFD9FF28A654FF370F6EF18FFF83313C019D
:20810800913000FF19FF28A66F1F12008F2320F09601913000FF19F028A6370070088F00E3
:208128002100A60F913000FF59FF28A68F2320F09602913000FF19F028A6370070088F004C
:208148002100A60F913000FF59FF28A63C01913000FF19FF28A61601DF1FFB7F6F011F005A
:208168008B05014082100F40100086F1913000FFD9FF2C86534120F010FF9130002FD922D6
:208188002C86534120F01022542F82F1C610260F0F420020A62F74FF3C1B82100F5010003D
:2081A80086F1913000FFD9FF2C86534120F010FF9130002FD9222C86534120F01022542F4D
:2081C80082F1C610260F0F520020A62F74FF913000FF19FF28A66F1F12008F2320F09601B1
:2081E800913000FF19F028A6370070088F002100A60F913000FF59FF28A686238F3340F14A
:20820800913000FF19F028A6370070088F002100A60F913000FF59FF28A63C01913000FFC8
:2082280019FF28A66F0FFC7F00908FF43F10913000FFD9FF28A654FF370F6EF18FFF832165
:208248003C01913000FF19FF28A66F1F12008F2220F09601913000FF19F028A637007008F5
:208268008F002100A60F913000FF59FF28A68F2220F09602913000FF19F028A6370070080C
:208288008F002100A60F913000FF59FF28A63C01913000FF19FF28A61601DF1FFB7F6F04A6
:2082A8001500913000FFD9FF2C86534120F010F2913000FFD9FF2C86534120F010FF083F6D
:2082C800375F02F32C233C13913000FFD9FF2C86534120F010F2913000FFD9FF2C8653419F
:2082E80020F010FF081F375F02F32C21913000FF19FF28A66F1F12008F2220F096019130F9
:2083080000FF19F028A6370070088F002100A60F913000FF59FF28A686228F3240F191302A
:2083280000FF19F028A6370070088F002100A60F913000FF59FF28A63C01913000FF19FF50
:2083480028A66F0FFC7F00904DC0E1FF16073C0153CF20F060FF9130003F30F3D93F0C9609
:2083680054FF2E1B8F2420F0960154F0370070088F002100A60F74FF86248F2440F154F062
:20838800370070088F002100A60F74FF3C0154FF1601DF1FFE7F0090913000FF19FF28A6F6
:2083A8006F1F12008F2420F09601913000FF19F028A6370070088F002100A60F913000FF50
:2083C80059FF28A686248F2440F1913000FF19F028A6370070088F002100A60F913000FF76
:2083E80059FF28A63C01913000FF19FF28A61601DF1FFB7F00904DC0E1FF16073C01913045
:2084080000FFD9FF0C9653CF20F010FF54FF2E1B8F2420F0960154F0370070088F00210001
:20842800A60F74FF8F2420F0960254F0370070088F002100A60F74FF3C0154FF1601DF1F41
:20844800FE7F084F96082CF454FF2E1B8F2420F0960154F0370070088F002100A60F74FFC1
:2084680086248F3440F154F0370070088F002100A60F74FF3C0154FF6F0FFF7F00909130AE
:2084880000FF19FF28A66F1F12008F2420F09601913000FF19F028A6370070088F002100FF
:2084A800A60F913000FF59FF28A68F2420F09602913000FF19F028A6370070088F002100C8
:2084C800A60F913000FF59FF28A63C01913000FF19FF28A61601DF1FFB7F913000FF39FF8F
:2084E8002CA69608913000FFE9FF2CA6913000FF19FF28A66F1F12008F2420F09601913029
:2085080000FF19F028A6370070088F002100A60F913000FF59FF28A686248F3440F1913024
:2085280000FF19F028A6370070088F002100A60F913000FF59FF28A63C01913000FF19FF4E
:2085480028A66F0FFC7F00904DC0E1FF16073C0153CF20F060FF9130003F30F3D93F0C9607
:2085680054FF370F6EF18FFF83213C013C010090913000FFD9FF28A654FF370F6EF18FFFD3
:2085880083213C013C0100904DC0E1FF16073C0153CF20F060FF9130003F30F3D93F0C9670
:2085A80054FF2E1B8F2420F0960154F0370070088F002100A60F74FF86248F3440F154F010
:2085C800370070088F002100A60F74FF3C0154FF6F0FFF7F0090913000FF19FF28A66F1FBC
:2085E80012008F2420F09601913000FF19F028A6370070088F002100A60F913000FF59FF44
:2086080028A686248F3440F1913000FF19F028A6370070088F002100A60F913000FF59FF23
:2086280028A63C01913000FF19FF28A66F0FFC7F0090F647094F40189601894F00183C0840
:20864800DF140780094F40189604894F00180090F647094F7C089601894F3C083C08DF14CB
:208668000780094F7C089610894F3C080090FF340B00538420F0910000F8D9FFC40110FFE3
:20868800D4F23C02A0023C01009082F282003C17538020F0910000F8D9FFC40110FFD4FF2B
:2086A8007D4F0D80538020F0910000F8D9FFC40110FF481F370F48203C04C210BF30EAFF42
:2086C8003C010090404C405F09C0380909C13C0914FFEE0C083F37F00500082F37F005049A
:2086E800081F37F1011182183C0F14FF5E1C083F37F00508082F37F0050C081F37F1011352
:2087080082183C02820889C13C0989C0380940C46DFFBDFF09FFC8086E26081FEE0991404F
:20872800002FD92200C8538220F010223C099140002FD92200C8538220F01022B04208A06F
:2087480009FFC8081421370F68F037F108F0342F0C21370F83F12C210C2396022C230C216C
:2087680096042C2108264CC4820102F009C32C0982020F20A0400F31A0503C016DFF90D486
:208788003C0114FF534F20F010C28922300914F440C46DFF50FF14F440C46DFF5BFF082652
:2087A8004CC4820102F009C32C0982020F20A0400F31A0503C016DFF73D43C0114FF534F86
:2087C80020F010C2481F42F28922300902823C01009091000048D9443C7182129130002FB8
:2087E800192F34A6370F6EF18FFF83313C019150022F392F2C081601DF1F7080094584099D
:208808003C648F2320F07BC0FF0FA60F9130002F592F34A63C019130002F192F34A6370F09
:20882800E1F0DF1FFA7FCC513C0DD4F25420482F82F1C61F26F0481FA6F0D4F2742049FFC4
:208848000C0A80F0145F53CF20104C5142F13F10EEFF9150022F392F0B4896409150022F04
:20886800E92F0B488F2320F07BC0FF0FA60F96029130002F592F34A63C01913000FF19FFC6
:2088880034A66F1FFC7F3B0010F0C2FF4EF382023C09915002FF39F00B4837006103DF10FF
:2088A800F67F4C52BB00520C9BB0BF044B0F41F04B0F71F185F110013C0185F01001A21033
:2088C8003FF0FDFF49550C0A8050144F53CF20104C4142F13F1097FF022F3C01EE0200A089
:2088E800DC0B009091000028D92204818210915002FF39FF2C081601DE1C82023C0DCC2115
:2089080053C220F010FFD4F45441482F26F1481F3E128200C212142F3FF2F37FDF100A80C4
:20892800915002FF39FF2E08370FE1F21E1282003C01F60200A0DC0B0090025FC234B704B6
:208948000200370050808BC801008B8000406D00CE1DBC2640240B8F10486D0004003C0129
:208968000090C234B70402F0370F5000DA00894F1808DA01894F1908804F8BCF01F0C27F25
:20898800B70F03F0744FDA00AC42DA00AC47DA00894F0A09894F0609DA00AC49AC48894086
:2089A80094088945960840423C0100906D005B100090544F2E1B8F2400F0960154403700FF
:2089C80070088F000100A60F744F06248F2440F15440370070088F000100A60F744F544F13
:2089E8000090913000FF19FF28A66F1F12008F2400F09601913000FF19F028A63700700819
:208A08008F000100A60F913000FF59FF28A606248F2440F1913000FF19F028A637007008CF
:208A28008F000100A60F913000FF59FF28A6913000FF19FF28A6009002484DC0E1FF160779
:208A48008B5F20F33C0153CF20F060FF9130003F30F3D93F0C9640F402846DFFACFF084F3E
:208A680096082CF440F402846D005C000090024802846DFFB8FF913000FF39FF2CA69608C2
:208A8800913000FFE9FF2CA602846D0063000090BB00C20B9BE0CB04913000FF39FF1B0683
:208AA800370F62F35E26BB0068199B81B9143C0B5E16BB0068199B81B9143C05BB00C21BB1
:208AC8009BE1CB14913000FF39FF3306370F62F26E1D913000FF39FF1906370FE7F0C21FC8
:208AE8004B0F61F14BF14110913000FF39FF1B0616079210913000FF39FF1C061607C21F45
:208B0800E2F04B0061F14BF15100913000FF39FF3006160F4B0F41F14BF051203C010090F9
:208B2800544F2E1B8F2400F096015440370070088F000100A60F744F06248F3440F154400A
:208B4800370070088F000100A60F744F544F0090913000FF19FF28A66F1F12008F2400F03A
:208B68009601913000FF19F028A6370070088F000100A60F913000FF59FF28A606248F34F8
:208B880040F1913000FF19F028A6370070088F000100A60F913000FF59FF28A6913000FF6B
:208BA80019FF28A600909120003030434933088A543F06F4374F9FF0912000303043493363
:208BC800088A743F9120003030434933148A543FEF8F0A00B70F01FC91200030304349332C
:208BE800148A743F00908E53DA013C0282FF0B50C00137005080DF051E80DA003E44DA0135
:208C08003E4D3C173BC0004082056D0025413BD0034082056D0020413C0C3B4001408205AB
:208C28006D001A413BF0004082056D0015413C013C3ADE1DDA003E44DA013E4D3C173BC0F1
:208C4800004002856D0008413BD0034082056D0003413C0C3B40014002856D00FD403BF0A9
:208C6800004082056D00F8403C013C1DDEFCDA003E44DA013E4D3C173BC0004082056D00CC
:208C8800EB403BD0034002856D00E6403C0C3B40014082056D00E0403BF0004002856D00C2
:208CA800DB403C0100903BC000403B00715282066D0025403BD003403B00715282066D00F0
:208CC8001E403B4001403B00715282066D0017403BF000403B00715282066D0010408214E4
:208CE80082056DFF82FF820482056DFF7EFF0090DA647F6F04803B4006603B0071F2E2F66B
:208D0800DA644BF61182DF081E80DA003E44DA013E4D3C173BC0004082056D009D403BD088
:208D2800034082056D0098403C0C3B40014082056D0092403BF0004082056D008D403C01E9
:208D48003C3CDF151E80DA003E44DA013E4D3C173BC0004002856D007F403BD00340820529
:208D68006D007A403C0C3B40014002856D0074403BF0004082056D006F403C013C1EDFF59F
:208D88001D80DA003E44DA013E4D3C173BC0004082056D0061403BD0034002856D005C406B
:208DA8003C0C3B40014082056D0056403BF0004002856D0051403C010090F445DA006C41A0
:208DC8000C4896012C480C4896022C480C48B70F01F12C480C48B70F81F12C480C48B70F32
:208DE80001F22C480C4896202C480940C808DA0837F006F3AC440C49B70F01F22C49DA001E
:208E0800894F0E09DA00894F1209DA00894F0A090C49B70F81F22C490C49B70F01F32C4942
:208E2800094F5808B70F01F0894F1808094F5808B70F81F0894F1808094F5808B70F01F16C
:208E4800894F1808094F5808B70F81F1894F18080090DA00344FDA00AC41DA00AC42DA00D4
:208E6800AC43DA002C48DA00AC45A00FEC43DA006C440090404C405D0B451088821A8204B7
:208E88006D0020373BD03E406D00E73891000057D95524408204820540D46D000F013BD0CE
:208EA8003E406D00DA3891000057D95524408204820540D46D0002013B80B5416D00CD387F
:208EC80091000057D955244082043BB003503BC0016040D46D0022013B4006406D00BD3829
:208EE80091000057D95524408204823540D46D00E5003BD03E406D00B03882146D00E23654
:208F08003B4006406D00A93891000057D955244082043B0008503B20BD6340D46D00FE00AD
:208F28003B4006406D00993891000057D955244082043B30085040D440C66D000F013B4055
:208F480006406D008A3891000057D955244082043B300A5049C6001A40D46D00EF003B40BB
:208F680006406D007A3882046D00AC363B4006406D00733891000057D9552440820482054F
:208F880040D46D009B00DACD7FF905803BD00C403C0202946D00613891000057D95524405E
:208FA8008204820540D46D008900DACD7FF905803BD00C403C0202946D004F3891000057E7
:208FC800D95524403B20085040D402846D00860091000057D9552440820540D402846D00AF
:208FE8006D0002946D003938820B3C3291000057D9552440538B20F08B3F08F0370F685065
:2090080040D402846D007A00022F02946D002538EE1C82003C16532020F0910000F7D9FF75
:20902800244010FF09F1D008DA0803FB0AF0532F20F010CF09FFC0083E13820A3C05C210D8
:20904800DA083FF0EA7F3C03820A3C04C21BBF5BCF7F02A23C010090404F405C40F440C569
:209068006D002F0A3B4001406D00F73740F440C56D00BB083C010090404F405C40F440C551
:209088006D000A0A3B4001406D00E73740F440C56D00A7083C010090404F405C40F440C57A
:2090A8006D00370A3B4001406D00D73740F440C56D00BD083C010090404F405C40F440C527
:2090C8006D001F0B3B4001406D00C73740F440C56D00CF083C010090404F405C40F440C51C
:2090E8006D00260B3B2003406D00B73740F440C56D00E1083C010090404F405C40F440C511
:209108006D002D0B3BE00B406D00A73740F440C56D0004093C010090404F405C40F440C50D
:209128006D00340B3B4001406D00973740F440C56D003C093C010090404F405C40F440C568
:209148006D003E0B3B4001406D00873740F440C56D004E093C010090404F405C40F440C53C
:209168006D00540B3B4001406D00773740F440C56D0060093C01009091000057D9552440EE
:209188006D007A093C01009082020CAA1E130CAADE3A0CA76E038F4240210CA46E038F8249
:2091A80040210CA36E038F0241210CA16E038F0242210CA26E038F02442114AF6E038F0247
:2091C80048213C038F2240213C0100902010404F024F91000057D9552440820540F402F4C5
:2091E8006DFF6CFF3B2003406D00373791000057D9552440820540F402F46DFF5FFF3B8067
:2092080038416D002A3791000057D955244040F402F46DFF43FF3B2003406D001E379100BC
:209228000057D955244040F402F46DFF27FF3BA00F406D00123791000057D955244040F4F3
:2092480002F46DFF1BFF022F3B2003406D000537EE10910000F7D9FF244049FF300A49A2E3
:20926800000AA02444FF642FFC4E6DFF8FFF3C0282123C010090911000F8D9FFC27FEC4879
:20928800911000F8D9FFE05FEC49911000F8D9FFFA2FEC4A6D00A207009020104046910024
:2092A80000F7D9FF2440405440F56DFFD7FEDF021180910000F7D9FF244049FF101A49A2D6
:2092C800000AA02444FF642FFC4E6DFF5FFF3C0282123C010090404F40F4B02440F5B0456E
:2092E8006D00300049F5080A40F46D00C7010090404FDA55345FDA002C52DA002C53DA00A4
:209308002C54DA002C5514FF2C5614F46D00D70134F20090F64382023C123B0071F27E4467
:209328003BF00F203C0C7BF00FF03B0071024B0F1102E2048F041FF08FFF0F213C010090EB
:209348008250144F8FFF011182020C52866F8F0F0C310C51863F1638A6F3145F1607A6F34C
:20936800A6328FF101F1C6F0910000F8D9FFDC1101F000F614FF910000F8D9FFFC5110FFE0
:2093880014FFC62F910000F8D9FFFC1110FF14FF2C41009082518202820314400C41861F0E
:2093A800A6F00C42862FA6F00C43863FA6F00C44864FA6F00C45865FA6F00C46866FA6F068
:2093C8000C47867FA6F0A6023702680014520C51861FA6F20C52863FA6F2A6233703682008
:2093E800C601910000F8D9FFFC1101F100F614FF910000F8D9FFFC5110FF14F08FF201F101
:20940800C6F0910000F8D9FFDC1101F000F614F00C537E0382123C0282023C010090DAFF79
:2094280082003C17014000F614F1C61F82013C0C2E77861F370F68F08FDF81F13C04861FB6
:20944800370F68F0C211BF81F5FFC210370068003F40EAFF8FFF8F213C010090DAFFC65F7D
:2094680082003C0C2E77861F370F68F08FDF81F13C04861F370F68F0C210BF80F5FF820048
:209488003C17014000F614F1C61F82013C0C2E77861F370F68F08FDF81F13C04861F370F92
:2094A80068F0C211BF81F5FFC210370068003F40EAFF8FFF8F213C010090404F40F4B024CA
:2094C80040F5B0456DFF3EFF49F51C0A40F46D00D5000090404C405F02488209DA1F3F8F80
:2094E80026808219DA5534FF2828DA002CF3DA012CF4DA002CF514CF2CF6DA0089FF3E08D5
:20950800DA0089FF3F0814C46D00D90034C2768E01C80026142F89FF3F0801C800F601C8F9
:20952800002614246D00CB0034F202923C010090404F40F4B02440F5B0456DFF03FF49F599
:209548001C0A40F46D009A00088F89FF1F08089F89FF200808AF89FF210808BF89FF220824
:2095680008CF89FF230808DF89FF240808EF89FF250808FF89FF260809FF500889FF27083E
:2095880009FF510889FF280809FF520889FF290809FF530889FF2A0809FF540889FF2B0853
:2095A80009FF550889FF2C0809FF560889FF2D0809FF570889FF2E0849F41F0A3B00014058
:2095C8006DFF2FFF89F2180809FF580889FF2F080090404C405F02488209DA1F3F8F26802A
:2095E8008219DA5534FF2828DA002CF3DA012CF4DA042CF514CF2CF6DA0089FF3E08DA009C
:2096080089FF3F0814C46D005A0034C2768E01C80026142F89FF3F0801C800F601C800262B
:2096280014246D004C0034F202923C010090404C405F082FEE0382323C1F49F4300A49F593
:20964800380A6DFFA9FEF62382423C1648E83708680409FF7F083E0E082F10CC37086844CA
:209668006D002D0034C2370868F489FF3F0882523C0382023C010090144F345FDA002C5137
:2096880082000C43865F8F0F0E110C42161FA6F1A61089500108DA002C5282000C46866F7C
:2096A8008F0F0C110C45863F1638A6F10C441607A6F1A6108950020800908202DA003E48DB
:2096C800DA013E48DA023E48DA033E483C0982123C0882223C0682323C0482023C023C0166
:2096E8003C010090404F40F4B02440F5B0456DFF29FE49F5041A40F46DFFC0FFDA0089FF24
:209708000718DA0089FF0818DA0089FF0918DA0089FF0A18DA0089FF0B18DA0089FF0C188E
:20972800DA0089FF0E1809F1471809FF5708867F8F0F080109FF5608866F1640A6F009FFDE
:209748005508865F1620A6F009FF5408864F1610A6F009FF5308863F1608A6F009FF5208C0
:20976800862F1604A6F009FF5108861F1602A6F009FF50081601A6F0A60189F1071809F181
:20978800481808FF867F8F0F080108EF866F1640A6F008DF865F1620A6F008CF864F16106C
:2097A800A6F008BF863F1608A6F008AF862F1604A6F0089F861F1602A6F0088F1601A6F071
:2097C800A60189F1081809F1491809FF6708867F8F0F080109FF6608866F1640A6F009FF63
:2097E8006508865F1620A6F009FF6408864F1610A6F009FF6308863F1608A6F009FF6208E0
:20980800862F1604A6F009FF6108861F1602A6F009FF60081601A6F0A60189F1091809F1BE
:209828004A1809FF5F08867F8F0F080109FF5E08866F1640A6F009FF5D08865F1620A6F036
:2098480009FF5C08864F1610A6F009FF5B08863F1608A6F009FF5A08862F1604A6F009FF48
:209868005908861F1602A6F009FF58081601A6F0A60189F10A1809F14B1809FF7708867FEB
:209888008F0F080109FF7608866F1640A6F009FF7508865F1620A6F009FF7408864F1610FD
:2098A800A6F009FF7308863F1608A6F009FF7208862F1604A6F009FF7108861F1602A6F053
:2098C80009FF70081601A6F0A60189F10B1809F14C1809FF6F08867F8F0F080109FF6E0808
:2098E800866F1640A6F009FF6D08865F1620A6F009FF6C08864F1610A6F009FF6B08863F04
:209908001608A6F009FF6A08862F1604A6F009FF6908861F1602A6F009FF68081601A6F0BB
:20992800A60189F10C18DA0089FF0D1809F14E1809FF7F08867F8F0F080109FF7E08866F35
:209948001640A6F009FF7D08865F1620A6F009FF7C08864F1610A6F009FF7B08863F16084A
:20996800A6F009FF7A08862F1604A6F009FF7908861F1602A6F009FF78081601A6F0A601A2
:2099880089F10E1849F4071A3B8000406DFF49FD89F2001809FF401889FF0F180090404C56
:2099A800405F02488209DA1F3F8F26808219DA5534FF2828DA002CF3DA032CF4DA032CF57D
:2099C80014CF2CF6DA0089FF1E18DA0089FF1F1814C46DFF74FE34C2768E01C80026142F67
:2099E80089FF1F1801C800F601C8002614246DFF66FE34F202923C010090404C405F082F01
:209A0800EE0382323C2049F4101A49F5181A6DFFC3FCF62382423C1709F81819370868F43E
:209A280009F05F183E0E082F10CC370868446DFF46FE34C2370868F489FF1F1882523C0351
:209A480082023C010090DA00344F82003C06014000F6DA002CF1C210DA1F3FF0FAFF0090DB
:209A6800404F40F4B02440F5B0456DFF6BFC49F50C0A40F46DFF02FE088F2CFFDA0089FF32
:209A8800100849F40F0A82246DFFCBFC2892089F89FF11080090404C405F02488209DA1FEC
:209AA8003F8F26808219DA5534FF2828DA002CF3DA062CF4DA012CF514CF2CF6DA0089FF81
:209AC8002208DA0089FF230814C46DFFF8FD34C2768E01C80026142F89FF230801C800F6F0
:209AE80001C8002614246DFFEAFD34F202923C010090404C405F082FEE0382323C1F49F4BE
:209B0800140A49F51C0A6DFF47FCF62382423C1648783708680409FF63083E0E082F10CCA0
:209B2800370868446DFFCBFD34C2370868F489FF230882523C0382023C010090404F40F493
:209B4800B02440F5B0456DFFFDFB49F50C0A40F46DFF94FD088F2CFF0090404C405F02484F
:209B68008209DA1F3F8F26808219DA5534FF2828DA002CF3DA052CF4DA012CF514CF2CF69F
:209B8800DA0089FF2508DA0089FF260814C46DFF96FD34C2768E01C80026142F89FF2608E5
:209BA80001C800F601C8002614246DFF88FD34F202923C010090404C405F082FEE03823238
:209BC8003C2B49F4200A822408F56DFF49FC022849F4140A49F51C0A6DFFDEFBF623824250
:209BE8003C1B48793709680409FF66083E0E082F10CC370968446DFF62FD34C2370968F47B
:209C080089FF260882523C0809FF52083E8382623C0382023C010090404C405F02488209D7
:209C2800DA1F3F8F26808219DA5534FF2828DA002CF3DA052CF4DA042CF514CF2CF6DA008C
:209C480089FF0318DA0089FF041814C46DFF37FD34C2768E01C80026142F89FF041801C8CA
:209C680000F601C8002614246DFF29FD34F202923C010090404C405F082FEE0382323C2C37
:209C880049F4300A3B00014008F56DFFE9FB022849F4240A49F52C0A6DFF7EFBF6238242B1
:209CA8003C1B48B93709680409FF44183E0E082F10CC370968446DFF02FD34C2370968F4EC
:209CC80089FF041882523C0809FF60083E8382623C0382023C010090DA0F3F4F0D00DA00BD
:209CE8003FF40A005AF4910000F8D9FFDC0190FFD4FFDC0F1D008B008FF50FF12C488FF522
:209D08000FF1894F1F081D0083008FF50FF12C498FF50FF1894F20083C7A8FF50FF12C4A6F
:209D28008FF50FF1894F21083C728FF50FF12C4B8FF50FF1894F22083C6A8FF50FF12C4CC5
:209D48008FF50FF1894F23083C628FF50FF12C4D8FF50FF1894F24083C5A8FF50FF12C4EBD
:209D68008FF50FF1894F25083C528FF50FF12C4F8FF50FF1894F26083C4A8FF50FF1894F59
:209D880010088FF50FF1894F27083C418FF50FF1894F11088FF50FF1894F28083C388FF5A2
:209DA8000FF1894F12088FF50FF1894F29083C2F8FF50FF1894F13088FF50FF1894F2A08AC
:209DC8003C268FF50FF1894F14088FF50FF1894F2B083C1D8FF50FF1894F15088FF50FF1BC
:209DE800894F2C083C148FF50FF1894F16088FF50FF1894F2D083C0B8FF50FF1894F170832
:209E08008FF50FF1894F2E083C023C010090404F40F4B02440F5B0456DFF94FA49F5100A8A
:209E280040F46DFF2BFC088F89FF130809FFCA08BB00F00F260F868F89FF140809FFCA08BD
:209E480016FF89FF150849F4130A82346DFFE9FA28C208CF89FF16080090404C405F024875
:209E68008209DA1F3F8F26808219DA5534FF2828DA002CF3DA042CF4DA012CF514CF2CF69D
:209E8800DA0089FF2608DA0089FF270814C46DFF16FC34C2768E01C80026142F89FF270860
:209EA80001C800F601C8002614246DFF08FC34F202923C010090404C405F082FEE038232B6
:209EC8003C1F49F4180A49F5200A6DFF65FAF62382423C1648883708680409FF67083E0E20
:209EE800082F10CC370868446DFFE9FB34C2370868F489FF270882523C0382023C01009060
:209F0800404F40F4B02440F5B0456DFF1BFA49F51C0A40F46DFFB2FB088F89FF1F0882007E
:209F28003C1B532020F010F2532020F010F4094FCA08BB00F01F261F868F892F2008532015
:209F480020F010F2532020F010F4094FCA0816FF892F2108C210BF80E6FF49F41F0A3B1099
:209F680001406DFF5EFA89F21A0809FF5A0889FF30080090404C405F02488209DA1F3F8FB6
:209F880026808219DA5534FF2828DA002CF3DA042CF4DA042CF514CF2CF6DA0089FF02184F
:209FA800DA0089FF031814C46DFF89FB34C2768E01C80026142F89FF031801C800F601C8FD
:209FC800002614246DFF7BFB34F202923C010090404C405F082FEE0382323C1F49F4340AD5
:209FE80049F53C0A6DFFD8F9F62382423C1648F83708680409FF43183E0E082F10CC37087D
:20A0080068446DFF5CFB34C2370868F489FF031882523C0382023C010090404F40F4B0249A
:20A0280040F5B0456DFF8EF949F50C1A40F46DFF25FB088F89FF0F1882003C1B532020F035
:20A0480010F2532020F010F4094FCA08BB00F01F261F868F892F1018532020F010F2532049
:20A0680020F010F4094FCA0816FF892F1118C210DA203FF0E5FF49F40F1A3B1004406DFF64
:20A08800D0F989F20A1809FF4A1889FF10280090404C405F02488209DA1F3F8F2680821990
:20A0A800DA5534FF2828DA002CF3DA042CF4DA072CF514CF2CF6DA0089FF2228DA0089FFDA
:20A0C800232814C46DFFFBFA34C2768E01C80026142F89FF232801C800F601C8002614240F
:20A0E8006DFFEDFA34F202923C010090404C405F082FEE0382323C2049F4142A49F51C2A1C
:20A108006DFF4AF9F62382423C1709F81C29370868F409F063283E0E082F10CC37086844A9
:20A128006DFFCDFA34C2370868F489FF232882523C0382023C0100908F1400F16E03DA013C
:20A148003C02DA00344F8F2400F16E03DA013C02DA002C418F4400F16E03DA013C02DA00BF
:20A168002C428F8400F16E03DA013C02DA002C438F0401F16E03DA013C02DA002C448F04A6
:20A1880002F16E03DA013C02DA002C458F0404F16E03DA013C02DA002C468F0408F16E0394
:20A1A800DA013C02DA002C478F1500F16E03DA013C02DA002C488F6500F186FF2C498F85D1
:20A1C80001F186DF2C4A8F050EF186BF2C4B8F050EF186BF2C4B00906DFF37FC00906D00E0
:20A1E80004003C010090404F405C0CC2EE06DA03C8AF2D0F00003C17C89249C43C0A822463
:20A208002D020000762F49C4300A09C47C0809C57D086DFF93FF40F440C56DFF0AFA022F9F
:20A228003C02DA0202F23C010090404F405C0CC2EE06DA03C8AF2D0F00003C17C89249C404
:20A248001C1A82242D020000762F49C4101A09C45C1809C55D186DFF71FF40F440C56DFF0A
:20A26800CEFB022F3C02DA0202F23C010090404F405C0CC2EE06DA03C8AF2D0F00003C1731
:20A28800C89249C4200A82242D020000762F49C4140A09C4600809C561086DFF4FFF40F426
:20A2A80040C56DFF28FC022F3C02DA0202F23C010090404C405F082FEE06DA03CCCA2D0FF0
:20A2C80000003C2809C2A40949F4200A82542D020000DF021F0049F4140A09F4630809F56D
:20A2E80064086DFF2BFF09FF6108ACF809FFD00809F060088F802000A60FACF809FF620804
:20A3080089FF120840C440F56DFF57FC022F3C02DA0202F23C010090404C405D0CD2EE0694
:20A32800DA03CCCA2D0F00003C3D09C2A40949D4300A3B3001402D020000DF02330049D412
:20A34800240A09D4411809D542186DFFF7FE82013C1C532120F010DF532120F010D2092F0C
:20A368007108ACF8532120F010DF532120F010D20920D008532120F010D2092F70088F8FAA
:20A3880020F0A6F0A880C211BF81E5FF09DF401889DF200840C440D56DFF6EFC022F3C02C2
:20A3A800DA0202F23C010090404F405C0CC2EE06DA03C8AF2D0F00003C17C89249C4240A93
:20A3C80082242D020000762F49C4180A09C4640809C565086DFFB2FE40F440C56DFF6DFD2D
:20A3E800022F3C02DA0202F23C010090404F405C0CC2EE06DA03C8AF2D0F00003C17C8921F
:20A4080049C4001A82242D020000762F49C4340A09C4401809C541186DFF90FE40F440C5C9
:20A428006DFFD8FD022F3C02DA0202F23C010090404F405C0CC2EE06DA03C8AF2D0F00004A
:20A448003C17C89249C4202A82242D020000762F49C4142A09C4602809C561286DFF6EFEA7
:20A4680040F440C56DFF44FE022F3C02DA0202F23C010090404F405C40F440C56DFF3AF7E0
:20A4880040C46DFF2AF7C88F49C4080A82342D0F00000090404F405C40F440C56DFF1CF847
:20A4A800762C40C46DFF0BF8C88F49C41C0A82342D0F000082123C0382023C010090404F50
:20A4C800405C406D40F440C56DFF85F8DF021E0082083C0C09D4C0086DFF1EF740C40B8281
:20A4E80010486DFFFBFBB02DC218DA103FF8F4FF40C46DFF1FF8C88F49C41C0A3B40014002
:20A508002D0F000082123C0382023C0100902060DA0189AF3008DA0189AF3108DA0189AFA9
:20A528003208DA0189AF3308DA0189AF3408DA0189AF3508DA0189AF3608DA0189AF370849
:20A54800DA0189AF3808DA0189AF3908DA0189AF3A08DA0189AF3B08DA0189AF3C08DA016F
:20A5680089AF3D08DA0189AF3E08DA0189AF3F08DA0189AF0018DA0189AF0118DA0189AF39
:20A588000218DA0189AF0318DA0189AF0418DA0189AF0518DA0189AF0618DA0189AF0718A9
:20A5A800DA0189AF0818DA0189AF0918DA0189AF0A18DA0189AF0B18DA0189AF0C18DA01AF
:20A5C80089AF0D18DA0189AF0E18DA0189AF0F18DA0189AF1018DA0189AF1118DA0189AF19
:20A5E8001218DA0189AF1318DA0189AF1418DA0189AF1518DA0189AF1618DA0189AF1718E9
:20A60800DA0189AF1818DA0189AF1918DA0189AF1A18DA0189AF1B18DA0189AF1C18DA01FE
:20A6280089AF1D18DA0189AF1E18DA0189AF1F18DA0137F6086CDA0137F70870DA0137F60D
:20A648000860DA0137F70874DA0137F70878DA0137F60864DA0137F60868DA0137F7087C03
:20A6680049AF300A49A2000AA03644FF642FFC6E49AF001A49A2100AA03644FF642FFC6E68
:20A6880049AF101A49A2200AA03644FF642FFC6E6D0004003C010090404F405C0B671088F2
:20A6A80040F440C56DFF7DF9022F6E2749A2000A49C4080AA035442F644FFC5E49A2100A43
:20A6C80049C4180AA035442F644FFC5E49A2200A49C4280AA035442F644FFC5E89C8780973
:20A6E80040C46DFF01F8C88F49C4041A3BC000402D0F000082123C0382023C010090404F3D
:20A70800405C025F40F440C56DFFC7F9762D2CC840C46DFFA7F9C88F49C40C0A82642D0F8C
:20A72800000082123C0382023C010090404F405C025F40F440C56DFF12FA762D2CC840C415
:20A748006DFFFEF9C88F49C40C0A82442D0F000082123C0382023C010090404F405C025F62
:20A7680040F440C56DFF5AFA762D2CC840C46DFFE7F9C88F49C40C0A82442D0F00008212E1
:20A788003C0382023C010090404C405F025F026840C440F56DFF63FB762F2CF8A85840F42B
:20A7A8006DFF37FB09C2A00949F4100A82742D02000082123C0382023C010090404C405EB5
:20A7C800025F406D40C440E56DFFD6FBDF021B002CE882003C09532020F010EF09DFC008F4
:20A7E800ACF5B02DC210BF80F8FF40E46DFF8AFBCCC849E41C0A3B5001402D0F0000821233
:20A808003C0382023C010090404C405E025F406D40C440E56DFF3EFCDF021C002CE8820006
:20A828003C09532020F010EF09DFC008ACF5B02DC210DA203FF0F7FF40E46DFFF0FBCCC81B
:20A8480049E40C1A3B5004402D0F000082123C0382023C0100908F841EF08F0F0801B704EB
:20A8680008FC3704E81BB71F812BDA7F7FF1048082020090DA967F1F048082023C068B6167
:20A8880009F1325F0FF200203702482076043252370248200090B70408FC3704E80BB71F71
:20A8A800811BDA7F3FF00580DA967F0F0480820200908B6009F1325F0FF10010370168200B
:20A8C8000090B70408FC3704E80BB71F814BDA7F7FF00480D2020090DA967FF007808205B4
:20A8E8008B6009611DFFDCC382058BA016601DFFD8C3B70408FC3704E80BB71F811BDA7FA9
:20A908003FF00580DA967F0F0480820200908B6009F1325F0FF100103701702000908B0478
:20A9280020F28B0500F5EE0A7B0008008203B700892B8F7301F0A6F2009082029B02F02FB2
:20A94800BBF0FF3F9BF3FF3F0F2480000F358010BA008B0100F4EE4C3B7001800B4510684B
:20A96800BB00FF1F9BF1FF1F8F0400012651BA008B0100F4EE2182019BF1FF1F8F04000137
:20A988002651BA008B0100F4EE098F751E107745804302153B0003803C0F8F351F10774587
:20A9A800804902153B4002803C078FF51F107745804F0215C2180F2480000F3580108B002E
:20A9C80020F28B0100F5EEF202490B6710A8D2148B881E606DFF65C30F2A80000F3B8010E9
:20A9E800BA008B0100F4EE2B3B0008703C293B600930BB00000F9BF00F0026408F050011A1
:20AA08008B0020F28B0100F5EE073BA00830774500568FC4004082009B00080082013C057A
:20AA2800C2F37745805006140B0430F10B1500F20B15A0F2EEF602401DFF7BFF82078BF2FD
:20AA48009F008BF3BF1026A026B1BA008B0100F4EE038F0744718BF80760820402951D00CB
:20AA68006F1591100048D9441C631D0002008208404F8209820A820BC81CC82D483C09FF84
:20AA88001001DF1F238080CF160180D08F100001FE046E04C2FC04DF24CF76CF8F3C00018D
:20AAA8008FEC1FF06E0902F140D2C2F16014442164C1FC4E90DD020CDF0CE07FC2FC60C2E8
:20AAC80004DF24CFFC2E3CD9DE2580CF2E03C2FC24C9DF0CD37F8F3C00F106EC76C5C2FC47
:20AAE80060C264CAFC2F6EC9C2FF60F224CBFC2F3CC48F0F1F00DF002E008F3F0001DF10E7
:20AB08002B8080CF8F3F00D180DF1603FEDB76DB02D440C440D56D00EF0601CD00C601DD2F
:20AB280000D6A2DC76CF8F3C00018FEC1FF06E0902F140D2C2F16014442164C1FC4E90DD3A
:20AB4800020CDF0C9B7F02C440C440D56D00D4063C9400901603DF2F91FF80CF16036E07C0
:20AB680002F440C46D00B10610CCA2FCDF0C867F8F3C004106EC76C5C2FC60C264C8FC2FD5
:20AB8800DF047C7F40C46D00A0061DFF77FF0090205089A4380989A62C0989A73409DA010C
:20ABA800A00F820909AA1019780C89A9081989A9280902A089A90019B70089FBF80678118E
:20ABC8003700E8FB78080258404C029D405D8BFF0FC27B00F8B376C658116E04029C09ADC5
:20ABE80030095808BA0F7813F68A3B700600580B3E043B7004007E0382183C23580D6F5F2E
:20AC080021803B100600580B3E043B100400FE095811EE0382083C1582788F3F00008201BF
:20AC28003C06C2F88FC31F107723000E0B011028FBF0000026202631BA008B0100F4EEF201
:20AC4800DA00780F02A46D0014087625DA2D780F67AABFAFEE0E580D8F8F0101DA087E03D0
:20AC6800DA2B3C068B000102580FAB0FA2F0780F09A00019AA1089A00019DF0D1600580B9A
:20AC8800910000F8D9FFC46110FF081F2E37910000F8D9FF2000F8063C1B910000F8D9FF54
:20ACA8002400F8063C15DF0C1D00580B910000F8D9FFC46110FF081F2E36910000F8D9FF2D
:20ACC80028003C05910000F8D9FF2C00F8065810BB90FF0F9239580D260F780D1D008C0123
:20ACE8003B100600580B3E053B1004005F0F27805808AB1F18FF780858109230F683580D28
:20AD08002E22C210428058083BC0F91FC2207FF106003B4006103F1F0400DA033C0A3B60CB
:20AD2800FF1F7FF106003BA000103F1F0400DA02780C580C12091D005F01580849AF0A0A62
:20AD48006E7549A4140A02A46D00B81309AC1409022A370CE8FB82006E55BBF028EC49AE00
:20AD6800130A7B0012D49B5ECFE33C3F49A20A0A7D2E0C8049AF120A49AE130AA07209F0BE
:20AD88003FF489E03FF4FC2CBBD0CC0C58059BC0DC0349A4140A4B0F41406D008F1389A29A
:20ADA8000609DF0914806B0E21F24BDB41B04BDF41406DFF52FD762A4BBC514049A4140AB4
:20ADC80082196D007B1389A2060909AF06096B0E21FF4BDF41406DFF40FD8B0203F089EFEF
:20ADE8003FF4580AC21F780A5805370FE8FBEEBF3C0304EF24FF49A2130A012E20F4EEFA98
:20AE08003C154B0A01F06F2F12007B0012043C064B0A41A0580AC2FF780A4B0A41F089AF77
:20AE280006094BBF01F06F0FF5FF3B600610580B028082093E143B6004107E13580A1280E7
:20AE48003B500610580B3E143B5004107E12C210CE03DA003C038B7000F310A2492E0A0A7E
:20AE68003C117B0012F449A4060A4BFA41406D002513022A09A406096DFFEFFC8B0203F0D5
:20AE880024FF01FE20F4EE0649A2130A012F20F4EEE909EF000840EFC25F3C0A49AF0A0ABB
:20AEA80001EF30F4EE0740EF09EF3FF4C21F34EF3C08DA3134EF49EF010A580AC21F780AA9
:20AEC80009E00008DA393F0FEB7F89F93FF049A20A0A012F20F4EE0609F00008DA305F0F4D
:20AEE800F67F3B500600580BBE013B5004003E0E3B6006005F0F3C003B6004005F0F3800B7
:20AF0800580A3FF80400FFDF330058103B50062049AF0A0A9210580B09A10A083E243B50A8
:20AF280004207E2C761349AF0B0A14FFEE04580DAE227682C21042803C17028276158BF8FA
:20AF48001F2049AF0B0A14FFEE03580D2E22C21082013C0814FFEE03580D2E23C210B01FF0
:20AF6800C2113F21F97F8B4000903C453B600600580B3E043B6004007E0F09A02809FA10EC
:20AF8800AB10A09F581042F9F684580D6F2F34001A8992193C300280580A49AF0A0A4EF46F
:20AFA800581092193C0D09A1280958101219021F14F17612B01FABF01F00C2FFEEFA14FFCC
:20AFC8006E02F604580D6F2F1700580AC219325F3C04C2FFC219C2F07607FF1FFC7F3C0433
:20AFE800C219B01FC2F0760314FFEEFB580D16042B09009F580F6E0D580D16036E0A61FFEE
:20B008000CC109A43C0940C46D004404DA00780FD806BD0F1A803B100600580B3E043B10CA
:20B028000400FE02580D16036E0F54DFC22F61FFE1C06D002F04580B40C48B7F01406D0025
:20B048002904DA017812580D6F0F1680580EA29F3C0F61FFE2C0580D40C416028B0F20F2BC
:20B06800864F8B0F02406D001504580EC2FF780EFF1FF17F580F6E0861FFCFC009A43C0998
:20B0880040C46D000704D806BCFA40F440C56D00100454DFC23F74DF1D008A013B1006005E
:20B0A800580B3E053B1004005F0F9F808F28200058138B7001018B1F03A1BF102200820105
:20B0C800DA177FF00800821258110F021020262F6E02821182F2C2F00F0200F0C6F2F61481
:20B0E8005811262F6E045811A62F78115811C21F7811EF7F0600DA0078113B2003A058123F
:20B10800EE0D54DFC22F61FF75C06D00C303580B40C48B7F01406D00BD0361FF7EC002A41D
:20B1280040C46D00B703F683580D2E2561FF6FC06D00B00358113B8001B054D08F1F00A0B5
:20B14800428074D03C183B000340DF0B1100C2CB02B032500F0A00F0160F8B0F0340DA3935
:20B168007F4F0600580B8B6F1CF042F440C46D009103C2F8FF18E97F580B40C48BFF0040E5
:20B188006D0088035808CEF63BD00240325F78083C033BB0024040C46D007C03580C54D049
:20B1A800C22F42F0580C820110AF34F13BA00010580CC2FF370F68F0780C10AF58084B1FDE
:20B1C80001228B0303F034FF09A220094B12012289A26009DF02EEFF74D040A440C56D0040
:20B1E80068031D00E5003B50060049AF0A0ABE013B5004003E0E3B6006005F0F78003B6081
:20B2080004005F0F7400580A3FF80400FFDF6F0009A00A08580AAB1F20A076093B7006106F
:20B22800580B3E143B7004107E12C2F861FFF5BF76063700684049AF0B0A3C033B0003400F
:20B2480040C46D00270314FFEE0B580DAE29768C3B500600580B3E043B5004007E0561FF59
:20B26800D6BF6D001703820B3C1A09F00008F60A580DAE283B500610580B3E143B50041096
:20B288007E1D61FFCABF760537006840B01F3C033B00034040C46D00FD02C21B3F8BE77FBF
:20B2A80061FFBBBF580B40C48FDF0F416D00F202C2FA54DFC21F0EA43BB002403C04325AAB
:20B2C8003BD0024074DF40C46D00E40261FF97BF8B00034040C46D00DD0261FF90BF8B0160
:20B2E800034040C46D00D6023C6209AA28094EA854DFC21F61FF7EBF6D00CC023C1954D0DD
:20B30800C21074D014F47643B01F3C033B00034040C46D00BF023B600600580B3E063B60AD
:20B3280004003E03ABF81F88C2FAFF1AEA7F3B600600580B3E063B6004003E0314FF6E028D
:20B34800F684580D6F2F340061FF67BF580A3BE00240325F3C0854D03B000340C21074D062
:20B36800C2FFC2F840C46D009502768BFF1FF57F3C0861FF52BF04F440C46D008B02C2F84A
:20B38800768314FFEEF73B600600580B3E0E3B6004003E0B580D2E2B3C0854DFC21F61FF06
:20B3A80029BF6D007702C2F8DF08F9FF580EA29F3C0A54D03B00024040C4C21074D06D0009
:20B3C8006902C2FFFF1FF77F00902010404C405D89A68C09DA00780209D40008DF0450028A
:20B3E800DA257E4409D001047E08B01D49A5080A40C46D0048023CF1820A0BAA108809DFAA
:20B4080001003BD002007E048F1A40A13CF93BB002007E07BBF0FE0F26A08F8040A13CF0C9
:20B428003B0002007E066F3AECFF8F0A41A13CE83B0003007E048F2A40A13CE23B3002002B
:20B448007E048F4A40A13CDC3BA00200FE03D803B04FF80309F83CF9CE848F1A40A1325841
:20B4680009DF01003C0D13A820FF8B0F1D8009DF01008B0F1D0037006800BFA0F6FF3BE0D3
:20B4880002005F0F23808F0A42A109DF01003BA00200FE05D803B04FF80309F93CF9CE96DC
:20B4A8008F1A40F1BBF0FDAF26FA09DF01003C0D13A920FF8B0F1D9009DF01008B0F1D003F
:20B4C80037006800BFA0F6FF3BC006007E048F0A48A13C1E3B8006007E048F0A44A13C18FD
:20B4E8003BC004007E048F0A50A13C123BA006007E04B71A81A43C0C3BA007007E04B71A15
:20B5080001A53C063B400700FE01B71A81A53BC006003E043B8006007E0709D000087E04D7
:20B52800B71A01A6B01D09DF01003B3006005F0F2F808F1A00F1EE0E3C093B00024049A501
:20B54800080A40C46D009F01C2F87F890400FF28F67FD80340C449A5080AB04FF80309F08C
:20B568003CF9370048406D008E01DF0F377F3C093B00024049A5080A40C46D008401C2F8BD
:20B588007F892C7FFF28F67F1DFF28FF3B400600BE013B9006003E0E3BF006003E0B3B807F
:20B5A80007003E083B8005003E053B5007005F0F598082023B4006003E043B9006007E02C2
:20B5C80082123B0008010F0A80105F0104006F9A05003B8000003C0282403B8000105F107B
:20B5E8000980D80349FF080AF80309F078F93C15D803B04FF80309F03CF90B0000080B01AD
:20B6080010483B0004010F0A80105F010D807628370448000B0000080B0110483C133704D2
:20B6280068403C0F3B0004005F010B807626370450000B0000483C06370470403C02F622E8
:20B6480082056F5A0600BBD0FF0F260A3C0282190BFA106889A440090B8910481D00CB0023
:20B668003B300700FE066F5A0680BBF0FF9F9BF9FF97D8030BA8104840C5029649A6080A06
:20B68800B04FF80309F4BCF96D00AB021DFFA6FE3B600600BE063B600400BE033B500600C6
:20B6A800BE003B5004003E0D3B7006003E0A3B7004003E073B1006003E043B1004007E0D90
:20B6C800D8038F0A0211AB698091B04FF80302F609F03CF974A03C2C3B200700FE086F6AD9
:20B6E8000800D803B04FF80309F03CFA3C06D803B04FF80309F03CF98F0A02F1EA69DA0038
:20B708004BF051F174AF3B6006603C123B200500FE09D8038F0A02F1EA6949FF080AF803BC
:20B7280009F478F96DFF9EBC3B60066074A20B89104849A5080A02A740C46DFF2BFA1DFF70
:20B748004DFE3B0007005F0F5D806F8A45006F0A0E80DA113C093B00024049A5080A40C413
:20B768006D009100C2F83F8FF8FFD803A03E49FF080A09FF3FF449A5080A370F684040C404
:20B788006D000001FCE73BA0034049A5080A40C46D007900D803A03E49FF040A09FF3FF4FE
:20B7A80049A5080A370F684040C46D00EB00FCE7DA113C093B00024049A5080A40C46D0036
:20B7C8006200C2F83F8FF8FFD80349FF080AF8031DFF04FED8033B8000400245B04FF8031B
:20B7E8008F2A407109F03CF9820189A040093B80076049A5080A40C46D00DF001DFFEEFD3B
:20B808003BE006005F0F37803B0008010F0A80F03E036F9A0E00D803B04FF80309FFBCF923
:20B8280009A00809820189F040091DFFD7FD3B000401260ADA407EAAD803B04FF80309FF82
:20B84800BCF95802B4FF1DFFC9FD5F0A0B80D803B04FF80309FFBCF9580234FF1DFFBEFD52
:20B86800D803B04FF80309FFBCF9580274FF1DFFB5FD910000F7DA1959FF207009A2080974
:20B88800009037046840545FC21F745F1D000200D44FBCF440F41D004A0ECC414C4280F020
:20B8A8007FF0068034F4CC41B01FEC410090404F405C3C06370F684040C46DFFEBFF09FF0D
:20B8C8000100EEF900903BF00F00804F1603063F0FF0100082FFC6F0C2F4604F804FB70F41
:20B8E80002F060F2B014542F260F742F77000004FCF60090804F16033BF00F008F3F0010E0
:20B908000F10100082F1C610C2F4604F8041B7010220095101008F3F0030B0140F3110102A
:20B928006022C21F542216032602A612742277000004FDF0ED7F0090404F0B4510A849FD56
:20B94800160A026840FCDA0034DF820702860BAB10486DFFCBBB23820A0A0B2310A88BA051
:20B9680060F2CA708B0003F089DF3FF48B0220F28B0300F5EEEB04DF24FFEEFE40C200909B
:20B988000248404F8FC83F40405CDA090B4F2001DA37AB0F83F042F46DFF75FF8FF800011A
:20B9A80040F4DA0940C50B0F2011DA37AB0F834142041DFF68FF026E2020DA58404F0B45FF
:20B9C80010A8405C027909AC600982085FEF7300DA643EEDDA693EEBDA6F5FEF6C00DA7500
:20B9E800BEE4DA785FEF67001D00ED00D2000B0C50F10B1D00F20BD190F2EE073BD0028068
:20BA08000BC0C0C00BD1D0D00BCD104840A43BA000606DFF93FFF6B6BA0C8B0D00F4DF0F1E
:20BA2800DF8040A46D007F0E370268C0DF081180DA753EE88F890101DA087E043BB0028088
:20BA48003C078F8901F18B0F01F2AB08A28F768CABFA1FAA8F3900F16E0740F4028440C5C3
:20BA68006DFF11FF82086F0914808F2900F18B0F20F2864F8B0F02F03C0740F402F440C584
:20BA88006DFF01FFC2FA7FAB04003FACF87F768E40F4028440C56DFFF6FE3C08C2FB61FF62
:20BAA800A4BB6DFFF0FEABFA1FAA3FBCF97F1D008A008BFE268240A48F3820F08B8F0060D7
:20BAC8000BCD10486DFF3AFFDA78FEE314AF40A26E10092000088BF01BF0370F6810DA19CB
:20BAE8003F1F05808B0002F0342F092F0104EEF240A46D00180E370268F078068B0C20F22F
:20BB08008B0D00F5EE0AF6B6DF086A806F296800821BBBB0FFFF26F96F291B006F191300A8
:20BB2800768E61FF62BB6DFFAEFEABFA1FAA40F402E440C56DFFA7FEABFA1FAABBB0FFFFEF
:20BB480026F9DA6F7EE558063FBF0300921B6F29090076875806C22BC22F370F68F0780610
:20BB68006F0915808F2900F18B0F20F2864F8B0F02C03C0740F402C440C56DFF84FEC2FA3E
:20BB88007FAB050058063FAFF77F6F291900DF08170061FF2ABB6DFF76FEABFA1FAA40F436
:20BBA80002E440C56DFF6FFEABFA1FAA3C08C2FB61FF1BBB6DFF67FEABFA1FAA58063FBF79
:20BBC800F87FBBF0F74F40A4BBF0FF6F40F5269440C602A59BF6FF671D000300009002486B
:20BBE800404F025F405C0269406D6D009C0D022A6F0819803C083B00024040C440D56DFF01
:20BC080042FEC2FF3FFAF97F3FF9F77F3C0BC2F909F40100DF04110040C440D56DFF33FE12
:20BC28008AFFDF09F6FF3C083B00024040C4C2FF40D56DFF28FEEEF90090910000F7D9FF92
:20BC48000000D4F291300057D955C08701240046015420F4EE0891400057D955C0880145DB
:20BC680030F4EE0482FF60F20090F4F400908F141E2000906D00480F6D00FF0F6D00650049
:20BC880082043B007D506D001C243BA000406D006E1F6D008F0C6DFF08E882046D00C1171D
:20BCA8006D003E0F3C13820482153B0005606DFF21E8821482153B0005606DFF1BE86D0098
:20BCC800A3006D007D056D00420D3CEE00906D00530F82046D0062146D00220F3C013C0005
:20BCE8000090BD043100B0C4404C54CF910000D7B70F0180D9DD3870D4DF74C801C800E6EC
:20BD080054EF6E04AE0342F83CF954F001F000267DC20580420874F840FCEE1082046DFF45
:20BD28008EFFB04E7DE20A80325802846DFF87FF802F1EF3DA0074CFD4DF80CF80F00B0F1C
:20BD480090F174DF009082046D006B1782146D004D1A6D00A9168204820591000048D94469
:20BD6800C8A16D002B1C6D001D143B8038416D0091146D00240082043B007D506D00A1236A
:20BD88003BA000406D00F31E82043B00015091000048D944D8A16D00111C3B803E406D0041
:20BDA8003B2182043B00025091000048D944D8A16D00041C6D0078160090910000F7D9FF25
:20BDC8003C70DA0034FFDA003C09910000F7D9FF3C7010FF82002810C21FBF6FF87F910097
:20BDE80000F7D9FF3C70DA002CF7910000F7D9FF3C70DA002CF8910000F7D9FF3C70DA00D3
:20BE08002CF900903C0F910000F7D9FF180091000027D9221800092FC008C2FFB4FF6D00F6
:20BE2800F41F910000F7D9FF180009FFC008EEEC3C0F910000F7D9FF100091000027D92257
:20BE48001000092FC008C2FFB4FF6D00DE1F910000F7D9FF100009FFC008EEEC3C0F9100F6
:20BE680000F7D9FF1C0091000027D9221C00092FC008C2FFB4FF6D00C81F910000F7D9FFD8
:20BE88001C0009FFC008EEEC3C0F910000F7D9FF040091000027D9220400092FC008C2FFAD
:20BEA800B4FF6D00B21F910000F7D9FF040009FFC008EEEC3C0F910000F7D9FF140091002B
:20BEC8000027D9221400092FC008C2FFB4FF6D009C1F910000F7D9FF140009FFC008EEEC6A
:20BEE800910000F7D9FF0C00DA00B4FF910000F7D9FF0800DA00B4FF0090910000F7D9FF5C
:20BF0800040009FFC0083B401F007F0F0E80910000F7D9FF040091000027D9220400092F3C
:20BF2800C008C21FB4FF0090910000F7D9FF080009FFC0083B401F007F0F0E80910000F797
:20BF4800D9FF080091000027D9220800092FC008C21FB4FF0090910000F7D9FF0C0009FFA6
:20BF6800C0083B401F007F0F0E80910000F7D9FF0C0091000027D9220C00092FC008C21F2F
:20BF8800B4FF0090910000F7D9FF100009FFC0083B401F007F0F0E80910000F7D9FF1000F0
:20BFA80091000027D9221000092FC008C21FB4FF0090910000F7D9FF140009FFC0083B40D3
:20BFC8001F007F0F0E80910000F7D9FF140091000027D9221400092FC008C21FB4FF0090BF
:20BFE800910000F7D9FF180009FFC0083B401F007F0F0E80910000F7D9FF1800910000270B
:20C00800D9221800092FC008C21FB4FF0090910000F7D9FF1C0009FFC0083B401F007F0F6D
:20C028000E80910000F7D9FF1C0091000027D9221C00092FC008C21FB4FF00900D000002EC
:20C0480082046D00AB1282046DFFB1BD8270DA010F0F00F0892F2829910000F7D9FF200064
:20C0680091000027D9222000542FC21F74FF6DFF74FF910000F7D9FF200054FF82284B8FD8
:20C088001182F6936DFF80FF910000F7D9FF200054FF82484B8F1182F6936DFFA3FF91005F
:20C0A80000F7D9FF200054F8DA084BF81182F6936DFFAFFF910000F7D9FF200054F8DA102C
:20C0C8004BF81182F6936DFF31FF910000F7D9FF200054F8DA284BF81182F6936DFF6BFF5A
:20C0E800910000F7D9FF200054F8DA644BF81182DF0979806DFF03FF910000F7D9FF3C70FD
:20C10800085FDF1F7080910000F7D9FF3C70082FDF1F6980910000F7D9FF3C70086FDF1F17
:20C128006280910000F7D9FF201014FFDF1F5B80910000F7D9FF1C1014F8DA647FF80D80BF
:20C14800910000F7D9FF1C10910000C7D9CC1C1014CFC21F34FF910000F7D9FF1C1014F893
:20C16800DA323F8F4080910000F7D9FF1C1014F8DA0A4BF80182DF093680910000F7D9FFDD
:20C18800280014FF82083E8482183E8D3C2B3B8038416D007F12910000F7D9FF2800DA01AF
:20C1A80034FF3C20910000F7D9FF281014F8DAA03E8F910000F7D9FF281014F8DAA13E8818
:20C1C800910000F7D9FF281014F8DAA57E8482046D006012910000F7D9FF2800DA0034FF38
:20C1E8003C01910000F7D9FF2400910000C7D9CC240014CFC21F34FF910000F7D9FF2400DA
:20C2080014FFBF5F0A80910000F7D9FF2400DA0034FF6D00D81C0D00400200800D0000028B
:20C2280082046D00BB1182046DFFC1BCDA0982180FF80080892828290D00400200800D00E6
:20C24800000282046D00AA1182146DFFB0BC8278DA010F8F00F0892F28290D00400200807D
:20C268000D00000282046D00991182146DFF9FBCDA0982180FF80080892828290D00400258
:20C2880000800D00000282046D008811910000F7D9FF0840D4FF2D0F00000D0040020080F5
:20C2A8000D00000282046D00791182046DFF81DE762482046DFF92DA82446DFF7ADE76247D
:20C2C80082446DFF8BDA0D00400200800D00000282046D00631182146DFF6BDE76248214FF
:20C2E8006DFF7CDA82546DFF64DE762482546DFF75DA0D00400200800D00000282046D00F4
:20C308004D1182346DFF55DE762B82346DFF66DA910000F7D9FF1040D4FF2D0F00008274AA
:20C328006DFF47DE762682746DFF58DA6D00CC110D00400200800D00000282046D002E11DA
:20C3480091000047D94458606DFFBFBB0D00400200800D00000282046D0020110D004002F1
:20C3680000800D00000282046D00181191000047D94444806DFFA9BB0D00400200800D00A5
:20C38800000282046D000A1191000047D94470906DFF9BBB0D00400200800D00000282046A
:20C3A8006D00FC1091000047D9445CB06DFF8DBB0D00400200800D00000282046D00EE1078
:20C3C800910000F7D9FF0C40D4FF2D0F00000D00400200800D00000282046D00DF10910049
:20C3E8000047D94448D06DFF70BB0D00400200800D00000282046D00D110910000F7D9FF10
:20C408001440D4FF2D0F00000D00400200800D00000282046D00C21091000047D94474E0C5
:20C428006DFF53BB0D00400200800D00000282046D00B4106D0076120D00400200800D0014
:20C44800000282046D00AA1091000047D944A0006DFF3BBB0D00400200800D0000028204CA
:20C468006D009C10910000F7D9FF3C70083F5E136D00BD080D00400200800D000002820441
:20C488006D008C1091000047D9448C206DFF1DBB0D00400200800D00000282046D007E1047
:20C4A80091000047D944B8306DFF0FBB0D00400200800D00000282046D0070109100004738
:20C4C800D944A4506DFF01BB0D00400200800D00000282046D00621091000047D9449070E3
:20C4E8006DFFF3BA0D0040020080C234B70402F06E659249DF096300910000F7D9FF3870A8
:20C5080054FFEE1582046DFF9AFB802F325F160392446DFF94FB8020DFF051001022F4F234
:20C5280091000047B542347082007420D4FC820A3C0310CCB0FC54CF6E036F0FFCFFF4FC4A
:20C548003C1DB70801F010CF6F08188054FFEE1182046DFF74FB49F4040A7D420F80325806
:20C5680002846DFF6CFB802F1EF874CA82083C0CAE0442F874C840CF40FC54C876856F0884
:20C58800E2FF3F98E0FFDF082680BF19180002946DFF55FB802F9EF249CF040A01F220F4C1
:20C5A800EE0D012F30F4EE12802F325F1603102F92446DFF44FB802F5EF3A002009001CF09
:20C5C8002020802F960174CF40FC01C900F674FA3C0A9A493FF8078001C900F6A29874F8D3
:20C5E8003C0202898F1940F174CF49C2040A0090DF043000404FBF842780804F8F3F00017B
:20C6080080518F3100115F101F802E06C2F4045F344F494F010A80FF2E16045F24FFC2E400
:20C62800045F24FF8F7400018FD41FF06E0B02F14052C2F160160922480189F24801FC6C2F
:20C64800D05502047646C2F46042045F24FFFC2E40420090404FBF852380804F2E05C2F5A2
:20C668003444494F010A80FF2E1424F4C2E524F48F7500F106D5DF051200D200764A37046C
:20C6880068008F802010A6108F002110A6100201C2F5605289F04801FC2E02F57655C2F5EE
:20C6A800605224F4FC2F404200903B400640820591000048D9441C826D00801782183C189D
:20C6C800910000F7D9FF380014FF7E8691000048D9442C923C0591000048D9443092820470
:20C6E800530821F0370F70506D006817C218BF68E97F3B9001403B00015091000048D944DD
:20C70800F8B16D005B173B9001403B00025091000048D944ECE16D0051173B9001403B0011
:20C72800035091000048D9443C126D0047173B9001403B00045091000048D9440C526D0033
:20C748003D173B9001403B00055091000048D94434926D0033170090024F025802F46D00D0
:20C76800FD19DF282180DF221680910000F7D9FF2C0010FF14F0F60D910000F7D9FF2C002E
:20C7880010FF821034F002F46D00DF1982123C163C09F628910000F7D9FF2C0010FFDA00B3
:20C7A80034FF3C0ADF180980DF12078002F46D00CC1982123C0382023C0100908214821567
:20C7C8006DFFCCFF0228820482156DFFC7FF0229821482256DFFC2FF820482256DFFBEFFB6
:20C7E800823482156DFFBAFF022A910000F7D9FF300014F0DA003E0F82115F017B008221C7
:20C808005F017A00DA155F0F3C01DA165F0F91011D004302DF081900910000F7D9FF3800B2
:20C8280091000027D9223800142FC2FF34FF910000F7D9FF380014FFEE07910000F7D9FFCE
:20C848003800DA0534FFDF091A00910000F7D9FF380091000027D9223800142FC21F34FFAA
:20C86800910000F7D9FF380014FFBF6F0880910000F7D9FF3800DA0134FF6DFF18FFDF0A3D
:20C888003700910000F7D9FF380014FF82103E0A82203E0F8230BE048240BE098250BE0E4A
:20C8A8003C24910000F7D9FF3000DA0134FF3C1D910000F7D9FF3000DA0234FF3C16910097
:20C8C80000F7D9FF3000DA0334FF3C0F910000F7D9FF3000DA0434FF3C08910000F7D9FFB1
:20C8E8003000DA0534FF3C016D00DE101D00D5011D00D301DF081B00910000F7D9FF3C00D4
:20C9080091000027D9223C00092F0008C2FF34FF910000F7D9FF3C0009FF0008CEF79100EA
:20C9280000F7D9FF3C00DA0534FFDF091C00910000F7D9FF3C0091000027D9223C00092F0B
:20C948000008C21F34FF910000F7D9FF3C0009FF0008BF6F0800910000F7D9FF3C00DA015A
:20C9680034FF6D00DD04DF0A8A00910000F7D9FF3C0009F00008DA00BE00DA01BE0CDA0205
:20C988005F0F4D00DA035F0F5700DA045F0F6700DA055F0F6B003C70910000F7D9FF340087
:20C9A80009FF0008EE07910000F7D9FF3000DA0034FF3C62910000F7D9FF3C70081FDF1FFE
:20C9C8002180910000F7D9FF3C70DA002CF1910000F7D9FF3C70DA002CF2910000F7D9FF47
:20C9E8003C70DA002CF3910000F7D9FF3C70DA002CF6910000F7D9FF3400DA0034FF3C0D98
:20CA0800910000F7D9FF3C70DA012CF1910000F7D9FF3400DA0134FF3C2F910000F7D9FF9D
:20CA28003C70081F5E17910000F7D9FF3000DA1534FF3C22910000F7D9FF3C70081F5E1DE8
:20CA4800910000F7D9FF3000DA1634FF910000F7D9FF3C70DA002CF53C0F910000F7D9FF69
:20CA68003000DA0434FF3C08910000F7D9FF3000DA0534FF3C016D0017101D000E01DF08A3
:20CA88001B00910000F7D9FF001091000027D9220010092F0008C2FF34FF910000F7D9FFAC
:20CAA800001009FF0008CEF7910000F7D9FF0010DA0434FFDF091C00910000F7D9FF001094
:20CAC80091000027D9220010092F0008C21F34FF910000F7D9FF001009FF0008BF5F080091
:20CAE800910000F7D9FF0010DA0134FF6D000703DF0A1D00910000F7D9FF001009FF0008B3
:20CB080082003E0482103E093C0F910000F7D9FF3000DA0234FF3C08910000F7D9FF3C7036
:20CB2800DA002CF23C016D00BF0F1D00B600DF081B00910000F7D9FF041091000027D92281
:20CB48000410092F0008C2FF34FF910000F7D9FF041009FF0008CEF7910000F7D9FF0410C8
:20CB6800DA0334FFDF091C00910000F7D9FF041091000027D9220410092F0008C21F34FF0A
:20CB8800910000F7D9FF041009FF0008BF4F0800910000F7D9FF0410DA0134FF6D001D03E4
:20CBA800DF0A7A00910000F7D9FF041009FF000882003E0A8210BE0582205F0F270082307E
:20CBC8005F0F43003C66910000F7D9FF3C70083FEE07910000F7D9FF3000DA0234FF3C597E
:20CBE800910000F7D9FF3C70083F5E18910000F7D9FF3C70DA002CF33C07910000F7D9FFBC
:20CC08003C70DA012CF33C45910000F7D9FF3C70083FEE19910000F7D9FF3C70084F5E17B3
:20CC2800910000F7D9FF3C70DA002CF4910000F7D9FF3C70084FEE07910000F7D9FF3C7082
:20CC4800DA012CF43C26910000F7D9FF3C70083FEE1F910000F7D9FF3C70085F5E17910096
:20CC680000F7D9FF3C70DA002CF5910000F7D9FF3C70085FEE0D910000F7D9FF3C70DA01E1
:20CC88002CF5910000F7D9FF3000DA0234FF3C016D000A0F3C010090DAA05F4F7E00DAA11B
:20CCA8005F4F8700DAA25F4F9000DAA35F4F9900DAA45F4FA200DAA55F4FAB00DAA65F4FE5
:20CCC800B400DAA75F4FBD00DAB05F4FC600DAB15F4FCF00DAB25F4FD800DAB35F4FE10078
:20CCE800DAB45F4FEA00DAB55F4FF300DAB65F4FFC00DAB75F4F0501DAB85F4F0E01DAC06E
:20CD08005F4F1701DAC15F4F2001DAC25F4F2901DAC35F4F3201DAC45F4F3B01DAD05F4F09
:20CD28004401DAD15F4F4D01DAD25F4F5601DAD35F4F5F01DAD45F4F6701DAE05F4F6F01F7
:20CD4800DAE15F4F7701DAE25F4F7F01DAE35F4F8701DAE45F4F8F01DAE55F4F9701DAE64C
:20CD68005F4F9F01DAE75F4FA701DAFD5F4FBA01DAFE5F4FAC01DAFF3E431D00BE013B90D2
:20CD880001405305215091000048D944E0C16D0015141D00B3013B9001405305215091001D
:20CDA8000048D944F4C16D0009141D00A7013B9001405305215091000048D944C8D16D0031
:20CDC800FD131D009B013B9001405305215091000048D944DCD16D00F1131D008F013B9021
:20CDE80001405305215091000048D944F0D16D00E5131D0083013B900140530521509100FE
:20CE08000048D944C4E16D00D9131D0077013B9001405305215091000048D944D8E16D0021
:20CE2800CD131D006B013B9001405305215091000048D944F4E16D00C1131D005F013B9058
:20CE480001405305215091000048D944C8F16D00B5131D0053013B90014053052150910005
:20CE68000048D944DCF16D00A9131D0047013B9001405305215091000048D944F0F16D00D1
:20CE88009D131D003B013B9001405305215091000048D94404026D0091131D002F013B9087
:20CEA80001405305215091000048D94418026D0085131D0023013B900140530521509100A4
:20CEC8000048D9442C026D0079131D0017013B9001405305215091000048D94400126D003F
:20CEE8006D131D000B013B9001405305215091000048D94414126D0061131D00FF003B90C8
:20CF080001405305215091000048D94428126D0055131D00F3003B90014053052150910084
:20CF28000048D94404226D0049131D00E7003B9001405305215091000048D94418226D001F
:20CF48003D131D00DB003B9001405305215091000048D9442C226D0031131D00CF003B9000
:20CF680001405305215091000048D94400326D0025131D00C3003B9001405305215091008C
:20CF88000048D94414326D0019131D00B7003B9001405305215091000048D94428326D00DF
:20CFA8000D131D00AB003B9001405305215091000048D9443C326D0001131D009F003B9040
:20CFC80001405305215091000048D94410426D00F5121D0093003B9001405305215091006D
:20CFE8000048D94424426D00E9121D0087003B9001405305215091000048D94438426D00A0
:20D00800DD123C7B3B9001405305215091000048D94414526D00D2123C703B9001405305D0
:20D02800215091000048D94428526D00C7123C653B9001405305215091000048D9443C52C7
:20D048006D00BC123C5A3B9001405305215091000048D94410626D00B1123C4F3B900140F3
:20D068005305215091000048D94424626D00A6123C443B9001405305215091000048D944F3
:20D0880038626D009B123C393B9001405305215091000048D9440C726D0090123C2E3B90D2
:20D0A80001405305215091000048D94420726D0085123C233B9001405305215091000048C5
:20D0C800D94434726D007A123C183B9001405305215091000048D94408826D006F123C0DAC
:20D0E8003B9001405305215091000048D94424826D0064123C023C0100903BA00540820522
:20D1080091000048D944E0B16D00581282083C19910000F7D9FF001009FF00087E869100B5
:20D128000048D9442C923C0591000048D94430928204530821F0370F70506D003F12C2183B
:20D14800BF58E87F3B9001403B00015091000048D944ECB16D003212910000F7D9FF3C7061
:20D16800082F5E1B3B800C403B00015091000048D944E8A16D002212910000F7D9FF3C7038
:20D18800082FEE0B3B800C403B00015091000048D944ECA16D0012123B2003403B00025085
:20D1A80091000048D944C0C16D0008123B4006403B00025091000048D944C8C16D00FE1120
:20D1C8003B9001403B00075091000048D944D0C16D00F41100903BA00540820591000048A0
:20D1E800D94438826D00EA1182083C19910000F7D9FF041009FF00087E8691000048D9448B
:20D208002C923C0591000048D94430928204530821F0370F70506D00D111C218BF48E87FC0
:20D228003B9001403B00015091000048D94408926D00C4113B9001403B000250910000480A
:20D24800D94418926D00BA113B9001403B00035091000048D94420926D00B011910000F7CF
:20D26800D9FF3C70083F5E1B3B800C403B00015091000048D944E8A16D00A011910000F7AA
:20D28800D9FF3C70083FEE0B3B800C403B00015091000048D944ECA16D009011910000F716
:20D2A800D9FF3C70084FDE1382183C0E910000F7D9FF208001F800F614F49A48370F6850DF
:20D2C8006DFFECFCC218DA093FF8F27F910000F7D9FF3C70083F5E1A910000F7D9FF101042
:20D2E80014F43B3001506DFFD9FC3B4006403B000250910000F7D9FF181014F682176D003B
:20D30800FC103B6009403B000250910000F7D9FF141014F682176D00F01000903B400640A3
:20D32800820591000048D944E0A16D00471182083C19910000F7D9FF3C0009FF00087E8693
:20D3480091000048D9442C923C0591000048D94430928204530821F0370F70506D002E1174
:20D36800C218BF68E87F910000F7D9FF3C70081F5E1B3B800C403B00015091000048D94408
:20D38800E8A16D001B11910000F7D9FF3C70081FEE0B3B800C403B00015091000048D944AE
:20D3A800ECA16D000B113B9001403B00015091000048D944F0A16D000111910000F7D9FF51
:20D3C8003C70082F5E1B3B800C403B00025091000048D944E8A16D00F110910000F7D9FF08
:20D3E8003C70082FEE0B3B800C403B00025091000048D944ECA16D00E1103B9001403B008D
:20D40800025091000048D944F8A16D00D710910000F7D9FF3C70085F5E1B3B800C403B00A1
:20D42800035091000048D944C4B16D00C710910000F7D9FF3C70085FEE0B3B800C403B0034
:20D44800035091000048D944ECA16D00B7103B9001403B00035091000048D944C8B16D0044
:20D46800AD10910000F7D9FF3C70086F5E1B3B800C403B00045091000048D944E8A16D0069
:20D488009D10910000F7D9FF3C70086FEE0B3B800C403B00045091000048D944ECA16D00D5
:20D4A8008D103B9001403B00045091000048D944DCB16D0083100090024F370FE81B8F1FD1
:20D4C8001E00DAFF7E17024F7444B70F89FB6E123C0B8FF00150DA7F7FF10900DA00B70F5C
:20D4E80081FFA65F744F02420090DA963FF10A007444DA00B70F81FF8FF00120A6F20090BE
:20D50800B704890B8F71012082F38B6109110F1300302630B700890BA652A60274426B0262
:20D5280031F4B70F812FA6520090024F8204370F68506D00D02B02F23C0100906F770C00D0
:20D548006F0505808FF707F16E06C215EF850400C21606F5B70589FB8F7601008F8401203C
:20D56800A60FA6F20090910000F7D9FF0810DA0134FF910000F7D9FF08102814910000F704
:20D58800D9FF08106D00C8233B50C3F0065F4BF2110289F00209910000F7D9FF0810DA0072
:20D5A8002CF6910000F7D9FF0810DA002CF7009091000047D9440880820491000057D95523
:20D5C80020803B0004506D00D0058244BB00205C9B1500503BA001603B1001706D00432409
:20D5E800824482156D0008280090824491000047D94410106D00ED27DF028400910000F750
:20D60800D9FF101014F0DAFE7E0D910000F7D9FF1410DA0034FF910000F7D9FF2080DAFE3A
:20D628002CF9910000F7D9FF101014F0DAFDFE0691000047D944208082043B0004506DFF48
:20D648000BF8910000F7D9FF1810DA0034FF910000F7D9FF1410DA0034FF910000F7D9FF39
:20D66800141014FFDF1F3580910000F7D9FF181014F0DA407FF01E80910000F7D9FF18107D
:20D6880014FF910000F7D9FF208010FF91000027D9221010142F34FF910000F7D9FF18108F
:20D6A80091000027D9221810142FC21F34FF3C10910000F7D9FF1810DA0034FF9100004777
:20D6C800D944208082043B0004506DFFC5F7910000F7D9FF101014F0DAFFFE03910000F762
:20D6E800D9FF1410DA0134FF910000F7D9FF2080DAFF34FF910000F7D9FF1810DA0134FF76
:20D708000090201049A6100AA00FF4AF89A4840982FF780240A46DFF5AEED801DA0034FFB3
:20D728000090404F044FEEFF01F420F080F2C2F200903C08C2F4044F04506E023E03520221
:20D748000090DF04F9FF82020090910000F7D9FF3C70081F5E136D0003000090910000F716
:20D76800D9FF3C70085FDF1F4280910000F7D9FF3C70082FDF1F3B80910000F7D9FF3C70EE
:20D78800086FDF1F3480910000F7D9FF241014FF82003E098210BE098220BE0E82305F0F01
:20D7A80023003C243C036D002300910000F7D9FF1C1014F0DA647F0FF8FF910000F7D9FF5C
:20D7C8002410DA0134FF3C12910000F7D9FF2410DA0234FF3C0B910000F7D9FF2410DA0356
:20D7E80034FF3C046D003D013C010090DA0082123C7A910000F7D9FF208001F200F614F025
:20D808003B000A105F011F003B100A105F0125003B200A105F012B003B300A105F0131002C
:20D828003B400A105F0137003B500A105F013D003B600A105F0143003B700A105F014900AC
:20D848003C51910000F7D9FF209010FF3B000A0034F0C21F3C47910000F7D9FF209010FF28
:20D868003B100A0034F0C21F3C3D910000F7D9FF209010FF3B200A0034F0C21F3C33910044
:20D8880000F7D9FF209010FF3B300A0034F0C21F3C29910000F7D9FF209010FF3B400A006F
:20D8A80034F0C21F3C1F910000F7D9FF209010FF3B500A0034F0C21F3C15910000F7D9FF96
:20D8C800209010FF3B600A0034F0C21F3C0B910000F7D9FF209010FF3B700A0034F0C21FB7
:20D8E8003C01C2123B8000007F20857F910000F7D9FF2010DA0134FF910000F7D9FF1C1087
:20D9080014F0DA327FF05380910000F7D9FF281091000027D9222090142F34FF910000F7B4
:20D92800D9FF209014F0DAA0BE05DAA1BE0ADAA2BE0FDAA35F0F2400DAA45F0F2800DAA5E8
:20D948005F0F2C00DAA65F0F3000DAA75F0F2E003C2D91000048D9443C926D00A1063C2647
:20D9680091000048D94400A26D009A063C1F91000048D94404A26D0093063C1891000048D0
:20D98800D94408A26D008C063C1191000048D9440CA26D0085063C0A91000048D94410A2E2
:20D9A8006D007E063C033C023C01910000F7D9FF1C1014F0DA323FF0538091000027D92263
:20D9C8002810910000F7D9FF2090081F342F910000F7D9FF20900810DAA0BE05DAA1BE0AC5
:20D9E800DAA2BE0FDAA35F0F2400DAA45F0F2800DAA55F0F2C00DAA65F0F3000DAA75F0F8D
:20DA08002E003C2D91000048D9443C926D0048063C2691000048D94400A26D0041063C1FDF
:20DA280091000048D94404A26D003A063C1891000048D94408A26D0033063C1191000048D5
:20DA4800D9440CA26D002C063C0A91000048D94410A26D0025063C033C023C0100909100F3
:20DA680000F7D9FF3C70085FDF1F4D80910000F7D9FF20800810DAB0BE08DAB1BE0BDAB2A9
:20DA8800BE0EDAB35F0F2100DAB45F0F2300DAB55F0F2500DAB65F0F2700DAB75F0F290008
:20DAA800DAB85F0F2B003C2E3B000B406DFF5DFD3C293B100B406DFF58FD3C243B200B40BB
:20DAC8006DFF53FD3C1F3B300B406DFF4EFD3C1A3B400B406DFF49FD3C153B500B406DFF59
:20DAE80044FD3C103B600B406DFF3FFD3C0B3B700B406DFF3AFD3C063B800B406DFF35FD3D
:20DB08003C0100906D003A056D0036006D003F006D00261282046D00410500904DC0E1FFDA
:20DB280016073C016E083C01910000F7D9FF249014FF6EFB4DC0E1FF16073C01910000F771
:20DB4800D9FF249010FFDA0134FF8218DA003C0B910000F7D9FF249010FF14F0E208370809
:20DB68006880C21FBF3FF6FF82146D005512DF08EE7F00906DFFEAD402246DFF3ED46DFF59
:20DB8800F9D402246DFF7DD40090910000F7D9FF28906DFF38C868224DC0E1FF8F7F0041F3
:20DBA8003C01910000F7D9FF28906DFF5CC76812910000F7D9FF28906DFFC0C874F2C5FFC9
:20DBC8000001BCF182046DFF88C8913000FF39FF3006160F4B0F41F14BF251F03C013C0176
:20DBE800910000F7D9FF28906CF30090404F0258F64791000027D9223010142FEE023C1F6F
:20DC080091000027D9222C10142F6E033C013C0091000027D9222C10DA00C21F342F6D0066
:20DC2800A1043C0C91000048D94430B2A00640F502846D004B006D0004003CF500902008A4
:20DC4800DA0074AFDA007801DA0074AF3C0FDA0078013C045801C21F780158013BF0FF015A
:20DC68007FF0FAFF54AFC21F74AF54AF3BF0FF007FF0EFFF0090201849A4000A6D0007026E
:20DC8800911000F8D9FF382EF80249A4000A6D00C2018204BB00205C9B15005082068207B6
:20DCA8006D00E12091000047D9440CB0820491000057D9550CA03B0004506D00560282041B
:20DCC80082156D0099240090D9AAE86F404C405D0248406E820089A08C08DA00ACA7DA00AA
:20DCE8007804DA00ACAADA00ACAB40D46DFF1BFD89A2100991000027D9223890092FC008E8
:20DD08006E08910000F7D9FF3890C84F2D0F0000910000F7D9FF341014F0DF007B01910076
:20DD280000F7D9FF389009FFC008DF0F3F0109A096088CABC21FACAB910000F7D9FF389068
:20DD4800C83F82043700705040C42D0F000040D46DFFE9FC89A21009910000F7D9FF389026
:20DD680009F0C208910000F7D9FF3890086F4BF0010289A094083C0109DF0008B01DEEFD51
:20DD8800DA00ACA73C11B0FD09D00008DA2F3E0509D00008DA5C7E0509AFCE08C21FACA7CB
:20DDA8005804C2FF780409AFCE08FF2F05805804FF0FEB7F58040EFCB01DF4AD49A4180ACA
:20DDC80091000058D95514A26DFF9DFC3C1709AFCE08EE0BF4AD49A4180A91000058D955C8
:20DDE80020A26DFF90FC3C0AF4AD49A4180A91000058D95514A26DFF86FCDA00ACA63C4CFC
:20DE0800DA00ACA73C2349A4180A6DFF8CFC09A0CC088CAA09A1CE0803F00AF17FF2038056
:20DE28003C1A09AFCE0810AF49FF184A09A0CC088CAA09A1CE0803F00AF110A2092F180862
:20DE480034FF09AFCE08C21FACA709A0CE088CAA3FF0DB7F09AFCE0810AF49FF184ADA00B6
:20DE680034FF910000F7D9FF389008708CABE2F08CABC21FACAB910000F7D9FF3890C83F20
:20DE880082043700705049A4184A2D0F000009AFCC08C21FACA609A9CC0849A4180A6DFFB2
:20DEA80042FC8CAA4BF211029A103FF9ABFF74A849A4180A91000058D95530A26DFF23FC6B
:20DEC800910000F7D9FF3890087F09A09608E2F08CABC21FACAB910000F7D9FF3890C83FD4
:20DEE80082043700705049A4180A2D0F0000A00F7DEF5B00DA00ACA63C4CDA00ACA73C229D
:20DF080040E46DFF10FC09A0CC088CAA09A1CE0803F00AF17FF203803C1A09AFCE0810AFA5
:20DF280049FF184A09A0CC088CAA09A1CE0803F00AF110E2092F000834FF09AFCE08C21F3A
:20DF4800ACA709A0CE088CAA3FF0DC7F09AFCE0810AF49FF184ADA0034FF910000F7D9FFC3
:20DF68003890087F09A09608E2F08CABC21FACAB910000F7D9FF3890C83F82043700705016
:20DF880049A4184A2D0F000009AFCC08C21FACA609A8CC0840E46DFFC6FB8CAA4BF21102D3
:20DFA8009A103FF8ACFF3C3549A4185A82043B0010506DFF51F3910000F7D9FF3890C82F0D
:20DFC80040C42D0F0000A00F7DEF1000F4AD89A8040989AE880949A4185A91000058D955B1
:20DFE8003CA26DFF90FB3C0CF4AD89A8040949A4185A91000058D95518B26DFF84FB910061
:20E0080000F7D9FF3890C82F49A4185A2D0F00000090910000F7D9FF3890094FC008B4FF44
:20E02800910000F7D9FF3890094FC208ACF1910000F7D9FF3890094FC408ACF2910000F77F
:20E04800D9FF38900C462CF6910000F7D9FF38900C472CF7910000F7D9FF38900942880902
:20E06800E822910000F7D9FF389009428C09E83291000027D9223890CC44EC24910000F749
:20E08800D9FF3410DA0134FF0090DA00B44FBBF0FFFFAC41BBF0FFFFAC42DAFF2C46DAFF90
:20E0A8002C47A00FEC42A00FEC43A00FEC44009082046D001B260090404FA00201F210447F
:20E0C80091000048D94400C23B5005506DFF90FD820814FF960134FFDA006CF2DA006CF3CF
:20E0E800485F6CF4081F82003E0682103E0A8220BE003C17C814820448556DFFADF23C1140
:20E10800C8148204485F532F20506DFFA5F23C09C8148204485F534F20506DFF9DF23C0161
:20E12800DA0034FF02823C0100904C43424F6C433C064C4309401409A20F6C434C45094039
:20E148000C097FF0F8FF00904C42424F6C423C064C4209401409A20F6C424C45094008095F
:20E168007FF0F8FF0090404F024F405C0258A00201F2104491000048D94400C23B2022505D
:20E188006DFF36FD8202E81C820034F02CF1DA006CF2DA006CF3684868583C010090404F50
:20E1A800405C406D0249A00201F2104491000048D94400C23B1016506DFF1AFDA00201D279
:20E1C800104491000048D94400C23B2016506DFF0FFD82088200A0027DC2058082381D00A9
:20E1E800900014FF16036E0574D082681D009F0040F46D009F0054D07F020B8074D282784E
:20E20800F62714FFB70F81F134FF1D00900014FF960834FF485F4830520A54D03F0A2B8037
:20E22800081F82003E0682103E0C8220BE063C21C812483F102554D440C46DFFDBF13C19FB
:20E24800C812483F532F20F0102554DF532F204040C46DFFCFF13C0DC812483F534F20F0ED
:20E26800102554DF534F204040C46DFFC3F13C013C43081F82003E078210BE0482205F0FFA
:20E2880027003C3AC812483F102540C402A46DFFB1F101CA0046C81554D4A2A46DFFAAF128
:20E2A8003C2BC812483F532F20F01025532A204040C46DFF9FF1532A20F010C4C81554DF79
:20E2C800A2AF532F20406DFF95F13C16C812483F534F20F01025534A204040C46DFF8AF18F
:20E2E800534A20F010C4C81554DFA2AF534F20406DFF80F13C0114FFB70F81F134FFDF09B2
:20E30800168014F0DA0B7E0382283C1014FF960234FF54D440F46DFF0AFF484F54D0420F44
:20E328006CF414FFB70F81F034FF02823C010090404FA002012F104491000048D94400C23A
:20E348003B6007506DFF54FC485F484052023C010090404F405C0248A00201F210449100C8
:20E368000048D94400C23B000B506DFF41FC8209A0027DC2058082391D00B50014FF160583
:20E388006E0482491D00AF0014FF960434FF484F3F8FA480485F4820520A7F8A698008108E
:20E3A800DA003E0882115F012000DA025F0F3E003C5DC812482F102440C502A46DFF1AF15A
:20E3C80040F402A46DFFC2FEC812482F102401CA00560BA880406DFF0DF10BA8804040F405
:20E3E8006DFFB4FE3C43C812482F532F20F01024532A204040C56DFFFDF040F402A46DFFE0
:20E40800A5FEC812482F532F20F01024532A20F010C55AA8532F20406DFFECF00BA8804039
:20E4280040F46DFF93FE3C22C812482F534F20F01024534A204040C56DFFDCF040F402A4FA
:20E448006DFF84FEC812482F534F20F01024534A20F010C55AA8534F20406DFFCBF00BA82F
:20E46800804040F46DFF72FE3C013C33081F82003E068210BE008220BE0D3C2BC812482FB6
:20E48800102440C502846DFFB5F040F402846DFF5DFE3C1FC812482F532F20F01024532836
:20E4A800204040C56DFFA6F040F402846DFF4EFE3C10C812482F534F20F0102453482040FD
:20E4C80040C56DFF97F040F402846DFF3FFE3C01484FA28F6CF43C02825914FFB70F01F190
:20E4E80034FF02923C0100902010404C0248A00F01FC104491000048D94480D23B0008509F
:20E508006DFF76FBDA00A00F7DCF03803C29CE873BD0020034C0B01C32583C05F684DA30E8
:20E5280034CF3C1E3C113BA000004B0801020E123C02325110AF34F1C21F370F68F03BA0D9
:20E5480000004B080182DF08F0FF3C0910AF09F07FF88B00030034C0B01CC2FFEEF800900E
:20E568006D000C006D009E0F6D008E136D008A0D82046D00130000904DC0E2FF370FE1F74C
:20E588008B0F20F23C010D00400300003C013C018B0F00223C010090F6430D00000300905E
:20E5A8006D00960B3B60014082156D007B0D910000F8D9FFACD254FF370F504082158206B6
:20E5C80082376D00150F910000F8D9FFACD2481F370F50408215820682376D00090F9100DF
:20E5E80000F8D9FFACD2482F370F50408215820682376D00FD0E910000F8D9FFACD2483FC2
:20E60800370F50408215820682376D00F10E910000F8D9FFACD2484F370F5040821582066D
:20E6280082376D00E50E910000F8D9FFACD2485F370F50408215820682376D00D90E9100A0
:20E6480000F8D9FFACD2486F370F50408215820682376D00CD0E910000F7D9FF78403B80E4
:20E6680038F1ACFF82146D00B80B3BA000406D00D30C910000F7D9FF28B009F4C0086D0027
:20E68800090091000048D94430926D0009000090910000F7D9FF28B0B4F40090DA003C1015
:20E6A800104F09F00008F6023C0D910000F7D9FF2CB010FF10420920000834F0C21FBF3FE0
:20E6C800F1FF0090910000F7D9FF24B014FF82204B0F0182910000F7D9FF24B014FF822003
:20E6E8004B0F0102DF01DF80DF081880910000F8D9FFACD2486F370F50406D00EF0DB04230
:20E708007B100000910000F8D9FFACD2486F161F0FF0100074203C1E9AF8534F20F09100C9
:20E7280000F8D9FFACD210FF54FF370F50406D00D50DB0427B1000009AF8534F20F09100AA
:20E7480000F8D9FFACD210FF54FF161F0FF010007420FF78A48082023C33910000F7D9FF3B
:20E7680030B009F000088B001E00537020F0910000F8D9FF88E210FF01F800F614F08211D4
:20E788009A120FF110102610DF001100532220F0910000F7D9FF784010FF91000027D92220
:20E7A80028B00920C008B4F03C0A532220F0910000F7D9FF784010FF8200B4F0C212BF52E7
:20E7C800CEFF3C34910000F7D9FF30B009F001088B001EF0537F20F0910000F8D9FF88E26C
:20E7E80010FF01F800F614F082119AB2C21F0FF110102610DF001100532220F0910000F7FC
:20E80800D9FF784010FF91000027D92228B0092FC008B4FF3C0A532220F0910000F7D9FFE8
:20E82800784010FFDA00B4FFC212BFA2CDFF3C34910000F7D9FF30B009FF02088B0F1EF011
:20E84800537F20F0910000F8D9FF88E210FF01F800F614FF82108B621F10C2110F10100042
:20E86800260F6E10532220F0910000F7D9FF784010FF91000027D92228B0092FC008B4FFF3
:20E888003C0A532220F0910000F7D9FF784010FFDA00B4FFC212BFF2CDFF82146D009D0AF6
:20E8A8003C1B534820F0910000F8D9FFACD210FF54FF370F50406D00110DB042821053488D
:20E8C80020F0910000F8D9FFACD210FF54FF161F0FF010007420910000F7D9FF24B0910042
:20E8E8000027D92224B0142FC21F34FF910000F7D9FF24B014F0DA0E3FF01300910000F7D9
:20E90800D9FF24B0DA0034FF91000047D94430B091000057D9552CB082346DFF6BEE009064
:20E928002010DA0089AF0609910000F7D9FF042014FFDF0FB8003C0A91000047D94434B022
:20E9480049A50A0A82146DFF06FD823449A40A0A6D003F1EDF02F2FF0CAA3BA000005F0F56
:20E96800A280DA0689AF060991000047D94434B049A5000A49A6060A82146DFF12FC49A479
:20E98800030A91000058D955E84282346DFFD3F6DF022480910000F7D9FF002014FF9E2C54
:20E9A800910000F7D9FF0020DA0134FF91000047D94434B06DFFBEFC89A2060991000047B0
:20E9C800D94434B091000057D9550CE049A6060A82046DFFE6FB3C5A49A4030A91000058E1
:20E9E800D955EC4282346DFFA6F6DF022480910000F7D9FF3C1014FF9E2C910000F7D9FF87
:20EA08003C10DA0134FF91000047D94434B06DFF91FC89A2060991000047D94434B091001E
:20EA28000057D9550CC049A6060A82046DFFB9FB3C2D49A4030A91000058D955F042823476
:20EA48006DFF79F6DF022380910000F7D9FF082014FF9E2C910000F7D9FF0820DA0134FF54
:20EA680091000047D94434B06DFF64FC89A2060991000047D94434B091000057D9554C0074
:20EA880049A6060A82046DFF8CFB91000047D94434B06DFF13FB910000F7D9FF3810DA0120
:20EAA80034FF0090910000F7D9FF242009FFC008532F20406DFF1BED402C910000F7D9FFF5
:20EAC800182014FFEE13DA006E093B201E406D00050CB042DA04742F3C093B201E406D007C
:20EAE800FD0BB0427B4000F0742F82048205910000F7D9FF242009FFC008C2FF370F70606E
:20EB0800910000F7D9FF1C2009FFC008C2FF370F70706D00710382003C0E532020F010CF8B
:20EB280091000027D9220C20092FC008B4FFC21037007000910000F7D9FF242009FFC0084E
:20EB48003FF0EDFFDA003C0D910000F7D9FF242009F4C00840C46D001B06C21F370F70F0ED
:20EB6800910000F7D9FF1C2009F0C0083F0FEEFF910000F7D9FF182014FFEE13DA016E09F7
:20EB88003B201E406D00AA0BB042DA04742F3C093B201E406D00A20BB0427B4000F0742FC7
:20EBA80040C46DFFA0E80090201849A4000A6DFF6EFADA01B4AF910000F7D9FF242009FFD8
:20EBC800C008ACA1910000F7D9FF1C2009FFC008ACA2910000F7D9FF142014FF82003E06F1
:20EBE80082103E0982203E0C3C0CDA062CA6DA082CA73C07DA082CA6DA102CA73C023C016A
:20EC0800911000F8D9FF407FF803911000F8D9FFACAEF80449A4000A6DFFFDF900902010E1
:20EC2800DF045580910000F7D9FF1820DA0034FF910000F7D9FF30203B101EF0B4FF910022
:20EC480000F7D9FF28203B401EF0B4FF910000F7D9FF2C203B201EF0B4FFDAD3B4AFDAD9CE
:20EC6800ACA23BB01AF0ACA482248205BB0070689B3639603BE00C706D0063113B001E40BE
:20EC88008215820682376D00B30B910000F7D9FF302094F48215820682376D00A90B9100A7
:20ECA80000F7D9FF2C2094F48215821682376D009F0B910000F7D9FF282094F4821582164B
:20ECC80082376D00950B1D008500910000F7D9FF1820DA0134FF910000F7D9FF30203B0033
:20ECE8001EF0B4FF910000F7D9FF28203B401EF0B4FF910000F7D9FF2C203B201EF0B4FF9F
:20ED08003B001E408215820682376D00710B910000F7D9FF282094F48215820682376D001C
:20ED2800670B910000F7D9FF2C2094F48215821682376D005D0B3B301E40821582068237C7
:20ED48006D00560B3B501E408215820682376D004F0B3B101E408215821682376D00480B04
:20ED68003B9016408215821682376D00410B3BA016408215821682376D003A0B3BB01640BD
:20ED88008215821682376D00330B3BC016408215821682376D002C0B3B001A408215821637
:20EDA80082376D00250B3B101A408215821682376D001E0B3B201A408215821682376D00C8
:20EDC800170B3B301A408215821682376D00100B910000F7D9FF102014F46D00DC01910061
:20EDE80000F7D9FF202009F4C008910000F7D9FF0C2009F5C0086D00C301DA016E149100C6
:20EE080000F7D9FF282094F46D00680AB0428210910000F7D9FF282094FF161F0FF0100069
:20EE280074203C14910000F7D9FF282094F46D00550AB0427B100000910000F7D9FF2820C5
:20EE480094FF161F0FF010007420DA006E14910000F7D9FF302094F46D00400AB042821070
:20EE6800910000F7D9FF302094FF161F0FF0100074203C14910000F7D9FF302094F46D007A
:20EE88002D0AB0427B100000910000F7D9FF302094FF161F0FF01000742082546D00BC0894
:20EEA800DA016E14910000F7D9FF302094F46D00150AB0428210910000F7D9FF302094FF62
:20EEC800161F0FF0100074203C14910000F7D9FF302094F46D00020AB0427B100000910043
:20EEE80000F7D9FF302094FF161F0FF0100074203B8007406D009008910000F7D9FF1820E1
:20EF080014FFEE13DA006E093B201E406D00E609B042DA04742F3C093B201E406D00DE09AA
:20EF2800B0427B4000F0742F3B1001406D0038053B8007406D0070083B6003406D003005EC
:20EF4800910000F7D9FF102014FF82003E0882103E0A82203E0D8230BE003C1482046D00C4
:20EF6800B5043C103B000C406D00B0043C0B3B0007406D00AB043C063B000A406D00A60419
:20EF88003C013BA003406D000B0582546D009E043B200B406D0004053BC000406D0096044E
:20EFA8003BC000406D00920482046D008F043B3003406D008B043B3003406D0087043B708A
:20EFC8000B406D00ED043B5003406D007F043BB00B406D00E5043B9002406D0077043B20E6
:20EFE8000C406D00DD0482146D0070043B300C406D00D6043B9001406D0068043B400C404E
:20F008006D00CE043B0002406D0060043B500C406D00C6043BA001406D0058043B600C4081
:20F028006D00BE043BF001406D0050043B000D406D00B6043B400A406D0048043B100A40AA
:20F048006D0044043B000E406D00AA043B000D406D003C043B8000406D0038043BE000401B
:20F068006D0034043B9000406D0030043B9000406D002C0482546D0029043B1003406D0024
:20F0880025043B3003406D0021043B8004406D001D043B7001406D0019043B4001406D00D3
:20F0A80015043B5001406D0011043B1003406D000D043B4003406D0009043B100E406D0097
:20F0C8006F043B000D406D0001043B8000406D00FD033BE000406D00F9033B9000406D0017
:20F0E800F5033B9000406D00F1033B5001406D00ED033B1003406D00E9033B3003406D0079
:20F10800E5033B8004406D00E1033B7001406D00DD033B4001406D00D9033B5001406D0038
:20F12800D5033B1003406D00D1033B4003406D00CD033B1002406D0033043B9002406D007A
:20F148002F04910000F7D9FF182014FFEE13DA016E093B201E406D00C108B042DA04742F14
:20F168003C093B201E406D00B908B0427B4000F0742F6DFF99FC6DFF19FD0090910000F780
:20F18800D9FF2020B4F4910000F7D9FF0C20B4F50090910000F7D9FF102034F4DA003E48CA
:20F1A800DA013E46DA02BE42DA03BE403C1D910000F7D9FF2420DAF0B4FF910000F7D9FF57
:20F1C8001C203B0014F0B4FF3C0F910000F7D9FF24203B0014F0B4FF910000F7D9FF1C207C
:20F1E800DAF0B4FF3C010090910000F7D9FF142034F40090024F0B561088027A910000F723
:20F20800D9FF242009F0C0080B0F304191000048D944F4423BA014506DFFEAF4910000F741
:20F22800D9FF1C2009F0C0080B08304191000048D944F4423BB014506DFFDAF4910000F730
:20F24800D9FF242009F0C0080B09304191000048D944F4423BC014506DFFCAF4910000F707
:20F26800D9FF1C2009F0C0080B0A304191000048D944F4423BD014506DFFBAF43BA0024059
:20F288006D008E0302F46D00EF0102946D00EC013BB002406D00840302846D00E50102A485
:20F2A8006D00E2013BC002406D007A03009049AA00CA0B451088026A910000F7D9FF24208A
:20F2C80009F0C0080B08304191000048D944F4423BE025506DFF8CF4910000F7D9FF1C209D
:20F2E80009F0C0080B09304191000048D944F4423BF025506DFF7CF4910000F7D9FF182080
:20F3080014FFEE13DA006E093B201E406D00E607B042824074203C093B201E406D00DE07D5
:20F32800B0427B4000F0742F910000F7D9FF142014F0DA003E09DA015F0F4C00DA025F0FED
:20F34800C2001D00C1009A58370F70609A79370F70700B8910486DFF4FFF82003C318B0A9A
:20F368001EF0536F20F0910000F8D9FF28C210FF01F000F614F182023C206F011000DA061F
:20F3880003F20AF0532F20F010AF91000027D9222020092FC008B4FF3C0EDA0603F20AF066
:20F3A800532F20F010AF91000027D9220C20092FC008B4FF86F1C212BF82E1FFC210BF6005
:20F3C800D0FF49A4000A3B0003406D00E1013C7B9A78370F70608BF900F0370F70700B8985
:20F3E80010486DFF09FF82033C648B0A1E00530021F0910000F8D9FF505210FF01F300F601
:20F4080014F08B0A1E10530121F0910000F8D9FF505210FF01F300F6088482013C206F00E2
:20F428001000DA0803F10A23532220F010AF91000027D92220200922C008B4F23C0EDA08B5
:20F4480003F10A23532220F010AF91000027D9220C200922C008B4F286F0C211BF81E1FF5E
:20F4680082003C246F041200DA0803F00A138B0104F0532F20F010AF91000027D922202067
:20F48800092FC008B4FF3C10DA0803F00AF38B0F04F0532F20F010AF91000027D9220C20D5
:20F4A800092FC008B4FF86F4C210BF80DDFFC213BF839DFF49A4000A3B0008406D00680127
:20F4C8003C023C01910000F7D9FF182014FFEE13DA016E093B201E406D000007B042DA04AE
:20F4E800742F3C093B201E406D00F806B0427B4000F0742F009020100B4510A80269027C07
:20F50800910000F7D9FF242009F0C0080B0A304191000048D944F4423B902D506DFF68F3BD
:20F52800910000F7D9FF1C2009F0C0080B0B304191000048D944F4423BA02D506DFF58F3A4
:20F5480082000BC0304191000048D944F4423BB02D506DFF4DF3DA0A0BCF5041910000487D
:20F56800D944F4423BC02D506DFF42F3DA0149A4000A82043BC000506DFF6EE849A4000ABB
:20F588003B0002408B1C00506DFF66E8FFAC0A803C0453AF20F0C2FCFF1CFDFF4BF9018212
:20F5A80049A4000A02946DFFA1F749A4000A0BAB10486D00030000900B451088404C9100A8
:20F5C80000F7D9FF242009FFC0080BF8304191000048D944F4423BB02B506DFF09F3910041
:20F5E80000F7D9FF1C2009FFC0080BF9304191000048D944F4423BC02B506DFFF9F2820A2E
:20F608003C2C910000F7D9FF142014F0DA003E07DA01BE0282215F011D003C1C8260030AC1
:20F628000AF8370F704001CA00F609F6000802956DFF3FFE3C0FDA0803FA0AF8370F7040A0
:20F6480001CA00F609F6000802956DFF32FE3C023C01C21A370A70A001CA00F609FF00082E
:20F66800EED100900248910000F7D9FF182014FFEE07822402856D00AA121D008800DA0074
:20F688006E093B201E406D002906B042824074203C093B201E406D002106B0427B4000000F
:20F6A8007420DA016E093B301E406D001706B042DA08742F3C093B301E406D000F06B04210
:20F6C8007B8000007420DA006E093B501E406D000506B042DA20742F3C093B501E406D00B7
:20F6E800FD05B0427B0002F0742F8F883F406D000A02DA016E093B501E406D00EF05B04261
:20F70800DA20742F3C093B501E406D00E705B0427B0002F0742FDA006E093B501E406D0014
:20F72800DD05B042DA20742F3C093B501E406D00D505B0427B0002F0742F8FF80F416D0095
:20F74800E201DA016E093B501E406D00C705B042DA20742F3C093B501E406D00BF05B0426A
:20F768007B0002F0742FDA016E093B201E406D00B505B042DA04742F3C093B201E406D0061
:20F78800AD05B0427B4000F0742F0090404F024891000027D9221820142FEE08822440F408
:20F7A80002856D004D121D009000DA006E093B201E406D009305B042DA04742F3C093B201F
:20F7C8001E406D008B05B0427B4000F0742FDA016E093B301E406D008105B042DA08742F01
:20F7E8003C093B301E406D007905B0427B8000F0742F3C55DA006E093B501E406D006E05DD
:20F80800B042DA20742F3C093B501E406D006605B0427B0002F0742F09F4C00886846D000D
:20F828007201DA016E093B501E406D005705B042DA20742F3C093B501E406D004F05B042D9
:20F848007B0002F0742FDA006E093B501E406D004505B042DA20742F3C093B501E406D0075
:20F868003D05B0427B0002F0742F09FFC0088FFF0F416D004801DA016E093B501E406D0030
:20F888002D05B042DA20742F3C093B501E406D002505B0427B0002F0742FB02F028FC2F8AE
:20F8A800EEAADA016E093B201E406D001705B042DA04742F3C093B201E406D000F05B04230
:20F8C8007B4000F0742F00900248910000F7D9FF182014FFEE06822402856D00F9113C5E1B
:20F8E800DA006E093B201E406D00F804B042DA04742F3C093B201E406D00F004B0427B400E
:20F9080000F0742FDA016E093B301E406D00E604B042DA08742F3C093B301E406D00DE0406
:20F92800B0427B8000F0742FDA006E093B501E406D00D404B042DA20742F3C093B501E4003
:20F948006D00CC04B0427B0002F0742F02846D00DA00DA016E093B501E406D00BF04B04236
:20F96800DA20742F3C093B501E406D00B704B0427B0002F0742FDA016E093B201E406D0012
:20F98800AD04B042DA04742F3C093B201E406D00A504B0427B4000F0742F0090024891007C
:20F9A80000F7D9FF182014FFEE2BDA006E093B001E406D009304B042DA01742F3C093B002E
:20F9C8001E406D008B04B0427B1000F0742F822402856D007D11DA016E093B001E406D0035
:20F9E8007D04B042DA01742F3C093B001E406D007504B0427B1000F0742F1D008300DA00C0
:20FA08006E093B201E406D006904B042DA04742F3C093B201E406D006104B0427B4000F0F4
:20FA2800742FDA006E093B101E406D005704B042DA02742F3C093B101E406D004F04B04248
:20FA48007B2000F0742FDA016E093B301E406D004504B042DA08742F3C093B301E406D00AD
:20FA68003D04B0427B8000F0742FDA006E093B501E406D003304B042DA20742F3C093B5080
:20FA88001E406D002B04B0427B0002F0742F02846D003900DA016E093B501E406D001E046C
:20FAA800B042DA20742F3C093B501E406D001604B0427B0002F0742FDA016E093B201E40ED
:20FAC8006D000C04B042DA04742F3C093B201E406D000404B0427B4000F0742FDA016E0929
:20FAE8003B101E406D00FA03B042DA02742F3C093B101E406D00F203B0427B2000F0742F0A
:20FB08000090910000F8D9FF14C1C8828F9420F0910000F8D9FF14C1C88F54F0B70084048A
:20FB2800A60F742F910000F8D9FF14C1C8C286C4910000F8D9FF14C1C8CF54FFB70F04F081
:20FB4800A6F474240090910000F7D9FF5C2001F400F6DA0034FF0090910000F7D9FF5C209B
:20FB680001F400F614F23C0100900248DA000B8F304191000048D944E0523BD008506DFF99
:20FB880037F082093C17532920F0910000F8D9FFC86210FF94F48205821682176D00280459
:20FBA800910000F7D9FF5C2001F900F6DA0034FFC219BF49EAFF910000F7D9FF342074F878
:20FBC800009082083C74532820F0910000F8D9FFC86210FF94F46D00FB03DF122F00534880
:20FBE80020F0910000F7D9FF4C2010FF534820F091000027D9224C2010225420C21074F06C
:20FC08003B803E00910000F7D9FF342054FF4BF01102534820F0910000F7D9FF4C2010FF08
:20FC280054FF3F0F0A80910000F7D9FF5C2001F800F6DA0234FF3C3A910000F7D9FF5C2065
:20FC480001F800F614FFDF2F2100534820F0910000F7D9FF4C2010FF54FFBFAF17805348F2
:20FC680020F0910000F7D9FF4C2010FF54FF3B803E007F0F0B80910000F7D9FF5C2001F857
:20FC880000F6DA0134FF3C09910000F7D9FF5C2001F800F6DA0034FF534820F0910000F708
:20FCA800D9FF4C2010FFDA0074FFC218BF488DFF009091000047D94458506DFFFFF1009016
:20FCC80002453B4040406D00D603009091000047D9445850820491000057D95560203B40D0
:20FCE80006506DFF42F23B4040408215820682376D007E0382143B90D05306753BB00060FB
:20FD080082776D00B010821482156D007514910000F7D9FF7050DA0134FF91000047D9446F
:20FD280044406DFFAACA91000047D944382091000057D955444082143B4006506DFF9CC839
:20FD480091000047D944444082146DFF41CA3B4006406D00820100902038404F0248820918
:20FD6800DA0089AF3209DA003B20030089A0320991000047D944585049A5000A49A6320AD2
:20FD880082046DFF0EF209A032097F08078009AF3209A28F370F68F06E0E3C0810A214200F
:20FDA80034F0B01FC21F370F68F009A032093F0FF7FF821902923C010090404F024F910034
:20FDC8000047D94458506DFF79F1821440F402F56D007717009091000047D94478409100AF
:20FDE8000057D95544406DFF5ACA370270F06E013B6004406D00310191000047D944444063
:20FE08006DFFBCC9009000900D00000282046DFFC5F3C5F4000182046DFF0DC4910000F70B
:20FE2800D9FF1840DA0034FF0D00400200800D00000282046DFFB2F3C5F4004182046DFF1C
:20FE4800FAC3910000F7D9FF1C40DA0034FF0D00400200800D00000282046DFF9FF3C5F4F9
:20FE6800008182046DFFE7C3910000F7D9FF2040DA0034FF0D004002008002484DC0E1FF8A
:20FE880016073C01370F48404DC0E20F3700E1078B0020F23C013C01EE0D6DFFEAC30920C1
:20FEA80010093C013C014C243C01A20F3F8FFDFF3C5582FF5F4F5200DA003E47DA01BE4D28
:20FEC800DA025F4F33003C4A910000F7D9FF1840DA0134FF6DFF52F385FF100142F8A5F8F4
:20FEE800300102246DFF5AF33C01910000F7D9FF184014FFEEFB3C32910000F7D9FF1C40CF
:20FF0800DA0134FF6DFF3AF385FF1041428FA5FF304102246DFF42F33C01910000F7D9FF13
:20FF28001C4014FFEEFB3C1A910000F7D9FF2040DA0134FF6DFF22F385FF1081428FA5FF32
:20FF4800308102246DFF2AF33C01910000F7D9FF204014FFEEFB3C023C01009020104DC0F8
:20FF6800E2FF370FE1F78B0F20823C010D00400300003C013C01820034A0DA002CA2DA1F40
:20FF88002CA3DA002CA1DA017801DADCACA4DA002CAAC5F4000149A5000A6DFF95C3C5F4AA
:20FFA800000182046DFF47C3DA0034AFDA002CA2DA1F2CA3DA002CA1DA017801DADDACA40D
:20FFC800DA022CAAC5F4004149A5000A6DFF7CC3C5F4004182046DFF2EC3DA0034AFDA0056
:18FFE8002CA2DA1F2CA3DA002CA1DA017801DADEACA4DA032CAAC5F4FC
:02000004800179
:20000000008149A5000A6DFF63C3C5F4008182046DFF15C376830D0000030090024FBB002C
:20002000C4097FF017803C0A3B0080429BB4E64E6DFF29FFBB00C409A20FBB00C4093FF0A3
:20004000F5FF3B50C3400654E2F46DFF1CFF3C073B50C3400654E2F46DFF15FF009002480C
:200060004DC0E1FF16073C01370F48406DFF05C353482600092110093C013C014C243C010C
:20008000A21F3F0FFDFF0090DA003C0C534F2000600F9140003F30F3D93F8028820074F099
:2000A000C21FBF4FF57F009020080B4510A84DC0E20F3700E1078B0020E23C010D004003E6
:2000C00000003C013C0102A46D008700402F3B000150C82408C46DFFB6A4084409F55008F1
:2000E0006DFF79BF084F74AFDA034BFA01C2DA034BFA0182DA003EB6DA013EBBDA02BEB06C
:200100003C1654A46DFF07BC54A46DFF3CBE3C1854A46DFF1EBD54A46DFF8CBC3C1154A484
:200120006DFF17BD54A46DFF2EBE3C0A820491000048D944D0623B500A506DFF5DED54A4A8
:200140006DFFAEBE54A402C56DFF56BB8216028454A56DFFCFBF02846DFF88BD8215028426
:200160006DFF69C0DA044BF80102534120F060FF9140003F30F3D93F8028DA034BFA0102AB
:20018000DA044BF00102DA003E18DA013E19DA023E1ADA033E1B3C0D8200DA3C3C0A8200CE
:2001A000DA3D3C078210DA053C048200DA3E3C0114F137F108F034FF081F370F83F12CF107
:2001C000083F96022CF3081F96042CF102EF6E030D0000030090DA015F4F2D00DA045F4FFF
:2001E0002F00DA065F4F3100DA075F4F3300DA085F4F3500DA095F4F3700DA0A5F4F3900F7
:20020000DA0B5F4F3B00DA0C5F4F3D00DA0D5F4F3F00DA0F5F4F4100DA125F4F4300DA13C9
:200220005F4F4500DA155F4F4700DA165F4F49003C4C91000028D92298B13C519100002835
:20024000D922ACB13C4C91000028D922A8C13C4791000028D92294C13C4291000028D922E3
:2002600080C13C3D91000028D922A4D13C3891000028D922BCC13C3391000028D92290D172
:200280003C2E91000028D9228CE13C2991000028D922B8D13C2491000028D922A0E13C1F41
:2002A00091000028D92288F13C1A91000028D922B4E13C1591000028D922B0F13C109100EF
:2002C0000028D9229CF13C0B820491000048D944D0623B5004506DFF8FECA0023C01009044
:2002E000BB00FEFF26F4DA005F4F3200DA405F4F34003B0014F05F4F35003B0016F05F4F65
:2003000036003B001AF05F4F37003B001CF05F4F38003B001EF05F4F39003B0028F05F4F1F
:200320003A003B002AF05F4F3B003B002CF05F4F3C003B002EF05F4F3D003B0040F05F4FA7
:200340003E003B0042F05F4F3F003C429140002FD922000A3C3E9140002FD922008A3C390E
:200360009140002FD922808A3C349140002FD92280CA3C2F9140002FD922C04A3C2A91401C
:20038000002FD922C08A3C259140002FD922C0CA3C209140002FD922400B3C1B9140002F0A
:2003A000D922404B3C169140002FD922408B3C119140002FD92240CB3C0C9140002FD92209
:2003C000000C3C079140002FD922004C3C023C013C010090024F02F46DFF84FF161F0920AB
:2003E0002409570061FF6E0382123C0282023C013C0100900B451088026AF69DDA003E74D5
:20040000DA023E743C05DA003C05DA083C03DA103C013C08DA043E723C03DAC03C03DA8066
:200420003C0102846DFF5EFF8FF80141402402F56DFF09A302846DFF55FF8FF8014182055E
:2004400040246DFF32A3DF19198076AC02846DFF49FF8FF801F182100FF01000892004093A
:200460003C0C02846DFF3EFF8FF801F17B1000000FF01000892004090090024F765B02F494
:200480006DFF30FF161F82100FF01000892004093C0B02F46DFF26FF161F7B1000000FF0A8
:2004A0001000892004090090910000F8D9FF4480D4F46DFF559B910000F8D9FF4480C8248C
:2004C0006DFF4E9B009020880249025A4DC0E2FF370FE1F78B0F20B23C010D0040030000E3
:2004E0003C013C01DA024BF901426DFF649B402F49A4240A40F56DFF8A9E6DFF23B40224F8
:200500006DFFE5D10B2310C882083C1C820702A60BCD10486DFF9E950B231048BB00246408
:200520009BF6006082076DFFE595BBF0FFFF7FF203803C0B8FFD1F1077CD800F0B0110C805
:20054000C218DA103FF8E4FFDA103FF80280DA003E98DA013E9DDA02BE92DA03BE973C1DFD
:20056000DA0089AF2418DA3289AFA2183C16DA0089AF2A18DA3389AFA8183C0FDA0089AF27
:200580002418DA3489AFA2183C08DA0089AF2A18DA3589AFA8183C01DA024BF90102DF0140
:2005A0001780DA0089AF0018DA0789AF2018DA0189AF211889A228090BCD10486DFFB5D15F
:2005C00089A22409DA0089AF0C183C15DA0189AF0018DA0989AF2618DA0289AF271889A23A
:2005E00030090BCD10486DFFA0D189A22C09DA0089AF1418DA0089AF9A18DA0089AF9C188D
:20060000DA0089AF012849A4000A49A5240A6DFF399C02BF6E030D0000034D00D0FF1601D6
:200620005E19DA0182103700010E37F0040C89F0283949A4000A6DFF049E0090DA853F4FFD
:200640000D00DA003FF40A005AF4910000F8D9FFE07290FFD4FFDC0F1D000E039100002841
:20066000D92270A01D00120391000028D9224C901D000C0391000028D9225CA01D000603AB
:2006800091000028D92248A01D00000391000028D92274901D00FA0291000028D922609029
:2006A0001D00F40291000028D92244B01D00EE0291000028D92258B01D00E80291000028F6
:2006C000D9226CB01D00E20291000028D9227CC01D00DC0291000028D92268C01D00D60246
:2006E00091000028D92254C01D00D00291000028D92240C01D00CA0291000028D92250D0D2
:200700001D00C40291000028D92264D01D00BE0291000028D92260E01D00B80291000028AD
:20072000D9224CE01D00B20291000028D92278D01D00AC0291000028D92274E01D00A6022D
:2007400091000028D92248F01D00A00291000028D92284001D009A0291000028D92270F0E9
:200760001D00940291000028D9225CF01D008E0291000028D92298001D008802910000286D
:20078000D922AC001D00820291000028D922BC101D007C0291000028D922A8101D007602F5
:2007A00091000028D92294101D00700291000028D92280101D006A0291000028D922902021
:2007C0001D00640291000028D9228C301D005E0291000028D922B8201D00580291000028ED
:2007E000D922A4201D00520291000028D922A0301D004C0291000028D9229C401D004602E5
:2008000091000028D92288401D00400291000028D922B4301D003A0291000028D922B04068
:200820001D00340291000028D92298501D002E0291000028D92284501D00280291000028F4
:20084000D92290701D00220291000028D922AC501D001C0291000028D922BC601D0016026C
:2008600091000028D92294601D00100291000028D922A8601D000A0291000028D922806028
:200880001D00040291000028D922B8701D00FE0191000028D9228C801D00F80191000028AE
:2008A000D922A0801D00F20191000028D922A4701D00EC0191000028D92284A01D00E6015F
:2008C00091000028D9229C901D00E00191000028D922B0901D00DA0191000028D922889082
:2008E0001D00D40191000028D922B4801D00CE0191000028D92280B01D00C80191000028AF
:20090000D92294B01D00C20191000028D92298A01D00BC0191000028D922ACA01D00B6011E
:2009200091000028D92290C01D00B00191000028D922BCB01D00AA0191000028D922A8B0F1
:200940001D00A40191000028D9228CD01D009E0191000028D922A0D01D0098019100002876
:20096000D922A4C01D00920191000028D922B8C01D008C0191000028D922B4D01D008601B6
:2009800091000028D92288E01D00800191000028D9229CE01D007A0191000028D92284F0AD
:2009A0001D00740191000028D922B0E01D006E0191000028D92298F01D006801910000285A
:2009C000D922C0001D00620191000028D922E8001D005C0191000028D922D4001D005601CA
:2009E00091000028D922ACF01D00500191000028D922FC001D004A0191000028D922F81065
:200A00001D00440191000028D922CC201D003E0191000028D922E4101D00380191000028C1
:200A2000D922D0101D00320191000028D922E0201D002C0191000028D922DC301D00260189
:200A400091000028D922C8301D00200191000028D922F4201D001A0191000028D922F030D8
:200A60001D00140191000028D922EC401D000E0191000028D922C4401D00080191000028A1
:200A8000D922D8401D00020191000028D922D4501D00FC0091000028D922C0501D00F6005B
:200AA00091000028D922FC501D00F00091000028D922E8501D00EA0091000028D922D06052
:200AC0001D00E40091000028D922F8601D00DE0091000028D922E4601D00D8009100002868
:200AE000D922F4701D00D20091000028D922CC701D00CC0091000028D922E0701D00C600E8
:200B000091000028D922C4901D00C00091000028D922F0801D00BA0091000028D922DC80E5
:200B20001D00B40091000028D922C8801D00AE0091000028D922D8901D00A8009100002883
:200B4000D922D4A01D00A20091000028D922C0A01D009C0091000028D922EC901D009600B7
:200B600091000028D922E8A01D00900091000028D922D0B01D008A0091000028D922FCA061
:200B80001D00840091000028D922E4B03C7E91000028D922E0C03C7991000028D922F8B04D
:200BA0003C7491000028D922CCC03C6F91000028D922C8D03C6A91000028D922F4C03C659F
:200BC00091000028D922F0D03C6091000028D922DCD03C5B91000028D922C4E03C56910093
:200BE0000028D922ECE03C5191000028D922D8E03C4C91000028D922E8F03C4791000028BD
:200C0000D922C0F03C4291000028D922D4F03C3D91000028D92224013C3891000028D922B9
:200C200010013C3391000028D922FCF03C2E91000028D92238013C2991000028D9223411DF
:200C40003C2491000028D92220113C1F91000028D9220C113C1A91000028D92208213C159F
:200C600091000028D92230213C1091000028D9221C213C0B820491000048D944F8623BD00A
:200C80000D506DFFB9E7A0023C01009020389100014F6DFF3F9C910001FF19FF00C0AE1FC6
:200CA0009100014F8204BB0068599B85B9546DFF429E9100014F82246DFF219E49A4000A2F
:200CC0009100015F6DFFC59D82083C1982093C13370868F02CA4370948F02CA549A4240AD1
:200CE00049A5000A6DFF149D49A4240A82146DFFF29DC219DA083FF9ED7FC218BF48E87F8A
:200D000000902038024F0B5610883B0071020B90504191000048D944F8623B3013506DFF3D
:200D20006BE702F46DFF8CFC402F14FF82003E0882103E0782203E0682303E053C053C05F9
:200D40003C043C033C023C019100014F6DFFE29B9100012F192F00C0AE1F9100014F8204D2
:200D6000BB0068599B85B9546DFFE59D9100014F82246DFFC49D49A4000A9100015F6DFF34
:200D8000689D14FF2CA409FF01082CA5BB0068F99B8FB9F44B0861014B0F51F04B0F71F18A
:200DA0007802F807DA0189AF130814FF82003E0A8210BE0882205F0F260082305F0F3300CE
:200DC0003C418205029409A6080982076DFF4291FB0071620B2310486DFF8C9189A20C09D4
:200DE0003C328205029409A6080982076DFF3291FB0071620B2310486DFF7C9189A20C09E3
:200E00003C228205029409A6080982076DFF2291FB0071620B2310486DFF6C9189A20C09F2
:200E20003C128205029409A6080982076DFF1291FB0071620B2310486DFF5C9189A20C0902
:200E40003C023C0149A4240A49A5000A6DFF609C49A4240A82146DFF2A9D0090024F02587D
:200E60003B0071020B80504191000048D944F8623B1011506DFFC0E602F46DFFE1FB402FED
:200E800014FF3B008000E20F60F291F0013F3023D934000809F401086DFFC99B14FF8200AD
:200EA0003E0A8210BE0682205F0F220082305F0F2D003C3982050284820702266DFFCA901C
:200EC000FB0071620B2310486DFF149102283C2C82050284820702266DFFBC90FB007162D7
:200EE0000B2310486DFF069102283C1E82050284820702266DFFAE90FB0071620B23104829
:200F00006DFFF89002283C1082050284820702266DFFA090FB0071620B2310486DFFEA90D3
:200F200002283C023C0114FF3B008000E20F60F291F0013F3023D934000809F40108028545
:200F40006DFF979B009049AA10BA0B4510880B6710A809ACB04809ADB44809AEB848DA6440
:200F60004BFB01020B08004191000048D944F8F23BC03E506DFF40E6DA644BFC01020B083E
:200F8000004191000048D944F8F23BD03E506DFF33E6DA644BFD01020B080041910000485C
:200FA000D944F8F23BE03E506DFF26E63BB01AF03EEEDA644BFE01020B0800419100004831
:200FC000D944F8F23B103F506DFF16E6910000F7D9FF4860B4FE370848406DFFE29F402CEE
:200FE000B4AE49A4203A49A5383A0B8B10480BCD10686D00950149A4040A40C56DFF27A470
:20100000DA002CA4BB00C2FB9BEFC3F47805DA002CAC49AF203AF80949A4300A49A5040AC8
:201020006DFFECA149A4004A49A5300A6DFFC8A14B0A61F17841DA003E99DA01BE93DA026A
:20104000BE9EDA035F9F27003C3109AF4848B70F81F189AF084809AF4848961089AF084847
:201060003C2509AF4848B70F81F189AF084809AF4848B70F01F289AF08483C1809AF4848E2
:20108000960889AF084809AF4848961089AF08483C0D09AF4848960889AF084809AF4848B5
:2010A000B70F01F289AF08483C0109AF4848962089AF084809A0C848DA0837F006F389AF39
:2010C000884809AF4948B70F01F289AF094809A2F83989A2DC493BB01AF07EE609AF4848E8
:2010E000960489AF084849A43C1A49A5004A6DFF63A03BB01AF05FEF3280D840D4FFC8AF8D
:2011000009FF5108B70F01F389FF110882048205820640C46DFF8E9F910000F7D9FF4860D9
:201120003BB01AF0B4FFDA003E8ADA013E8BDA023E8CDA033E8DDA043E8E3C103B2001E041
:201140003C0D3B8007E03C0A3BE00DE03C073B4014E03C043BA01AE03C01DA0509C056084C
:2011600037F003F289CF1608534820F0910000F7D9FF745010FF4CC674FF534820F091003E
:2011800000F7D9FF745010FF534820F091000027D92274501022092FC208B77F85F3ACF10C
:2011A000534820F0910000F7D9FF745010FF534820F091000027D92274501022142FB71FE4
:2011C00003F234FF534820F0910000F7D9FF745010FF534820F091000027D92274501022B5
:2011E000142FB71F83F034FF534820F0910000F7D9FF745010F2534820F0910000F7D9FF54
:20120000745010FF081FB71F03F12C21534820F0910000F7D9FF745010FF534820F09100A3
:201220000027D92274501022092FC008B71F83F3B4FF534820F0910000F7D9FF745010F2C6
:20124000534820F0910000F7D9FF745010FF082F96202C22534820F0910000F7D9FF7450A6
:2012600010F2534820F0910000F7D9FF745010FF082FB70F81F12C22534820F0910000F79E
:20128000D9FF745010F2534820F0910000F7D9FF745010FF082FB70F01F32C22534820F0E8
:2012A000910000F7D9FF745010F2534820F0910000F7D9FF745010FF082FB71F03F02C22DC
:2012C000534820F0910000F7D9FF745010F2534820F0910000F7D9FF745010FF081FB71F62
:2012E00083F22C21534820F0910000F7D9FF745010F2534820F0910000F7D9FF745010FF7D
:201300000830DA664BFE0122DA064BF301229AD2370F68F037F004F22C2300900B67108898
:2013200094AF404F405C3B80000089F014083B00080028C03B0008002840820089F0150801
:20134000820089C005083B00080089C0040882005F40100082105F40C50082205F4097011D
:2013600082305F40930282405F4065031D003204F65791000028D9220CF1F4F23C12DF1545
:20138000088091000028D9221CF1F4F23C0A820491000048D944F8F23B3004506DFF2CE437
:2013A000DF68088091000028D9222CE1E8223C12DF78088091000028D9223CE1E8223C0A45
:2013C000820491000048D944F8F23B7004506DFF13E43BC000005F09088091000028D922A6
:2013E0001CE1E8423C0A820491000048D944F8F23BA004506DFF00E43B2001007E07910029
:2014000000F8D9FF2CF1F4CF3C6A3B8001007E07910000F8D9FF5401F4CF3C613BE0010003
:201420007E07910000F8D9FF6801F4CF3C583B4002007E07910000F8D9FF7C01F4CF3C4FD8
:201440003BA002007E07910000F8D9FF5011F4CF3C463B0003007E07910000F8D9FF64118A
:20146000F4CF3C3D3B6003007E07910000F8D9FF7811F4CF3C343BC003007E07910000F8E4
:20148000D9FF4C21F4CF3C2B3B2004007E07910000F8D9FF6021F4CF3C223B8004007E07B2
:2014A000910000F8D9FF7421F4CF3C193B0006007E07910000F8D9FF4001F4CF3C103BB0BC
:2014C0001A007E04A00FF4CF3C0A820491000048D944F8F23B8005506DFF8EE31D007A03CB
:2014E0003B6006005F05088091000028D9225841F4F23C143B7006005F0508809100002886
:20150000D9226841F4F23C0A820491000048D944F8F23B0006506DFF6FE33BC006005F08DE
:20152000088091000028D9226831E8223C1E3BD006005F08088091000028D9227831E8220B
:201540003C143BE006005F08088091000028D9224841E8223C0A820491000048D944F8F238
:201560003B5006506DFF48E33B2007005F09088091000028D9224831E8423C143B30070088
:201580005F09088091000028D9225831E8423C0A820491000048D944F8F23B9006506DFFBB
:2015A0002BE33B8007007E07910000F8D9FF7841F4CF3C6A3BE007007E07910000F8D9FF4B
:2015C0006051F4CF3C613B4008007E07910000F8D9FF7451F4CF3C583BA008007E0791007C
:2015E00000F8D9FF4861F4CF3C4F3B0009007E07910000F8D9FF5C61F4CF3C463B60090054
:201600007E07910000F8D9FF7061F4CF3C3D3BC009007E07910000F8D9FF4471F4CF3C3405
:201620003B200A007E07910000F8D9FF5871F4CF3C2B3B800A007E07910000F8D9FF6C71E4
:20164000F4CF3C223BE00A007E07910000F8D9FF4081F4CF3C193B400B007E07910000F8F1
:20166000D9FF4C51F4CF3C103BB01A007E04A00FF4CF3C0A820491000048D944F8F23B7096
:2016800007506DFFB9E21D00A5023BC00C005F05088091000028D92254A1F4F23C323BD02D
:2016A0000C005F05088091000028D92264A1F4F23C283BE00C005F05088091000028D92268
:2016C00074A1F4F23C1E3BF00C005F05088091000028D92244B1F4F23C143B000D005F0507
:2016E000088091000028D92254B1F4F23C0A820491000048D944F8F23B1008506DFF7CE2AA
:201700003B200D005F08088091000028D9226491E8223C1E3B300D005F0808809100002845
:20172000D9227491E8223C143B400D005F08088091000028D92244A1E8223C0A82049100D8
:201740000048D944F8F23B6008506DFF55E23B800D005F09088091000028D9225491E84229
:201760003C323B900D005F09088091000028D9225481E8423C283BA00D005F0908809100B3
:201780000028D9226481E8423C1E3BB00D005F09088091000028D9227481E8423C143BC0B7
:2017A0000D005F09088091000028D9224491E8423C0A820491000048D944F8F23BD008506A
:2017C0006DFF1AE23BE00D007E07910000F8D9FF64B1F4CF3C583B400E007E07910000F890
:2017E000D9FF78B1F4CF3C4F3BA00E007E07910000F8D9FF4CC1F4CF3C463B000F007E07AA
:20180000910000F8D9FF60C1F4CF3C3D3BC00F007E07910000F8D9FF74C1F4CF3C343B2057
:2018200010007E07910000F8D9FF48D1F4CF3C2B3B8010007E07910000F8D9FF5CD1F4CFCE
:201840003C223BE010007E07910000F8D9FF70D1F4CF3C193B4011007E07910000F8D9FF4E
:2018600044E1F4CF3C103BB01A007E04A00FF4CF3C0A820491000048D944F8F23B9009506B
:201880006DFFBAE11D00A6013B2013005F05088091000028D92278F1F4F23C143B30130052
:2018A0005F05088091000028D92268F1F4F23C0A820491000048D944F8F23BF009506DFFAD
:2018C0009BE13B8013005F08088091000028D92248F1E8223C1E3BA013005F080880910010
:2018E0000028D92258F1E8223C143B9013005F08088091000028D92278E1E8223C0A820472
:2019000091000048D944F8F23B400A506DFF74E13BE013005F09088091000028D92258E146
:20192000E8423C143BF013005F09088091000028D92268E1E8423C0A820491000048D94416
:20194000F8F23B800A506DFF57E13B4014007E07910000F8D9FF8801F4CF3C6A3BA014008E
:201960007E07910000F8D9FF9C01F4CF3C613B0015007E07910000F8D9FFB001F4CF3C5846
:201980003B6015007E07910000F8D9FF8411F4CF3C4F3B7015007E07910000F8D9FF98117F
:2019A000F4CF3C463BC015007E07910000F8D9FFAC11F4CF3C3D3BD015007E07910000F8C5
:2019C000D9FF8021F4CF3C343B2016007E07910000F8D9FF9421F4CF3C2B3B8016007E07CF
:2019E000910000F8D9FFA821F4CF3C223BE016007E07910000F8D9FFBC21F4CF3C193B4015
:201A000017007E07910000F8D9FF9031F4CF3C103BB01A007E04A00FF4CF3C0A82049100A3
:201A20000048D944F8F23B600B506DFFE5E01D00D1003B8019005F05088091000028D922CE
:201A40009451F4F23C283B9019005F05088091000028D922A451F4F23C1E3BA019005F0546
:201A6000088091000028D922B451F4F23C143BB019005F05088091000028D9228461F4F280
:201A80003C0A820491000048D944F8F23BE00B506DFFB2E03BE019005F080880910000284A
:201AA000D922A441E8223C1E3BF019005F08088091000028D922B441E8223C143B001A0057
:201AC0005F08088091000028D9228451E8223C0A820491000048D944F8F23B300C506DFFA5
:201AE0008BE03B401A005F09088091000028D922B431E8423C283B501A005F0908809100A9
:201B00000028D9228441E8423C1E3B601A005F09088091000028D9229441E8423C143B7006
:201B20001A005F09088091000028D922A431E8423C0A820491000048D944F8F23B900C5015
:201B40006DFF5AE03BC01B007E07910000F8D9FF9071F4CF3C3D3B401D007E07910000F800
:201B6000D9FFB871F4CF3C343B501D007E07910000F8D9FFA471F4CF3C2B3B601B007E0729
:201B8000910000F8D9FFBC61F4CF3C223B001B007E07910000F8D9FFA861F4CF3C193BA06E
:201BA0001A007E07910000F8D9FF9461F4CF3C103BB01A007E04A00FF4CF3C0A82049100CB
:201BC0000048D944F8F23B200D506DFF15E03C0100900B451088370848406DFFE29953489F
:201BE00020F0910000F7D9FF745010FF54F082013710010089202019BB00F00F269086803B
:201C0000892024193C01092F42181607EEFD534820F0910000F7D9FF745010FF54FF821044
:201C2000370F01F0892F20198FF90FF1892F24193C01092F41186F3FFE7FBBF0FFFF892FA5
:201C4000141900900248404C0259370848406DFFA899534820F0910000F7D9FF745010FF44
:201C600054F08201371001008920201909C0C008BB00F01F26108680892024193C01092F81
:201C800042181607EEFDDF190F80534820F0910000F7D9FF745010FF54FF8210370F01F061
:201CA000892F201909CFC00816FFB02C892F24193C01092F42181607EEFDC2F9DF09D8FF5C
:201CC0003C01092F41186F3FFE7FBBF0FFFF892F14190090024F0258370F48406DFF61990E
:201CE000534F20F0910000F7D9FF745010FF54FF8210370F01F0892F2019892824193C01C7
:201D0000092F42181607EEFD3C01092F41186F3FFE7FBBF0FFFF892F141900904DC0E1FF25
:201D200016073C01370F48406DFFA7B4BC2182046DFFD7A7913000FF39FF3006160F4B0FBA
:201D400041F14BF251F03C013C014B0F71814DC0E1FF16073C01370F48406DFF8EB409241D
:201D600010093C014DC0E1FF16073C01534F20F0910000F7D9FF4C6010FF54FFA2F4820589
:201D8000BB00106E9B565F6082076DFF63890B231048820702866DFFAD893C010090A00FC4
:201DA000DA005F4F2100DA015F4F2300DA025F4F2500DA035F4F2700DA045F4F2900DA05D9
:201DC0005F4F2B00DA065F4F2D00DA085F4F2F00DA095F4F3100DA0A5F4F3300DA0B5F4F96
:201DE00035003C38910000F7D9FF58603C3C910000F7D9FF5CB03C37910000F7D9FF48D053
:201E00003C32910000F7D9FF74E03C2D910000F7D9FFA0003C28910000F7D9FF8C203C2368
:201E2000910000F7D9FFB8303C1E910000F7D9FFA4503C19910000F7D9FF90703C14910016
:201E400000F7D9FF44803C0F910000F7D9FF70903C0A820491000048D94420033B70125052
:201E60006DFFCADE40F23C01009020200B4510A80B7610884DC0E2FF370FE1F78B0F20C266
:201E80003C010D00400300003C013C01370A48406DFFDA8991000047D944BC8040256DFFA1
:201EA000BD8D02A46D00D60302A46D007205910000F7D9FFBC80DA0289FF2C08910000F7A6
:201EC000D9FFBC80DA04ACF4910000F7D9FFBC804B0B61F16CF1910000F7D9FFBC80DA0752
:201EE0002CFAA00FF4AFA00FF80449A4180A49A5080A0BA9104802866D002800DA102CACC5
:201F0000DA8089AF1C08DA0089AF1D08910000F7D9FFBC8049A2000AE8A202A46DFF41FF67
:201F200091000057D955BC8040246DFF2F8B820502A46D006503820502A46D009C0602CFB6
:201F40006E030D00000300900268405C82005F40220082105F40670082205F40FF0082309D
:201F60005F40730182405F40E70182505F400A0282605F404802DA085F4F7402DA095F4F26
:201F80009702DA0A5F4FB902DA0B5F4FFF021D002203F658910000F8D9FF101080FF744F74
:201FA0003C25DF150980910000F8D9FF201080FF744F3C1CDF250980910000F8D9FF3010EA
:201FC00080FF744F3C13DF350980910000F8D9FF002080FF744F3C0A820491000048D9444E
:201FE00020033B7013506DFF07DEF688910000F8D9FF300080FF74CF3C13DF18098091002E
:2020000000F8D9FF001080FF74CF3C0A820491000048D94420033BB013506DFFEDDD1D0098
:20202000DB02DF450980910000F8D9FF309080FF744F3C52DF550980910000F8D9FF00A067
:2020400080FF744F3C49DF650980910000F8D9FF10A080FF744F3C40DF750980910000F8B7
:20206000D9FF20A080FF744F3C37DA087E58910000F8D9FF30A080FF744F3C2EDA097E58C5
:20208000910000F8D9FF00B080FF744F3C25DA0A7E58910000F8D9FF10B080FF744F3C1C17
:2020A000DA0B7E58910000F8D9FF20B080FF744F3C13DA0C7E58910000F8D9FF30B080FF27
:2020C000744F3C0A820491000048D94420033B9014506DFF91DDDF480980910000F8D9FF3E
:2020E000108080FF74CF3C37DF580980910000F8D9FF208080FF74CF3C2EDF6809809100CD
:2021000000F8D9FF308080FF74CF3C25DF380980910000F8D9FF009080FF74CF3C1CDF781A
:202120000980910000F8D9FF109080FF74CF3C13DF280980910000F8D9FF209080FF74CFA1
:202140003C0A820491000048D94420033B1015506DFF52DD1D004002DA0D7E58910000F8AA
:20216000D9FF10D080FF744F3C37DA0E7E58910000F8D9FF20D080FF744F3C2EDA0F7E5878
:20218000910000F8D9FF30D080FF744F3C25DA107E58910000F8D9FF00E080FF744F3C1CA0
:2021A000DA117E58910000F8D9FF10E080FF744F3C13DA127E58910000F8D9FF20E080FFDA
:2021C000744F3C0A820491000048D94420033BC015506DFF11DDDA0B7E88910000F8D9FF51
:2021E00000C080FF74CF3C2EDA097E88910000F8D9FF10C080FF74CF3C25DA0A7E8891003B
:2022000000F8D9FF20C080FF74CF3C1CDA0C7E88910000F8D9FF30C080FF74CF3C13DA08C4
:202220007E88910000F8D9FF00D080FF74CF3C0A820491000048D94420033B4016506DFF73
:20224000DBDC1D00C901DA137E58910000F8D9FF30F080FF744F3C40DA147E58910000F891
:20226000D9FF400080FF744F3C37DA157E58910000F8D9FF500080FF744F3C2EDA167E58A9
:20228000910000F8D9FF600080FF744F3C25DA177E58910000F8D9FF700080FF744F3C1CA8
:2022A000DA187E58910000F8D9FF401080FF744F3C13DA197E58910000F8D9FF501080FF0B
:2022C000744F3C0A820491000048D94420033B0017506DFF91DCDA0E7E88910000F8D9FF8C
:2022E00030E080FF74CF3C25DA0F7E88910000F8D9FF00F080FF74CF3C1CDA0D7E889100D3
:2023000000F8D9FF10F080FF74CF3C13DA107E88910000F8D9FF20F080FF74CF3C0A8204ED
:2023200091000048D94420033B6017506DFF64DC1D005201DA1A7E58910000F8D9FF7010BB
:2023400080FF744F3C0A820491000048D94420033BC017506DFF50DCDA117E88910000F8E2
:20236000D9FF601080FF74CF3C0A820491000048D94420033BF017506DFF3EDC1D002C010C
:20238000DA1B7E58910000F8D9FF702080FF744F3C13DA1C7E58910000F8D9FF403080FFD4
:2023A000744F3C0A820491000048D94420033B6018506DFF21DCDA127E88910000F8D9FFB6
:2023C000402080FF74CF3C1CDA137E88910000F8D9FF602080FF74CF3C13DA147E88910019
:2023E00000F8D9FF502080FF74CF3C0A820491000048D94420033BB018506DFFFDDB1D0042
:20240000EB00DA1D7E58910000F8D9FF703080FF744F3C0A820491000048D94420033B1091
:2024200019506DFFE9DBDA157E88910000F8D9FF503080FF74CF3C13DA167E88910000F89D
:20244000D9FF603080FF74CF3C0A820491000048D94420033B5019506DFFCEDB1D00BC008B
:20246000DA1E7E58910000F8D9FF504080FF744F3C0A820491000048D94420033BB0195022
:202480006DFFBADBDA177E88910000F8D9FF404080FF74CF3C0A820491000048D9442003BC
:2024A0003BE019506DFFA8DB1D009600DA1F7E58910000F8D9FF704080FF744F3C0A820408
:2024C00091000048D94420033B401A506DFF94DBDA187E88910000F8D9FF604080FF74CF68
:2024E0003C0A820491000048D94420033B701A506DFF82DB3C70DA207E58910000F8D9FF3C
:20250000103080FF744F3C13DA217E58910000F8D9FF203080FF744F3C0A82049100004881
:20252000D94420033BE01A506DFF66DBDA197E88910000F8D9FF102080FF74CF3C25DA1A88
:202540007E88910000F8D9FF202080FF74CF3C1CDA1B7E88910000F8D9FF302080FF74CF4C
:202560003C13DA1C7E88910000F8D9FF003080FF74CF3C0A820491000048D94420033B405D
:202580001B506DFF39DB3C27DA227E58910000F8D9FF008080FF744F3C0A82049100004853
:2025A000D94420033BB01B506DFF26DBDA1D7E88910000F8D9FF303080FF74CF3C0A8204CC
:2025C00091000048D94420033BE01B506DFF14DB3C023C010090404F82086DFFE2FBD4249C
:2025E000094F5208161F3C016E07D424821440F56DFFC586821802823C01009002589100F2
:2026000000F7D9FFBC80D4FF370448406DFF1C8691000047D944BC8040256DFFFF8940F44D
:202620006DFF9486370868F06E03DA013C02DA0009F0431837F001F289FF031876850C21E0
:2026400096042C213C050C21B70F01F12C210090DA005F4F2200DA015F4F4100DA025F4F92
:202660006000DA035F4F7F00DA045F4F9E00DA055F4FBD00DA065F4FDC00DA085F4FFB0087
:20268000DA095F4F1901DA0A5F4F3701DA0B5F4F55011D007401910000F7D9FFBC8091001D
:2026A0000027D9225C70E8C2910000F7D9FFBC8091000027D9227460E8E2910000F7D9FF35
:2026C000BC80DA0189FFAE08910000F7D9FFBC80DA0189FFB4081D005B01910000F7D9FF11
:2026E000BC8091000027D92260C0E8C2910000F7D9FFBC8091000027D92278B0E8E291004F
:2027000000F7D9FFBC80DA0189FFAE08910000F7D9FFBC80DA0189FFB4081D0039019100F2
:2027200000F7D9FFBC8091000027D9224CE0E8C2910000F7D9FFBC8091000027D92264D082
:20274000E8E2910000F7D9FFBC80DA0189FFAE08910000F7D9FFBC80DA0189FFB4081D0022
:202760001701910000F7D9FFBC8091000027D92278F0E8C2910000F7D9FFBC80910000278C
:20278000D92250F0E8E2910000F7D9FFBC80DA0189FFAE08910000F7D9FFBC80DA0189FF80
:2027A000B4081D00F500910000F7D9FFBC8091000027D922A410E8C2910000F7D9FFBC8002
:2027C00091000027D922BC00E8E2910000F7D9FFBC80DA0189FFAE08910000F7D9FFBC806F
:2027E000DA0189FFB4081D00D300910000F7D9FFBC8091000027D9229030E8C2910000F789
:20280000D9FFBC8091000027D922A820E8E2910000F7D9FFBC80DA0189FFAE08910000F722
:20282000D9FFBC80DA0189FFB4081D00B100910000F7D9FFBC8091000027D922BC40E8C2A2
:20284000910000F7D9FFBC8091000027D9229440E8E2910000F7D9FFBC80DA0189FFAE08D6
:20286000910000F7D9FFBC80DA0189FFB4081D008F00910000F7D9FFBC8091000027D922A2
:20288000A860E8C2910000F7D9FFBC8091000027D9228060E8E2910000F7D9FFBC80DA0116
:2028A00089FFAE08910000F7D9FFBC80DA0189FFB4083C6D910000F7D9FFBC809100002722
:2028C000D9229480E8C2910000F7D9FFBC8091000027D922AC70E8E2910000F7D9FFBC806E
:2028E000DA0189FFAE08910000F7D9FFBC80DA0189FFB4083C4C910000F7D9FFBC8091004F
:202900000027D9224890E8C2910000F7D9FFBC8091000027D9226080E8E2910000F7D9FFBA
:20292000BC80DA0189FFAE08910000F7D9FFBC80DA0189FFB4083C2B910000F7D9FFBC8084
:2029400091000027D92274A0E8C2910000F7D9FFBC8091000027D9224CA0E8E2910000F779
:20296000D9FFBC80DA0189FFAE08910000F7D9FFBC80DA0189FFB4083C0A820491000048CA
:20298000D94420033BC010506DFF36D90090DA005F4F2200DA015F4F3D00DA025F4F58003F
:2029A000DA035F4F7300DA045F4F8E00DA055F4FA900DA065F4FC400DA085F4FDE00DA0926
:2029C0005F4FF800DA0A5F4F1201DA0B5F4F2C011D004701910000F7D9FFBC80DA0B89FF7E
:2029E000A008910000F7D9FFBC80DA0A89FFA208910000F7D9FFBC80DA0C89FFA408910036
:202A000000F7D9FFBC80DA0089FF26081D003201910000F7D9FFBC80DA0D89FFA008910087
:202A200000F7D9FFBC80DA0E89FFA208910000F7D9FFBC80DA0F89FFA408910000F7D9FF58
:202A4000BC80DA0089FF26081D001401910000F7D9FFBC80DA1089FFA008910000F7D9FF62
:202A6000BC80DA1189FFA208910000F7D9FFBC80DA1289FFA408910000F7D9FFBC80DA00CB
:202A800089FF26081D00F600910000F7D9FFBC80DA1389FFA008910000F7D9FFBC80DA142A
:202AA00089FFA208910000F7D9FFBC80DA1589FFA408910000F7D9FFBC80DA0089FF2608F9
:202AC0001D00D800910000F7D9FFBC80DA1689FFA008910000F7D9FFBC80DA1789FFA20886
:202AE000910000F7D9FFBC80DA1889FFA408910000F7D9FFBC80DA0089FF26081D00BA0011
:202B0000910000F7D9FFBC80DA1989FFA008910000F7D9FFBC80DA1A89FFA208910000F7AC
:202B2000D9FFBC80DA1B89FFA408910000F7D9FFBC80DA0089FF26081D009C00910000F7EB
:202B4000D9FFBC80DA1C89FFA008910000F7D9FFBC80DA1D89FFA208910000F7D9FFBC80DA
:202B6000DA1E89FFA408910000F7D9FFBC80DA0089FF26083C7E910000F7D9FFBC80DA1FAE
:202B800089FFA008910000F7D9FFBC80DA2089FFA208910000F7D9FFBC80DA2189FFA40872
:202BA000910000F7D9FFBC80DA0089FF26083C61910000F7D9FFBC80DA2289FFA0089100F3
:202BC00000F7D9FFBC80DA2389FFA208910000F7D9FFBC80DA2489FFA408910000F7D9FF8D
:202BE000BC80DA0089FF26083C44910000F7D9FFBC80DA2589FFA008910000F7D9FFBC8022
:202C0000DA2689FFA208910000F7D9FFBC80DA2789FFA408910000F7D9FFBC80DA0089FFB3
:202C200026083C27910000F7D9FFBC80DA2889FFA008910000F7D9FFBC80DA2989FFA20864
:202C4000910000F7D9FFBC80DA2A89FFA408910000F7D9FFBC80DA0089FF26083C0A8204A8
:202C600091000048D94420033B000B506DFFC4D700900258910000F7D9FFBC80D4FF37040A
:202C800048406DFFE18291000047D944BC8040256DFFC48640F46DFF6683370868F06E0300
:202CA000DA013C02DA0009F0431837F081F389FF031876850C2196042C213C050C21B70F4C
:202CC00001F12C210090404F025F6DFF6AF8D42440F502F46DFF49840090200834A56DFF0E
:202CE00060F8D42449A5000A82146DFF3E8400900248404F3C0909FF0008B01F370F68503D
:0E2D000002846DFFECFF09FF0008EEF6009064
:202D1000913000FFD9FF0C9654FF370F6EF18FFF83813C01913000FFD9FF28A654FF370FA3
:202D30006EF18FFF83F13C019130004FD9440C9602846DFF7FAE02F46DFF97AE913000FF90
:202D5000D9FF0C9654FF2E1B8F2800F0960154F0370070088F000100A60F74FF8F2800F0BD
:202D7000960254F0370070088F000100A60F74FF54FFDA00B70F81F0CDCF20090D00C00406
:202D90000D00C004DA00B70F81F0CD0F04090D00C0040D00C00491000000D90000009100BB
:202DB0000080D988000091000090D9990000910000F8D9FF004080FFCD4FE20F0D00C00491
:202DD000910003F8D9FF000E80FFCD0FE20F0D00C004914000F7D9FF80C980FFCD8FE20F9F
:202DF0000D00C004913000FFD9FF0C9654FF2E1B8F2800F0960154F0370070088F0001005B
:202E1000A60F74FF06288F3840F154F0370070088F000100A60F74FF54FF6DFFC5AD6DFF0C
:202E3000A5AB913000FF19FF28A66F1F12008F2220F09601913000FF19F028A6370070084E
:202E50008F002100A60F913000FF59FF28A686228F2240F1913000FF19F028A63700700847
:202E70008F002100A60F913000FF59FF28A63C01913000FF19FF28A61601DF1FFB7FDA00AB
:202E9000913000FF59FF18169120884F910003FAD9FF008080F46DFF84AE911000F8D9FFEB
:062EB000FC1BDC0F00908A
:202EB80091000010D91100003B0098F0CD4FE00F0D00C004913000FF19FF10167BD038014E
:202ED80026F07603DA003C248FBF0F01BF10138016FB913000FF19F018160F0FB0F18BFF00
:202EF80001F1061F570062FF5E23DA013C02DA003C0FEF4F0400DA013C0B911088FF19FF88
:202F1800000D370FE2F06E03DA013C02DA003C011E17911000F8D9FFC4D2DC0F3C069110C9
:0A2F380000F8D9FFE8D2DC0F00908A
:202F4400911000F8D9FF5AF82D0F2000911000F8D9FFAC382D0F2000911000F8D9FFECF24E
:202F6400DC0F0090914000A7D9AA40890D008004914000F7D9FFC00991400027D922C00B56
:202F8400A004802080FFA2F0DA404BF0114282003C1E80FFB70F1CF08F4F1F1080FFBBF0CC
:202FA400FF2F0662262F06AFA6F1F606CD81E30F0D00C0043C0274419AD47E05CDC1E30F65
:202FC4000D00C00440F449FF001AC2103F40E3FFDA00744F0D0080040D00C004911000F8BB
:202FE400D9FF0833DC0F0090914000A7D9AA40890D008004914000F7D9FFC0099140002789
:20300400D922C00BA004802080FFA2F0DA404BF0114282003C1E80FFB70F1CF08F4F1F10AF
:2030240080FFBBF0FF2F0662262F06AFA6F1F606CD81E30F0D00C0043C0274419AD47E053A
:20304400CDC1E30F0D00C00440F449FF001AC2103F40E3FFDA00744F0D0080040D00C00453
:20306400911000F8D9FF3013DC0F0090913000FFD9FF0C9654FF370F6EF18FFF83413C015C
:20308400913000FFD9FF28A654FF370F6EF18FFF83F13C019130004FD9440C966DFF44AD63
:2030A40002F46DFF59AD91000048D9449C916DFFCF9EDF12038000A0911000F8D9FF0833E8
:2030C400DC0F0090911000F8D9FF1433DC0F0090911000F8D9FFD042DC0F00906DFFC5BC53
:0230E40000905A
:2030E800007E037000B00000000000000EFE00800EFE00800EFE00800EFE008000000000F7
:203108000000000000000000000000000000FFFF400100F8F000E401E201E10100000000D6
:20312800090D0D0D0D0D0D0D0D0D0D0D0D0D0D0D333933333540515A669980999999B3B319
:20314800FFFF200820082008200820082008200820100000CF804A0900002020000000003F
:203168000000078001009C1500000C000000FECA0000000000000000010101010000000036
:11318800000000000100000000000000010001010131
:20319C000100000000000070E83001800400000001000000040000700431018002000000D8
:2031BC0001000000080000700631018002000000010000000C000070083101800200000087
:2031DC0001000000100000700A3101800200000001000000140000700C310180020000004F
:2031FC0001000000180000700E31018002000000010000001C000070103101800200000017
:20321C00010000002000007012310180040000000100000024000070783101800100000079
:20323C0001000000280000707931018001000000010000002C0000707A31018005000000DF
:20325C0001000000340000707F31018001000000010000003800007080310180010000009F
:20327C00010000003C0000708131018001000000010000004000007082310180010000006B
:20329C00010000004400007083310180010000000100000048000070EC30018008000000C9
:2032BC000100000050000070843101800100000001000000540000708531018001000000FD
:2032DC0001000000580000708631018001000000010000005C0000708731018001000000C9
:2032FC00010000006000007088310180010000000100000064000070893101800100000095
:20331C0001000000680000708A31018001000000010000006C0000708B3101800100000060
:20333C0001000000700000708C3101800100000001000000740000708D310180010000002C
:20335C0001000000780000708E31018001000000010000007C0000708F31018001000000F8
:20337C000100000080000070903101800100000001000000840000709131018001000000C4
:20339C0001000000880000709231018001000000010000008C00007016310180020000000C
:2033BC0001000000900000709331018001000000010000009400007094310180010000005E
:2033DC0001000000980000709531018001000000010000009C0000701831018002000000A7
:2033FC0001000000A00000701A3101800200000001000000A40000701C31018002000000ED
:20341C0001000000A80000701E3101800200000001000000AC0000702031018002000000B4
:20343C0001000000B0000070223101800200000001000000B400007024310180540000002A
:20345C000100000008010070F430018010000000010000001801007096310180010000004E
:20347C00010000001C0100709731018001000000010000002001007098310180010000007B
:20349C00020000002401007000000000B900000002000000E00100700000000083000000EA
:2034BC00020000006402007000000000030000000200000068020070000000007D000000BC
:2034DC0002000000E8020070000000000200000002000000EC02007000000000030000000F
:2034FC0002000000F0020070000000000300000002000000F4020070000000007D02000062
:20351C0002000000740500700000000016000000020000008C050070000000004D0000003E
:20353C0002000000DC0500700000000025000000020000000406007000000000410000003A
:20355C00020000004806007000000000250000000200000070060070000000004100000041
:20357C0002000000B4060070000000002500000002000000DC060070000000004100000049
:20359C0002000000200700700000000025000000020000004807007000000000410000004F
:2035BC00020000008C070070000000002500000002000000B4070070000000004100000057
:2035DC0002000000F80700700000000025000000020000002008007000000000410000005E
:2035FC0002000000640800700000000025000000020000008C080070000000004100000065
:20361C0002000000D0080070000000002500000002000000F808007000000000410000006C
:20363C00020000003C09007000000000250000000200000064090070000000004100000072
:20365C0002000000A8090070000000002500000002000000D009007000000000410000007A
:20367C0002000000140A00700000000025000000020000003C0A0070000000004000000081
:10369C00000000000000000000000000000000001E
:02000004802F4B
:0AE16000911000E8D9EE1ADCDC0E85
:0AE18000911000E8D9EE3ECCDC0E51
:0AE1A000911000E8D9EE1ADCDC0E45
:0AE1C000911000E8D9EE3EECDC0EF1
:0AE1E000911000E8D9EE22ECDC0EED
:0AE20000911000E8D9EE1ADCDC0EE4
:0AE22000911000E8D9EE38FCDC0E86
:0AE24000911000E8D9EE1CFCDC0E82
:0AE26000911000E8D9EE720CDC0EFC
:0AE28000911000E8D9EE720CDC0EDC
:0AE2A000911000E8D9EE560CDC0ED8
:0AE2C000911000E8D9EE1ADCDC0E24
:0AE2E000911000E8D9EE621CDC0E7C
:0AE30000911000E8D9EE461CDC0E77
:0AE32000911000E8D9EE1ADCDC0EC3
:0AE34000911000E8D9EE1ADCDC0EA3
:0AE36000911000E8D9EE422CDC0E0B
:0AE38000911000E8D9EE1ADCDC0E63
:0AE3A000911000E8D9EE1ADCDC0E43
:0AE3C000911000E8D9EE5E2CDC0E8F
:0AE3E000911000E8D9EE1ADCDC0E03
:0AE40000911000E8D9EE1ADCDC0EE2
:0AE42000911000E8D9EE7A2CDC0E12
:0AE44000911000E8D9EE1ADCDC0EA2
:0AE46000911000E8D9EE1ADCDC0E82
:0AE48000911000E8D9EE563CDC0EC6
:0AE4A000911000E8D9EE1ADCDC0E42
:0AE4C000911000E8D9EE1ADCDC0E22
:0AE4E000911000E8D9EE2ADCDC0EF2
:0AE50000911000E8D9EE1ADCDC0EE1
:0AE52000911000E8D9EE1ADCDC0EC1
:0AE54000911000E8D9EE06ECDC0EA5
:0AE64000911000E8D9EE041CDC0E76
:0AE66000911000E8D9EE248CDC0EC6
:0AE68000911000E8D9EE069CDC0EB4
:0AE6A000911000E8D9EE289CDC0E72
:0AE78000911000E8D9EE28ACDC0E81
:0AE7A000911000E8D9EE14BCDC0E65
:0AE7C000911000E8D9EE00CCDC0E49
:0AE8C000911000E8D9EE0AACDC0E5E
:0AFB8000911000E8D9EED08FDC0EE2
:0200000480304A
:200000000000000000000000000000000000000000000000000000000000000000000000E0
:200020000000000000000000000000000000000000000000000000000000000000000000C0
:200040000000000000000000000000000000000000000000000000000000000000000000A0
:20006000000000000000000000000000000000000000000000000000000000000000000080
:20008000000000000000000000000000000000000000000000000000000000000000000060
:2000A000000000000000000000000000000000000000000000000000000000000000000040
:2000C000000000000000000000000000000000000000000000000000000000000000000020
:2000E000000000000000000000000000000000000000000000000000000000000000000000
:200100000000000000000000000000000000000000000000000000000000000000000000DF
:200120000000000000000000000000000000000000000000000000000000000000000000BF
:2001400000000000000000000000000000000000000000000000000000000000000000009F
:2001600000000000000000000000000000000000000000000000000000000000000000007F
:2001800000000000000000000000000000000000000000000000000000000000000000005F
:2001A00000000000000000000000000000000000000000000000000000000000000000003F
:2001C00000000000000000000000000000000000000000000000000000000000000000001F
:2001E0000000000000000000000000000000000000000000000000000000000000000000FF
:20022C0085F81001913000FFD9FF189654FF370F6EF18FFF83113C01914000A6D9AA4089C4
:20024C000D0080043B0098F0CD4FE00F0D00C004913000FFD9FF189654FF2E1B8F2100F0E0
:20026C00960154F0370070088F000100A60F74FF8F2100F0960254F0370070088F00010075
:20028C00A60F74FF54FFDA00B70F81F0CDCF20090D00C0040D00C004DA00B70F81F0CD0F72
:2002AC0004090D00C0040D00C004910003F8D9FF000080FFCD4FE20F0D00C004910006F833
:2002CC00D9FF000C80FFCD0FE20F0D00C004914000F6D9FF80C980FFCD8FE20F0D00C0048C
:2002EC00913000FFD9FF189654FF2E1B8F2100F0960154F0370070088F000100A60F74FF2E
:20030C0006218F3140F154F0370070088F000100A60F74FF54FF91000000D90000009100C0
:20032C000010D911000091000080D988000091000090D9990000914000F6D9FFC009914079
:20034C000026D922C00BA004802080FFA2F0DA404BF0114282003C1E80FFB70F1CF08F4F9D
:20036C001F1080FFBBF0FF2F0662262F06AFA6F1F606CD81E30F0D00C0043C0274419AD473
:20038C007E05CDC1E30F0D00C00440F449FF001AC2103F40E3FFDA00744F0D0080040D0079
:2003AC00C0046DE87543BB7071FB9B1F8DF34BF241F04B0F71013C0185FF1001A28F3F0F04
:2003CC00FDFF9140884F910003FAD9FF208080F46DE8E943911000F8D9FFD63BDC0F009075
:2003EC0085F81001913000FFD9FF249654FF370F6EF18FFF83113C01911000A5D9AA40852C
:20040C000D0080043B0098F0CD4FE00F0D00C004913000FFD9FF249654FF2E1B8F2100F012
:20042C00960154F0370070088F000100A60F74FF8F2100F0960254F0370070088F000100B3
:20044C00A60F74FF54FFDA00B70F81F0CDCF20090D00C0040D00C004DA00B70F81F0CD0FB0
:20046C0004090D00C0040D00C004910003F8D9FF004080FFCD4FE20F0D00C004910006F831
:20048C00D9FF000E80FFCD0FE20F0D00C004911000F5D9FF80C580FFCD8FE20F0D00C004FD
:2004AC00913000FFD9FF249654FF2E1B8F2100F0960154F0370070088F000100A60F74FF60
:2004CC0006218F3140F154F0370070088F000100A60F74FF54FF91000000D90000009100FF
:2004EC000010D911000091000080D988000091000090D9990000911000F5D9FFC00591101D
:20050C000025D922C007A004802080FFA2F0DA404BF0114282003C1E80FFB70F1CF08F4FE0
:20052C001F1080FFBBF0FF2F0662262F06AFA6F1F606CD81E30F0D00C0043C0274419AD4B1
:20054C007E05CDC1E30F0D00C00440F449FF001AC2103F40E3FFDA00744F0D0080040D00B7
:20056C00C0046DE89542BB7071FB9B1F8DF34BF241F04B0F71013C0185FF1001A28F3F0F23
:0E058C00FDFF911000F8D9FFD63BDC0F009068
:02000004805F1B
:0ADBA000911000E8D9EEF68FDC0EBC
:0AFBC000911000E8D9EEDC9FDC0E86
:02000004A0005A
:20000000911000F8D9FFF8A2DC0F009000000000000000000000000000000000000000005A
:02000004A0302A
:20020000910003F8D9FF2C80DC0F0090000000000000000000000000000000000000000053
:0C022000910003F8D9FF2CF0DC0F0090D7
:02000004AF400B
:200000007E0059B3000000A0E2E59F801D1A607F00000000000000000000000000000000BA
:200020000000000000000000000000000000000000000000000000000000000000000000C0
:200040000000000000000000000000000000000000000000000000000000000000000000A0
:20006000000000000000000000000000000000000000000000000000000000000000000080
:20008000000000000000000000000000000000000000000000000000000000000000000060
:2000A000000000000000000000000000000000000000000000000000000000000000000040
:2000C000000000000000000000000000000000000000000000000000000000000000000020
:2000E000000000000000000000000000000000000000000000000000000000000000000000
:200100000000000000000000000000000000000000000000000000000000000000000000DF
:200120000000000000000000000000000000000000000000000000000000000000000000BF
:2001400000000000000000000000000000000000000000000000000000000000000000009F
:2001600000000000000000000000000000000000000000000000000000000000000000007F
:2001800000000000000000000000000000000000000000000000000000000000000000005F
:2001A00000000000000000000000000000000000000000000000000000000000000000003F
:2001C00000000000000000000000000000000000000000000000000000000000000000001F
:1401E000000000000000000000000000000000003412214361
:200200007E0059B3000000A0E2E59F801D1A607F00000000000000000000000000000000B8
:200220000000000000000000000000000000000000000000000000000000000000000000BE
:2002400000000000000000000000000000000000000000000000000000000000000000009E
:2002600000000000000000000000000000000000000000000000000000000000000000007E
:2002800000000000000000000000000000000000000000000000000000000000000000005E
:2002A00000000000000000000000000000000000000000000000000000000000000000003E
:2002C00000000000000000000000000000000000000000000000000000000000000000001E
:2002E0000000000000000000000000000000000000000000000000000000000000000000FE
:200300000000000000000000000000000000000000000000000000000000000000000000DD
:200320000000000000000000000000000000000000000000000000000000000000000000BD
:2003400000000000000000000000000000000000000000000000000000000000000000009D
:2003600000000000000000000000000000000000000000000000000000000000000000007D
:2003800000000000000000000000000000000000000000000000000000000000000000005D
:2003A00000000000000000000000000000000000000000000000000000000000000000003D
:2003C00000000000000000000000000000000000000000000000000000000000000000001D
:1403E00000000000000000000000000000000000341221435F
:200400007E0059B3000000A0E2E59F801D1A607F00000000000000000000000000000000B6
:200420000000000000000000000000000000000000000000000000000000000000000000BC
:2004400000000000000000000000000000000000000000000000000000000000000000009C
:2004600000000000000000000000000000000000000000000000000000000000000000007C
:2004800000000000000000000000000000000000000000000000000000000000000000005C
:2004A00000000000000000000000000000000000000000000000000000000000000000003C
:2004C00000000000000000000000000000000000000000000000000000000000000000001C
:2004E0000000000000000000000000000000000000000000000000000000000000000000FC
:200500000000000000000000000000000000000000000000000000000000000000000000DB
:200520000000000000000000000000000000000000000000000000000000000000000000BB
:2005400000000000000000000000000000000000000000000000000000000000000000009B
:2005600000000000000000000000000000000000000000000000000000000000000000007B
:2005800000000000000000000000000000000000000000000000000000000000000000005B
:2005A00000000000000000000000000000000000000000000000000000000000000000003B
:2005C00000000000000000000000000000000000000000000000000000000000000000001B
:1405E00000000000000000000000000000000000341221435D
:200600007E0059B3000000A0E2E59F801D1A607F00000000000000000000000000000000B4
:200620000000000000000000000000000000000000000000000000000000000000000000BA
:2006400000000000000000000000000000000000000000000000000000000000000000009A
:2006600000000000000000000000000000000000000000000000000000000000000000007A
:2006800000000000000000000000000000000000000000000000000000000000000000005A
:2006A00000000000000000000000000000000000000000000000000000000000000000003A
:2006C00000000000000000000000000000000000000000000000000000000000000000001A
:2006E0000000000000000000000000000000000000000000000000000000000000000000FA
:200700000000000000000000000000000000000000000000000000000000000000000000D9
:200720000000000000000000000000000000000000000000000000000000000000000000B9
:20074000000000000000000000000000000000000000000000000000000000000000000099
:20076000000000000000000000000000000000000000000000000000000000000000000079
:20078000000000000000000000000000000000000000000000000000000000000000000059
:2007A000000000000000000000000000000000000000000000000000000000000000000039
:2007C000000000000000000000000000000000000000000000000000000000000000000019
:1407E00000000000000000000000000000000000341221435B
:201000007E0059B3000000A0E2E59F801D1A607F00000000000000000000000000000000AA
:201020000000000000000000000000000000000000000000000000000000000000000000B0
:20104000000000000000000000000000000000000000000000000000000000000000000090
:20106000000000000000000000000000000000000000000000000000000000000000000070
:20108000000000000000000000000000000000000000000000000000000000000000000050
:2010A000000000000000000000000000000000000000000000000000000000000000000030
:2010C000000000000000000000000000000000000000000000000000000000000000000010
:2010E0000000000000000000000000000000000000000000000000000000000000000000F0
:201100000000000000000000000000000000000000000000000000000000000000000000CF
:201120000000000000000000000000000000000000000000000000000000000000000000AF
:2011400000000000000000000000000000000000000000000000000000000000000000008F
:2011600000000000000000000000000000000000000000000000000000000000000000006F
:2011800000000000000000000000000000000000000000000000000000000000000000004F
:2011A00000000000000000000000000000000000000000000000000000000000000000002F
:2011C00000000000000000000000000000000000000000000000000000000000000000000F
:1411E000000000000000000000000000000000003412214351
:201200007E0059B3000000A0E2E59F801D1A607F00000000000000000000000000000000A8
:201220000000000000000000000000000000000000000000000000000000000000000000AE
:2012400000000000000000000000000000000000000000000000000000000000000000008E
:2012600000000000000000000000000000000000000000000000000000000000000000006E
:2012800000000000000000000000000000000000000000000000000000000000000000004E
:2012A00000000000000000000000000000000000000000000000000000000000000000002E
:2012C00000000000000000000000000000000000000000000000000000000000000000000E
:2012E0000000000000000000000000000000000000000000000000000000000000000000EE
:201300000000000000000000000000000000000000000000000000000000000000000000CD
:201320000000000000000000000000000000000000000000000000000000000000000000AD
:2013400000000000000000000000000000000000000000000000000000000000000000008D
:2013600000000000000000000000000000000000000000000000000000000000000000006D
:2013800000000000000000000000000000000000000000000000000000000000000000004D
:2013A00000000000000000000000000000000000000000000000000000000000000000002D
:2013C00000000000000000000000000000000000000000000000000000000000000000000D
:1413E00000000000000000000000000000000000341221434F
:201400007E0059B3000000A0E2E59F801D1A607F00000000000000000000000000000000A6
:201420000000000000000000000000000000000000000000000000000000000000000000AC
:2014400000000000000000000000000000000000000000000000000000000000000000008C
:2014600000000000000000000000000000000000000000000000000000000000000000006C
:2014800000000000000000000000000000000000000000000000000000000000000000004C
:2014A00000000000000000000000000000000000000000000000000000000000000000002C
:2014C00000000000000000000000000000000000000000000000000000000000000000000C
:2014E0000000000000000000000000000000000000000000000000000000000000000000EC
:201500000000000000000000000000000000000000000000000000000000000000000000CB
:201520000000000000000000000000000000000000000000000000000000000000000000AB
:2015400000000000000000000000000000000000000000000000000000000000000000008B
:2015600000000000000000000000000000000000000000000000000000000000000000006B
:2015800000000000000000000000000000000000000000000000000000000000000000004B
:2015A00000000000000000000000000000000000000000000000000000000000000000002B
:2015C00000000000000000000000000000000000000000000000000000000000000000000B
:1415E00000000000000000000000000000000000341221434D
:201600007E0059B3000000A0E2E59F801D1A607F00000000000000000000000000000000A4
:201620000000000000000000000000000000000000000000000000000000000000000000AA
:2016400000000000000000000000000000000000000000000000000000000000000000008A
:2016600000000000000000000000000000000000000000000000000000000000000000006A
:2016800000000000000000000000000000000000000000000000000000000000000000004A
:2016A00000000000000000000000000000000000000000000000000000000000000000002A
:2016C00000000000000000000000000000000000000000000000000000000000000000000A
:2016E0000000000000000000000000000000000000000000000000000000000000000000EA
:201700000000000000000000000000000000000000000000000000000000000000000000C9
:201720000000000000000000000000000000000000000000000000000000000000000000A9
:20174000000000000000000000000000000000000000000000000000000000000000000089
:20176000000000000000000000000000000000000000000000000000000000000000000069
:20178000000000000000000000000000000000000000000000000000000000000000000049
:2017A000000000000000000000000000000000000000000000000000000000000000000029
:2017C000000000000000000000000000000000000000000000000000000000000000000009
:1417E00000000000000000000000000000000000341221434B
:04000005A000000057
:00000001FF
